DATE,OPEN,HIGH,LOW,CLOSE,VOLUME,
03/01/2005,238.19894877205,239.17545983583,236.280802039625,238.19894877205,1031091
04/01/2005,239.2452106261,246.464417419045,237.98969640124,244.999650823375,2377765
05/01/2005,244.8252738477,250.33558627903,234.606783073145,243.116379486085,3886135
06/01/2005,242.7327501396,248.59181652228,237.152686918,239.66371536772,2954242
07/01/2005,247.47580387796,247.47580387796,239.9427185288,244.47651989635,1817394
10/01/2005,244.8252738477,248.80106889309,239.280086021235,240.6402264315,1531063
11/01/2005,239.9427185288,243.08150409095,231.747000672075,233.002514896935,1999397
12/01/2005,232.793262526125,238.47795193313,230.003230915325,232.40963317964,2458645
13/01/2005,235.722795717465,247.6153054585,234.43240609747,244.720647662295,2590985
14/01/2005,246.2202896531,249.35907521525,239.001082860155,240.465849455825,2869246
17/01/2005,242.0352422369,253.12561788983,238.61745351367,250.230960093625,4035758
18/01/2005,252.70711314821,256.6829081936,248.975445868765,252.183982221185,4204544
19/01/2005,252.672237753075,258.42667795035,251.17259576227,255.043764622255,5605929
20/01/2005,254.625259880635,257.31066530603,237.57119165962,238.61745351367,13441088
24/01/2005,238.5477027234,242.0352422369,238.5477027234,240.36122327042,2209898
25/01/2005,241.3377343342,241.3377343342,235.26941558071,240.186846294745,3413422
27/01/2005,240.6402264315,245.31352937959,239.10570904556,243.29075646176,5084219
28/01/2005,243.4302580423,246.2202896531,242.7327501396,244.929900033105,2139412
31/01/2005,245.5227817504,251.31209734281,245.5227817504,249.21957363471,2461318
01/02/2005,250.12633390822,250.4053370693,246.9177975558,247.75480703904,1568519
02/02/2005,248.208187175795,249.882206142275,246.29004044337,246.84804676553,940018
03/02/2005,247.6153054585,254.52063369523,247.6153054585,253.54412263145,1400183
04/02/2005,251.346972737945,264.84375065519,251.346972737945,262.158345229795,4082722
07/02/2005,262.158345229795,262.2629714152,253.40462105091,254.93913843685,2266777
08/02/2005,253.61387342172,260.58895244872,252.532736172535,257.79892083792,1807577
09/02/2005,258.077923999,262.088594439525,257.72917004765,260.93770640007,1442337
10/02/2005,260.8679556098,267.8430346368,260.8679556098,264.63449828438,2285622
11/02/2005,265.12275381627,269.830932159495,262.61172536655,264.21599354276,1351293
14/02/2005,264.3554951233,265.7505109287,260.1704477071,260.693578634125,1113975
15/02/2005,209.25237081,261.809591278445,209.25237081,260.58895244872,1351156
16/02/2005,260.8679556098,262.19322062493,256.40390503252,257.17116372549,1131263
17/02/2005,256.6829081936,257.3804160963,253.578998026585,255.880774105495,1166229
18/02/2005,255.9854002909,258.077923999,253.230244075235,253.8928765828,1017811
21/02/2005,254.5903844855,254.5903844855,251.38184813308,252.672237753075,893108
22/02/2005,253.1953686801,254.24163053415,249.56832758606,253.82312579253,1079211
23/02/2005,253.1953686801,256.26440345198,251.835228269835,253.12561788983,731507
24/02/2005,253.8928765828,255.56689554928,249.91708153741,250.89359260119,1583815
25/02/2005,251.8003528747,253.82312579253,250.47508785957,251.66085129416,1001759
28/02/2005,252.91636551902,256.996786749815,251.102844972,256.33415424225,1682339
01/03/2005,256.6829081936,258.182550184405,252.21885761632,252.91636551902,1163749
02/03/2005,253.1953686801,257.415291491435,252.532736172535,256.787534379005,1263254
03/03/2005,257.3804160963,259.82169375575,256.6829081936,259.438064409265,909494
04/03/2005,260.1704477071,262.576849971415,259.96119533629,260.833080214665,1058811
07/03/2005,262.9604793179,262.9604793179,255.63664633955,257.24091451576,648921
08/03/2005,257.3804160963,259.717067570345,255.42739396874,256.787534379005,785826
09/03/2005,257.03166214495,259.82169375575,254.24163053415,256.090026476305,1142845
10/03/2005,256.54340661306,258.98468427251,254.72988606604,257.624543862245,833365
11/03/2005,257.72917004765,259.75194296548,255.00888922712,255.671521734685,527809
14/03/2005,255.392518573605,258.077923999,253.718499607125,254.79963685631,813751
15/03/2005,253.8928765828,260.65870323899,251.8003528747,252.462985382265,671263
16/03/2005,253.8928765828,255.91564950063,251.38184813308,251.87010366497,769252
17/03/2005,253.8928765828,255.2878923882,249.7078291666,250.509963254705,1589021
18/03/2005,250.4053370693,251.73060208443,247.05729913634,250.96334339146,962741
21/03/2005,251.765477479565,253.54412263145,251.102844972,251.8003528747,802226
22/03/2005,252.253733011455,252.253733011455,248.73131810282,249.533452190925,1037792
23/03/2005,249.533452190925,251.45159892335,247.54555466823,248.696442707685,850496
24/03/2005,249.0103212639,252.84661472875,248.66156731255,250.509963254705,816797
28/03/2005,257.93842241846,257.93842241846,249.56832758606,250.021707722815,837391
29/03/2005,251.8003528747,251.8003528747,247.371177692555,248.347688756335,1080372
30/03/2005,247.96405940985,251.102844972,246.9177975558,250.12633390822,553122
31/03/2005,251.102844972,253.12561788983,250.4053370693,251.486474318485,667452
01/04/2005,251.52134971362,254.52063369523,249.08007205417,253.858001187665,614947
04/04/2005,253.8928765828,254.5903844855,251.137720367135,252.323483801725,372888
05/04/2005,252.4978607774,253.858001187665,251.87010366497,252.42810998713,611952
06/04/2005,253.1953686801,254.31138132442,252.14910682605,253.54412263145,476491
07/04/2005,253.1953686801,255.21814159793,253.1953686801,254.206755139015,416554
08/04/2005,255.21814159793,255.35764317847,244.860149242835,252.323483801725,811413
11/04/2005,251.102844972,251.102844972,248.487190336875,249.184698239575,372245
12/04/2005,249.184698239575,254.38113211469,247.96405940985,252.323483801725,286331
13/04/2005,252.91636551902,258.043048603865,252.91636551902,255.49714475901,413505
15/04/2005,255.2878923882,255.2878923882,251.102844972,252.462985382265,151782
18/04/2005,252.42810998713,257.03166214495,248.66156731255,253.47437184118,137489
19/04/2005,254.03237816334,257.24091451576,251.277221947675,255.9854002909,280882
20/04/2005,286.6757480097,286.6757480097,249.49857679579,258.740556506565,528714
21/04/2005,258.670805716295,260.763329424395,256.6829081936,259.298562828725,335529
22/04/2005,260.1704477071,263.37898405952,258.077923999,262.54197457628,483015
25/04/2005,262.2629714152,266.86652357302,260.972581795205,262.82097773736,567587
26/04/2005,265.053003026,265.053003026,258.112799394135,258.91493348224,236099
27/04/2005,259.4729398044,259.75194296548,251.87010366497,253.82312579253,305315
28/04/2005,253.96262737307,259.4729398044,247.650180853635,256.299278847115,518493
29/04/2005,256.54340661306,256.54340661306,251.102844972,251.52134971362,203391
02/05/2005,253.1953686801,256.6829081936,250.4053370693,252.91636551902,691734
03/05/2005,255.253016993065,261.49571272223,254.5903844855,260.344824682775,740757
04/05/2005,261.21670956115,262.2629714152,256.89216056441,258.043048603865,529161
05/05/2005,257.3804160963,262.19322062493,257.3804160963,258.42667795035,306103
06/05/2005,260.79820481953,264.3554951233,259.438064409265,263.344108664385,1050987
09/05/2005,265.053003026,267.1455267341,263.065105503305,264.739124469785,652691
10/05/2005,265.053003026,271.156197174625,263.30923326925,269.203175047065,1187924
11/05/2005,269.203175047065,270.56331545733,266.09926488005,268.61029332977,415814
12/05/2005,269.37755202274,275.131992220015,266.4480188314,273.07434390705,676793
13/05/2005,273.07434390705,276.038752493525,271.67932810165,272.830216141105,677031
16/05/2005,279.00316108,279.00316108,271.853705077325,272.7255899557,421806
17/05/2005,273.63235022921,274.8181136638,265.053003026,266.273641855725,434067
18/05/2005,267.1455267341,268.88929649085,263.79748880114,266.4480188314,498886
19/05/2005,267.70353305626,269.9355583449,265.053003026,266.16901567032,237267
20/05/2005,265.053003026,267.110651338965,262.33272220547,263.6579872206,562692
23/05/2005,264.3554951233,266.30851725086,260.8679556098,263.832364196275,619362
24/05/2005,263.832364196275,267.70353305626,263.344108664385,266.413143436265,364008
25/05/2005,266.51776962167,270.49356466706,265.715635533565,268.645168724905,564378
26/05/2005,267.91278542707,269.86580755463,264.00674117195,265.053003026,363005
27/05/2005,266.413143436265,269.72630597409,264.70424907465,266.65727120221,310885
30/05/2005,265.855137114105,267.42452989518,260.902831004935,261.460837327095,262916
31/05/2005,258.077923999,265.33200618708,258.077923999,262.75122694709,456784
01/06/2005,263.58823643033,265.7505109287,262.33272220547,264.250868937895,241708
02/06/2005,265.053003026,265.68076013843,258.84518269197,259.4729398044,397296
03/06/2005,260.10069691683,261.14695877088,258.077923999,260.554077053585,301028
06/06/2005,261.49571272223,265.924887904375,260.10069691683,265.018127630865,554460
07/06/2005,265.19250460654,267.459405290315,263.6579872206,264.98325223573,364969
08/06/2005,265.68076013843,267.00602515356,261.949092858985,264.250868937895,229356
09/06/2005,264.3554951233,269.02879807139,263.483610244925,267.35477910491,602322
10/06/2005,268.47079174923,270.98182019895,265.7505109287,267.877910031935,426030
13/06/2005,269.2380504422,269.2380504422,264.529872098975,266.273641855725,184630
14/06/2005,266.4480188314,268.714919515175,265.12275381627,267.56403147572,206559
15/06/2005,267.8430346368,267.8430346368,265.12275381627,265.924887904375,129961
16/06/2005,267.00602515356,267.8430346368,264.00674117195,264.948376840595,205825
17/06/2005,265.7505109287,266.37826804113,262.9604793179,265.506383162755,207689
20/06/2005,265.924887904375,265.924887904375,262.716351551955,265.12275381627,247842
21/06/2005,265.12275381627,267.1455267341,262.40247299574,263.832364196275,219733
22/06/2005,264.00674117195,272.620963770295,263.72773801087,267.040900548695,752762
23/06/2005,268.19178858815,274.74836287353,265.087878421135,269.86580755463,1356491
24/06/2005,270.56331545733,270.56331545733,267.21527752437,267.877910031935,301172
27/06/2005,268.19178858815,269.2380504422,262.9604793179,263.37898405952,271392
28/06/2005,263.86723959141,266.831648177885,263.16973168871,265.157629211405,523314
29/06/2005,263.6579872206,266.4480188314,246.603918999585,263.72773801087,746493
30/06/2005,263.72773801087,268.19178858815,261.63521430277,264.77399986492,767270
01/07/2005,265.053003026,270.6330662476,262.82097773736,269.133424256795,469751
04/07/2005,270.07505992544,273.4230978584,267.8430346368,271.853705077325,480443
05/07/2005,276.178254074065,276.178254074065,267.49428068545,268.714919515175,382340
06/07/2005,267.91278542707,273.4230978584,267.91278542707,272.86509153624,407987
07/07/2005,272.7255899557,276.945512767035,266.4480188314,268.88929649085,612177
08/07/2005,271.95833126273,276.2131294692,270.70281703787,275.30636919569,462479
11/07/2005,275.79462472758,290.8607954259,275.79462472758,287.72200986375,1591163
12/07/2005,287.72200986375,295.67359995453,284.687850487005,293.825204012375,1140331
13/07/2005,297.1383665502,304.25294715774,293.336948480485,295.150469027505,3307002
14/07/2005,295.53409837399,306.903477188,293.02306992427,296.405983252365,1566939
15/07/2005,296.4408586475,299.57964420965,294.06933177832,298.428756170195,532713
18/07/2005,299.928398161,302.50917740099,296.4408586475,297.661497477225,443965
19/07/2005,299.928398161,310.67001986258,289.4657796205,309.030876291235,1422497
20/07/2005,306.41522165611,312.4835404096,287.408131307535,305.64796296314,788364
21/07/2005,305.43871059233,308.124116017725,299.335516443705,304.04369478693,803791
22/07/2005,303.69494083558,312.4835404096,302.16042344964,309.62375800853,785805
25/07/2005,313.878556215,315.447948996075,307.04297876854,314.15755937608,730237
26/07/2005,313.878556215,313.878556215,305.5084613826,307.81023746151,680417
27/07/2005,310.18176433069,312.27428803879,306.903477188,308.57749615448,436240
28/07/2005,310.18176433069,312.27428803879,306.903477188,308.57749615448,436240
29/07/2005,308.2984929934,312.239412643655,298.219503799385,300.20740132208,988027
01/08/2005,301.60241712748,307.25223113935,296.824487993985,305.752589148545,537122
02/08/2005,305.85721533395,311.22802618474,304.18319636747,309.240128662045,448156
03/08/2005,309.6935087988,311.99528487771,301.567541732345,303.62519004531,589212
04/08/2005,304.8109534799,309.27500405718,302.055797264235,307.635860485835,530287
05/08/2005,307.635860485835,310.04226275015,305.752589148545,307.87998825178,655780
08/08/2005,307.87998825178,310.32126591123,302.0209218691,303.660065440445,411573
09/08/2005,303.48568846477,304.74120268963,297.34761892101,300.34690290262,1382928
10/08/2005,300.6259060637,307.74048667124,300.55615527343,303.34618688423,968913
11/08/2005,303.4159376745,309.6935087988,300.97466001505,306.938352583135,714169
12/08/2005,310.3910167015,315.13407043986,308.43799457394,311.123399999335,1365091
16/08/2005,313.285674497705,319.4586194366,311.43727855555,318.586734558225,1057682
17/08/2005,319.144740880385,326.4336984636,315.9710799231,322.771781974425,582465
18/08/2005,320.853635242,331.66500773385,319.04011469498,327.27070794684,1255048
19/08/2005,329.2237300744,331.10700141169,324.41092554577,328.561097566835,913318
22/08/2005,328.561097566835,331.3162537825,321.097763007945,324.864305682525,544723
23/08/2005,325.0386826582,326.99170478576,320.853635242,324.55042712631,573045
24/08/2005,326.119819907385,326.398823068465,314.64581490797,320.57463208092,985577
25/08/2005,322.9461589501,323.6436668528,317.43584651877,319.59812101714,604229
26/08/2005,320.853635242,331.3162537825,320.1561273393,329.119103888995,831772
29/08/2005,329.537608630615,332.36251563655,324.41092554577,329.188854679265,747987
30/08/2005,330.54899508953,334.73404250573,328.87497612305,332.467141821955,464828
31/08/2005,333.33902670033,335.85005515005,329.9212379771,333.68778065168,693475
01/09/2005,335.187422642485,336.1988091014,331.3162537825,333.12977432952,632892
02/09/2005,333.12977432952,337.24507095545,331.002375226285,335.396675013295,662235
05/09/2005,334.94329487654,338.2913328095,333.513403676005,335.466425803565,526416
06/09/2005,337.24507095545,338.64008676085,332.78102037817,335.326924223025,387599
08/09/2005,335.5013011987,339.54684703436,333.4087774906,337.907703463015,308095
09/09/2005,338.465709785175,338.465709785175,331.80450931439,332.85077116844,659877
12/09/2005,332.85077116844,335.36179961816,332.0137616852,333.025148144115,219919
13/09/2005,332.7112695879,334.45503934465,328.87497612305,329.64223481602,391524
14/09/2005,330.6187458798,332.955397353845,327.863589664135,329.467857840345,680498
15/09/2005,328.561097566835,334.66429171546,327.235832551705,333.373902095465,1193923
16/09/2005,334.803793296,336.54756305275,330.793122855475,331.94401089493,704815
19/09/2005,334.629416320325,336.1988091014,329.2237300744,332.746144983035,671600
20/09/2005,332.885646563575,337.38457253599,329.2237300744,330.26999192845,645823
21/09/2005,329.9212379771,331.490630758175,320.1561273393,327.75896347873,737918
22/09/2005,327.06145557603,327.27070794684,317.400971123635,319.284242460925,492642
23/09/2005,320.71413366146,326.4336984636,317.470721913905,324.48067633604,486672
26/09/2005,326.15469530252,336.1988091014,324.41092554577,334.141160788435,331134
27/09/2005,336.1988091014,336.54756305275,330.6187458798,333.4087774906,526492
28/09/2005,333.4087774906,336.861441608965,332.0137616852,334.001659207895,243275
29/09/2005,335.117671852215,342.790258781915,327.828714269,338.57033597058,4300179
30/09/2005,340.03510256625,346.38242448082,337.66357569707,339.790974800305,1657834
03/10/2005,343.1738881284,345.2664118365,341.15111521057,342.61588180624,418886
04/10/2005,336.26855989167,349.80021320405,336.26855989167,344.98740867542,964211
05/10/2005,344.5689039338,348.370322003515,338.43083439004,345.719791973255,1136956
06/10/2005,345.2664118365,345.2664118365,327.828714269,337.73332648734,705808
07/10/2005,338.2913328095,338.2913328095,328.59597296197,332.64151879763,834771
10/10/2005,332.7112695879,335.536176593835,324.68992870685,326.71270162468,884829
11/10/2005,327.54971110792,331.87426010466,322.2486510474,330.862873645745,555219
13/10/2005,330.6187458798,333.4087774906,323.15541132091,325.52693819009,771210
14/10/2005,325.7361905609,327.1312063663,305.892090729085,308.193866807995,3604999
17/10/2005,313.1810483123,313.1810483123,301.74191870802,310.73977065285,1560414
18/10/2005,312.4835404096,316.80808940634,309.76325958907,312.76254357068,959081
19/10/2005,311.0885246042,316.494210850125,307.775362066375,313.94830700527,714384
20/10/2005,316.633712430665,320.08637654903,307.008103373405,312.90204515122,591905
21/10/2005,314.5760641177,315.2735720204,305.85721533395,311.36752776528,745427
24/10/2005,313.878556215,331.3162537825,310.3910167015,313.355425287975,424294
25/10/2005,313.52980226365,317.71484967985,312.588166595005,315.029444254455,621314
26/10/2005,315.2735720204,317.3660957285,312.867169756085,313.355425287975,396199
27/10/2005,313.1810483123,315.866453737695,302.7184297718,305.08995664098,762772
28/10/2005,303.4159376745,307.984614437185,300.730532249105,302.23017423991,463105
31/10/2005,305.5084613826,313.11129752203,301.3234139664,310.60026907231,275041
02/11/2005,315.447948996075,325.7361905609,312.13478645825,324.13192238469,696650
04/11/2005,315.447948996075,325.7361905609,312.13478645825,324.13192238469,696650
07/11/2005,321.5511431447,327.1312063663,320.853635242,322.31840183767,678603
08/11/2005,322.9461589501,337.24507095545,322.283526442535,332.99027274898,1410281
09/11/2005,331.420879967905,339.6863486149,331.3162537825,338.15183122896,750948
10/11/2005,337.5938249068,341.36036758138,332.43226642682,334.03653460303,411842
11/11/2005,333.4087774906,338.2913328095,333.4087774906,337.24507095545,301532
14/11/2005,366.1916489175,366.1916489175,332.29276484628,334.280662368975,420196
16/11/2005,341.0813644203,341.0813644203,332.7112695879,335.815179754915,301149
17/11/2005,336.1988091014,338.77958834139,332.08351247547,337.24507095545,327640
18/11/2005,332.7112695879,353.21800192728,332.7112695879,351.090602824045,1668727
21/11/2005,353.21800192728,355.694154981865,345.650041182985,347.672814100815,1446308
22/11/2005,348.0564434473,355.205899449975,344.673530119205,349.416583857565,1723813
23/11/2005,349.4514592527,351.090602824045,344.91765788515,350.183842550535,926601
24/11/2005,352.2414908635,356.77529223105,350.183842550535,353.21800192728,989782
25/11/2005,353.950385225115,359.70482542239,352.625120209985,358.902691334285,673108
28/11/2005,360.26283174455,363.75037125805,357.228672367805,361.622972154815,638531
29/11/2005,361.3090935986,368.9816805283,354.40376536187,364.552505346155,1112449
30/11/2005,364.552505346155,368.2841726256,354.3340145716,356.28703669916,835884
01/12/2005,355.729030377,376.30551350665,353.810883644575,373.131852549365,1787387
02/12/2005,376.44501508719,380.00230539096,370.3766963337,375.573130208815,1268459
05/12/2005,373.8642358472,375.9567595553,363.575994282375,365.28488864399,681232
06/12/2005,364.0991252094,370.3766963337,357.1240461824,366.714779844525,614196
07/12/2005,366.1916489175,370.3766963337,365.4941410148,367.02865840074,263272
08/12/2005,364.72688232183,386.4193780958,363.05286335535,372.12046609045,471290
09/12/2005,369.679188431,373.8642358472,369.679188431,370.79520107532,372511
12/12/2005,371.318332002345,373.8642358472,366.296275102905,369.19093289911,216892
13/12/2005,366.017271941825,393.3944571228,365.4941410148,387.919020086605,1647123
14/12/2005,387.919020086605,390.18592077038,378.11903405367,381.74607514771,725985
15/12/2005,382.757461606625,383.629346485,370.620824099645,373.8642358472,435448
16/12/2005,374.63149454017,378.53753879529,367.133284586145,374.178114403415,706683
19/12/2005,383.594471089865,392.13894289794,374.70124533044,387.640016925525,956251
20/12/2005,387.1168859985,396.53324268495,382.58308463095,391.44143499524,1296893
21/12/2005,391.3019334147,391.9994413174,368.2841726256,378.88629274664,578472
22/12/2005,383.629346485,386.69838125688,378.0492832634,384.11760201689,1014591
23/12/2005,383.629346485,387.1168859985,375.32900244287,377.14252298989,540483
26/12/2005,374.91049770125,377.3517753607,364.0991252094,365.07563627318,523734
27/12/2005,364.7966331121,376.654267458,362.84361098454,374.945373096385,445535
28/12/2005,372.39946925153,379.479174463935,366.33115049804,367.93541867425,540355
29/12/2005,368.14467104506,373.410855710445,362.704109404,367.72616630344,1295854
30/12/2005,373.1667279445,374.28274058882,368.9816805283,372.53897083207,531938
02/01/2006,374.5617437499,379.4442990688,368.56317578668,369.993066987215,597887
03/01/2006,372.4692200418,384.25710359743,370.72545028505,381.920452123385,990988
04/01/2006,387.1168859985,389.48841286768,378.88629274664,386.21012572499,919582
05/01/2006,386.21012572499,392.76670001037,383.036464767705,387.919020086605,970779
06/01/2006,389.83716681903,391.267058019565,382.72258621149,389.035032730925,671352
09/01/2006,388.86065575525,391.3019334147,383.69909727527,386.07062414445,419958
10/01/2006,386.07062414445,386.34962730553,375.294127047735,376.30551350665,578722
12/01/2006,376.654267458,380.8393148742,369.679188431,372.60872162234,1142261
13/01/2006,376.654267458,380.1418069715,373.8642358472,374.5617437499,389231
16/01/2006,374.5617437499,387.012259813095,373.23647873477,384.11760201689,899222
17/01/2006,385.0243622904,385.7218701931,377.63077852178,379.200171302855,690207
18/01/2006,372.74822320288,382.059953703925,372.12046609045,376.51476587746,746583
19/01/2006,387.04713520823,387.04713520823,378.0492832634,382.896963187165,871995
20/01/2006,383.97810043635,387.1168859985,379.897679205555,381.5368227769,579433
23/01/2006,315.62232597175,383.629346485,315.62232597175,379.618676044475,227182
24/01/2006,383.28059253365,388.128272457415,379.51404985907,383.454969509325,1533029
25/01/2006,384.3268543877,391.23218262443,383.69909727527,386.00087335418,1436012
27/01/2006,386.00087335418,398.20726165143,386.00087335418,394.16171581577,1000427
30/01/2006,394.7894729282,405.635720815185,392.20869368821,401.41579800385,1052252
31/01/2006,401.41579800385,405.18234067843,398.34676323197,400.50903773034,372324
01/02/2006,400.474162335205,407.48411675734,397.64925532927,401.241421028175,1081116
02/02/2006,404.554583566,415.679834614065,401.7645519552,412.71542602759,1319930
03/02/2006,406.6471072741,414.215068018395,403.264193946005,405.53109462978,441751
06/02/2006,404.554583566,414.73819894542,403.8570756633,412.36667207624,746159
07/02/2006,414.703323550285,423.3872969389,410.309023763275,417.074850419465,714681
08/02/2006,415.0172021065,421.887654948095,410.20439757787,417.17947660487,818650
10/02/2006,419.8997574254,421.259897835665,408.80938177247,410.69265310976,608891
13/02/2006,411.529662593,412.9246783984,408.146749264905,410.34389915841,372299
14/02/2006,409.4371388849,411.494787197865,401.20654563304,403.473446316815,600085
15/02/2006,403.891951058435,408.53037861139,398.34676323197,404.449957380595,633653
16/02/2006,405.32184225897,413.27343234975,405.32184225897,409.29763730436,412641
17/02/2006,414.87770052596,414.87770052596,402.67131222871,405.74034700059,428735
20/02/2006,404.48483277573,419.8997574254,400.02078219845,414.633572760015,536771
21/02/2006,414.3196942038,419.2022495227,411.94816733462,413.517560115695,482944
22/02/2006,414.3196942038,416.377342516765,410.867030085435,413.587310905965,336767
23/02/2006,413.69193709137,417.1097258146,410.8321546903,414.215068018395,614170
24/02/2006,415.0172021065,421.050645464855,412.401547471375,413.69193709137,1094277
27/02/2006,417.03997502433,421.64352718215,414.284818808665,416.90047344379,767688
28/02/2006,431.0598838686,441.696879384775,416.4122179119,436.84919946101,2482797
01/03/2006,435.9424391875,484.7679923765,435.279806679935,477.269782422475,3604159
02/03/2006,479.920312452735,503.6007057494,466.07478058414,469.91107404899,2993222
03/03/2006,475.49113727059,480.5829449603,465.2377711009,476.642025310045,1781557
06/03/2006,481.14095128246,485.4655002792,475.90964201221,477.269782422475,989584
07/03/2006,478.14166730085,512.6683084845,472.98010882087,510.122404639645,2906958
08/03/2006,512.6683084845,519.57363672123,494.5331030143,498.125268713205,3142370
09/03/2006,498.7181504305,526.40921416769,489.72029848567,522.92167465419,3007993
10/03/2006,526.6184665385,542.59139751033,524.59569362067,529.89675368119,2314068
13/03/2006,533.488919380095,539.59211352872,528.885367222275,530.280383027675,1234117
14/03/2006,531.5010218574,544.7536720087,528.048357739035,530.280383027675,2530745
16/03/2006,536.3835771763,536.73233112765,528.7109902466,531.745149623345,1400110
17/03/2006,543.3586562033,543.91666252546,528.676114851465,529.652625915245,1501163
20/03/2006,530.106006052,536.73233112765,530.106006052,533.698171750905,1156793
21/03/2006,534.2910534682,541.82413881736,524.66544441094,527.24622365093,1225563
22/03/2006,525.85120784553,528.7109902466,514.935209168275,518.87612881853,1662681
23/03/2006,521.38715726825,533.94229951685,517.20210985205,530.908140140105,1447263
24/03/2006,530.106006052,537.081085079,527.66472839255,532.582159106585,974302
27/03/2006,532.8960376628,553.1237668411,532.8960376628,548.066834546525,1626670
28/03/2006,549.6362273276,552.391383543265,540.63837538277,543.84691173519,844870
29/03/2006,546.8772884688,551.1057211116,540.81653501412,549.16768948365,955079
30/03/2006,552.5151986592,558.1531088496,546.172549695,551.59903825326,1248684
31/03/2006,555.86270783475,562.91009557275,548.2867660164,551.24666886636,1101981
03/04/2006,553.9246762068,566.64521107389,553.9246762068,561.3244333317,1026676
04/04/2006,565.16525964891,569.0765598435,557.13123762759,560.44350986445,643523
05/04/2006,562.34630455371,596.84326753122,559.70353415196,591.2758312182,1637830
07/04/2006,592.6853087658,647.93682863172,587.85784816527,624.92710766715,6240193
10/04/2006,620.170120944,653.85663433164,582.71325511653,647.61969618351,4143874
12/04/2006,644.835978027,671.47510367664,639.1980678366,642.54557701215,6417000
13/04/2006,640.6075453842,652.55286760011,601.1421740514,633.10207744323,4881694
17/04/2006,641.312284158,666.3305106279,635.35724151939,661.0449698244,2438839
18/04/2006,665.978141241,670.9113126576,651.1786269912,659.52978146073,1968828
19/04/2006,668.65614858144,687.01459363893,654.42042535068,682.22236997709,3799734
20/04/2006,689.2345207764,689.2345207764,676.76064448014,679.3681779432,1842137
21/04/2006,682.82139793482,691.41921097518,665.37911328327,678.52249141464,2038994
24/04/2006,680.03767977831,682.5395024253,672.95505510162,676.05590570634,1097968
25/04/2006,676.33780121586,676.33780121586,645.36453210735,651.42528556203,1151354
26/04/2006,651.03767923644,687.120304455,648.359671896,682.39855467054,2177292
27/04/2006,689.9392595502,689.9392595502,648.53585658945,658.33172554527,1758339
28/04/2006,623.79952562907,677.9587003956,623.79952562907,671.75699918616,2305762
02/05/2006,718.833549276,749.1373165494,688.67072975736,698.53707259056,3206862
03/05/2006,694.167692193,708.262467669,682.29284385447,694.44958770252,3956235
04/05/2006,694.8724309668,705.7958819607,682.1871330384,687.15554139369,2180374
05/05/2006,689.16404689902,699.1008636096,680.14339059438,695.96477606619,2095152
08/05/2006,697.691386062,715.309855407,692.0534758716,709.81289297136,1361945
09/05/2006,718.833549276,720.87729172002,701.25031686969,706.78251624402,1767273
10/05/2006,708.19199379162,710.3766839904,683.596610586,688.70596669605,2069237
11/05/2006,707.5577288952,707.5577288952,669.67801980345,680.03767977831,1342120
12/05/2006,679.3681779432,679.3681779432,628.41556459746,632.46781254681,4120139
15/05/2006,620.170120944,641.312284158,595.53950079969,608.08385097333,3132928
16/05/2006,627.07656092724,642.3693923187,581.409488385,637.33051008603,3214124
17/05/2006,641.312284158,650.05104495312,634.26489642,640.39612375206,1479970
18/05/2006,634.26489642,635.6743739676,553.219937433,563.50912353048,3261053
19/05/2006,577.885794516,591.91009611462,503.888223267,529.39976687856,3457921
22/05/2006,542.648855826,549.696243564,423.5480030538,512.09842998177,2273557
23/05/2006,527.8493415762,545.4678109212,493.31714166,530.49211197795,2013420
24/05/2006,534.1919905404,556.743631302,519.60389792274,542.04982786827,2215349
25/05/2006,531.3730354452,577.1810557422,517.982998743,558.5054782365,2588981
26/05/2006,560.267325171,582.1142271588,554.6294149806,563.22722802096,1921442
29/05/2006,566.6099741352,584.2284434802,557.37789619842,563.75578210131,1864939
30/05/2006,563.79101904,572.56501677381,543.42406847718,549.66100662531,1453724
31/05/2006,521.506692612,541.9441170522,506.74241530089,537.64521053202,3534958
01/06/2006,546.172549695,549.97813907352,518.05347262038,521.96477281497,2709588
02/06/2006,521.506692612,558.04739803353,518.12394649776,554.20657171632,2485500
05/06/2006,552.44472478182,596.9137414086,521.68287730545,523.44472423995,1487924
06/06/2006,513.7545661002,531.16161381306,504.87485755032,511.95748222701,1769296
07/06/2006,507.411917136,522.9161701596,493.31714166,499.6597906242,2312721
08/06/2006,500.364529398,509.1737640705,481.3365825054,493.81045880166,3489308
09/06/2006,503.888223267,537.0109456356,493.31714166,531.97206340293,1687873
12/06/2006,537.0109456356,537.0109456356,499.06076266647,504.48725122473,1362024
13/06/2006,493.31714166,504.38154040866,482.746060053,496.77036165162,2388280
14/06/2006,498.9550518504,517.982998743,476.61483272094,490.07534330052,3052312
15/06/2006,507.411917136,525.030386481,501.21021592656,519.18105465846,1966713
16/06/2006,525.030386481,539.125161957,508.18712978718,515.93925629898,2026967
19/06/2006,515.8687824216,543.7059639867,501.7740069456,540.39369174984,1874086
20/06/2006,528.76550198214,541.9441170522,516.04496711505,535.63670502669,1402824
21/06/2006,531.65493095472,548.9915047902,528.55408035,542.2964864391,1285129
22/06/2006,550.4009823378,558.78737374602,543.42406847718,548.95626785151,1260496
23/06/2006,539.125161957,556.00365558951,533.1348823797,554.06562396156,1197290
26/06/2006,552.5151986592,554.2770455937,521.54192955069,525.84083607087,1021235
27/06/2006,528.55408035,537.7156844094,515.1640436478,531.90158952555,1672115
28/06/2006,524.6780170941,540.1822701177,514.459304874,525.91130994825,1474409
29/06/2006,528.55408035,534.1919905404,517.982998743,521.57716648938,645280
30/06/2006,535.2490987011,555.3341537544,532.18348503507,552.47996172051,1491907
03/07/2006,554.10086090025,559.52734945851,548.39247683247,550.85906254077,865534
04/07/2006,551.73998600802,565.05954883284,551.1057211116,557.13123762759,1131346
05/07/2006,553.219937433,574.362100647,551.8104598854,572.35359514167,1641499
06/07/2006,566.43378944175,579.2952720636,563.96720373345,573.90402044403,1912100
07/07/2006,577.1810557422,582.67801817784,555.3341537544,559.10450619423,1720332
10/07/2006,555.3341537544,573.3049924863,555.3341537544,571.29648698097,1233168
11/07/2006,574.99636554342,580.0000108374,566.6099741352,577.11058186482,1495935
12/07/2006,568.75942739529,591.6282006051,563.79101904,588.70353469383,1366586
13/07/2006,591.980569992,596.34995038956,582.8189659326,590.60632938309,1345889
14/07/2006,550.71811478601,591.980569992,535.601468088,588.456876123,1239858
17/07/2006,587.7521373492,593.24909978484,574.53828534045,578.66100716718,1358324
18/07/2006,577.885794516,584.5808128671,561.00730088349,575.13731329818,1497897
19/07/2006,584.933182254,588.456876123,547.2296578557,550.18956070566,3781577
20/07/2006,563.79101904,577.885794516,557.4483700758,572.9526230994,2265002
21/07/2006,572.9526230994,572.9526230994,551.91617070147,556.42649885379,1148174
24/07/2006,556.743631302,561.53585496384,535.74241584276,556.743631302,1194112
25/07/2006,566.6099741352,580.3523802243,563.79101904,578.2381639029,1506786
26/07/2006,577.885794516,588.1045067361,573.90402044403,584.51033898972,1218572
27/07/2006,586.97692469802,590.43014468964,580.73998654989,586.58931837243,1274858
28/07/2006,588.456876123,603.2563903728,584.5808128671,598.49940364965,1278453
31/07/2006,603.46781200494,609.03524831796,590.5710924444,594.65857733244,808756
01/08/2006,600.7898046645,627.217508682,584.933182254,602.26975608948,1367062
02/08/2006,603.2563903728,614.39126299884,599.76793344249,612.03038810661,1560091
03/08/2006,613.122733206,617.3511658488,604.17255077874,607.20292750608,1390724
04/08/2006,607.66100770905,615.51884503692,603.2563903728,607.30863832215,1440274
07/08/2006,606.075345468,608.1895617894,597.9708495693,599.97935507463,537081
08/08/2006,601.63549119306,611.25517545543,601.63549119306,609.52856545962,700792
09/08/2006,607.41434913822,615.51884503692,604.17255077874,611.3608862715,1017986
10/08/2006,611.0085168846,620.8748597178,610.3037781108,617.24545503273,922565
11/08/2006,616.646427075,626.5127699082,609.9514087239,620.73391196304,1035187
14/08/2006,621.5795984916,627.217508682,617.49211360356,625.66708337964,695976
16/08/2006,627.217508682,632.8554188724,622.2843372654,624.57473828025,909041
17/08/2006,628.6269862296,632.08020622122,617.03403340059,627.00608704986,897657
18/08/2006,627.49940419152,639.1980678366,626.5127699082,636.3791127414,1150250
21/08/2006,639.1980678366,646.17498169722,634.26489642,643.56744823416,843661
22/08/2006,643.7788698663,648.32443495731,636.27340192533,639.62091110088,799104
23/08/2006,639.12759395922,641.24181028062,628.2746168427,630.42407010279,475517
24/08/2006,633.5601576462,644.02552843713,624.22236889335,642.7217617056,849178
25/08/2006,645.5407168008,647.6549331222,637.89430110507,640.50183456813,545686
28/08/2006,635.6743739676,646.2454555746,635.6743739676,643.84934374368,410203
29/08/2006,645.5407168008,649.7691494436,641.312284158,642.96842027643,511956
30/08/2006,642.7217617056,651.883365765,639.1980678366,649.94533413705,776472
31/08/2006,651.883365765,655.19563800186,637.85906416638,641.13609946455,849757
01/09/2006,637.788590289,647.6549331222,637.788590289,644.02552843713,650704
04/09/2006,644.835978027,651.883365765,644.835978027,648.78251516028,436994
05/09/2006,650.40341434002,666.36574756659,646.77400965495,664.35724206126,1221269
06/09/2006,668.0923575624,670.9113126576,658.36696248396,662.56015818807,690443
07/09/2006,655.407059634,669.81896755821,655.407059634,668.16283143978,611584
08/09/2006,669.81896755821,674.4350065266,662.63063206545,666.89430164694,505663
11/09/2006,667.3876187886,669.50183511,628.23937990401,638.66951375625,704277
12/09/2006,636.3791127414,656.8165371816,630.0364637772,654.87850555365,1034964
13/09/2006,657.5212759554,663.8639249196,653.9975820864,656.64035248815,536977
14/09/2006,664.5686636934,669.50183511,658.930753503,665.80195654755,797768
15/09/2006,668.05712062371,675.70353631944,662.52492124938,672.6731595921,820021
18/09/2006,675.42164080992,680.7776554908,670.59418020939,673.58931999804,507722
19/09/2006,673.58931999804,678.17012202774,656.4641677947,662.38397349462,567988
20/09/2006,662.454447372,671.6160514314,656.1117984078,668.33901613323,356657
21/09/2006,673.025528979,685.7108269074,669.50183511,683.42042589255,730488
22/09/2006,686.4155656812,692.0534758716,680.7776554908,689.65736404068,802499
25/09/2006,686.4155656812,692.7582146454,677.9587003956,681.69381589674,306002
26/09/2006,678.13488508905,690.643998324,665.978141241,688.5297820026,385325
27/09/2006,689.9392595502,697.65614912331,686.80317200679,692.30013444243,709425
28/09/2006,694.167692193,700.5103411572,683.9489799729,687.29648914845,630005
29/09/2006,686.7679350681,704.0340350262,686.7679350681,700.12273483161,602994
03/10/2006,700.5103411572,706.64156848926,696.9866472882,698.57230952925,577864
04/10/2006,699.8056023834,701.215079931,684.12516466635,689.76307485675,861231
05/10/2006,696.07048688226,698.99515279353,690.57352444662,693.18105790968,622892
06/10/2006,696.2819085144,700.65128891196,693.8153228061,695.43622198584,335363
09/10/2006,689.9392595502,701.215079931,689.2345207764,691.13731546566,509498
10/10/2006,697.62091218462,702.9769268655,694.167692193,695.61240667929,515117
11/10/2006,701.28555380838,701.28555380838,681.23573569377,684.6537187467,613106
12/10/2006,686.4155656812,701.14460605362,678.6634391694,697.691386062,386440
13/10/2006,699.1008636096,711.36331827372,691.3487370978,708.89673256542,768132
16/10/2006,711.96234623145,716.0145941808,703.3292962524,706.00730359284,726511
17/10/2006,706.8529901214,711.92710929276,697.97328157152,701.46173850183,440155
18/10/2006,701.99029258218,708.12151991424,692.65250382933,699.31228524174,542956
19/10/2006,701.215079931,704.7387738,685.0060881336,692.08871281029,624585
20/10/2006,695.5771697406,701.9198187048,682.1871330384,688.98786220557,985068
23/10/2006,687.15554139369,690.57352444662,684.33658629849,687.01459363893,345034
26/10/2006,694.37911382514,694.37911382514,683.9489799729,686.83840894548,575641
27/10/2006,690.43257669186,697.691386062,686.83840894548,693.35724260313,359216
30/10/2006,694.167692193,698.21994014235,688.5297820026,692.65250382933,360621
31/10/2006,692.0534758716,692.65250382933,679.50912569796,681.34144650984,793230
01/11/2006,684.3013493598,696.2819085144,679.65007345272,689.34023159247,852233
02/11/2006,690.643998324,697.691386062,690.643998324,692.61726689064,459796
03/11/2006,690.643998324,711.786161538,686.4155656812,709.74241909398,902598
06/11/2006,698.46659871318,722.357243145,648.21872414124,718.26975825696,1074516
07/11/2006,720.9477655974,720.9477655974,698.46659871318,709.84812991005,616574
08/11/2006,709.6719452166,711.57473990586,695.2248003537,703.89308727144,771211
09/11/2006,703.89308727144,710.27097317433,701.28555380838,703.08263768157,457929
10/11/2006,713.9003778594,719.1859186629,691.3487370978,715.45080316176,957789
13/11/2006,716.0145941808,725.5285676271,711.786161538,718.58689070517,662417
14/11/2006,718.1288105022,723.34387742832,706.8529901214,709.81289297136,713760
15/11/2006,713.1956390856,720.9477655974,705.69017114463,718.37546907303,574545
16/11/2006,720.9477655974,770.9842185372,715.06319683617,764.46538487955,2556858
17/11/2006,771.688957311,782.08385422455,752.34387797019,773.0984348586,2500571
20/11/2006,761.85785141649,770.9842185372,732.2235859782,744.16890819411,1006050
21/11/2006,741.3851900376,761.8226144778,741.3851900376,758.01702509928,599480
22/11/2006,761.117875704,764.641569573,751.9562716446,756.43136285823,348808
23/11/2006,759.0036593826,764.641569573,750.546794097,753.47146000827,406718
24/11/2006,753.47146000827,761.8226144778,747.7278390018,756.67802142906,216423
27/11/2006,756.8894430612,785.783732787,756.25517816478,781.5553001442,670040
28/11/2006,778.736345049,789.307426656,768.165263442,774.89551873179,703300
29/11/2006,776.34023321808,810.52006374738,775.21265118,807.24302844921,723860
30/11/2006,810.44958987,812.9161755783,786.55894543818,795.6500756202,965133
01/12/2006,801.9927245844,804.8116796796,792.19685562858,797.34144867732,356014
04/12/2006,799.878508263,842.02188693624,798.4690307154,829.37182594653,1553884
05/12/2006,835.15068389169,835.15068389169,803.78980845759,820.98543453831,431866
06/12/2006,803.7545715189,830.8870143102,803.7545715189,807.13731763314,677748
07/12/2006,806.925896001,813.973283739,794.34630888867,798.64521540885,727234
08/12/2006,806.925896001,806.925896001,773.0984348586,778.77158198769,687986
11/12/2006,785.64278503224,785.64278503224,713.33658684036,730.32079128894,1026974
12/12/2006,735.67680596982,742.72419370782,641.312284158,682.5395024253,1787464
13/12/2006,689.2345207764,718.1288105022,669.50183511,708.15675685293,1343901
14/12/2006,718.1288105022,731.37789944964,708.262467669,725.03525048544,924705
15/12/2006,732.928324752,755.4799655136,730.1093696568,747.30499573752,783003
18/12/2006,761.08263876531,761.08263876531,714.11179949154,744.2041451328,825719
19/12/2006,740.01094942869,753.3657491922,708.65007399459,718.1288105022,770572
20/12/2006,728.6998921092,744.9088839066,713.1956390856,721.68774130989,823551
21/12/2006,718.833549276,730.1093696568,705.61969726725,725.84570007531,568022
22/12/2006,697.65614912331,742.40706125961,697.65614912331,740.11666024476,440038
26/12/2006,736.452018621,755.4799655136,736.452018621,748.96113185595,453374
27/12/2006,753.0133798053,764.21872630872,750.546794097,756.43136285823,415718
28/12/2006,756.43136285823,764.641569573,752.02674552198,758.2989206088,349280
29/12/2006,763.2320920254,774.5079124062,758.2989206088,765.73391467239,463128
02/01/2007,772.3936960848,773.02796098122,763.30256590278,770.24424282471,261173
03/01/2007,761.117875704,778.31350178472,751.9562716446,756.60754755168,429012
04/01/2007,763.5844614123,768.02431568724,749.8420553232,755.33901775884,448277
05/01/2007,761.117875704,761.117875704,736.52249249838,743.28798472686,319430
08/01/2007,743.499406359,746.98786328931,718.86878621469,724.92953966937,311429
09/01/2007,729.404630883,734.90159331864,713.30134990167,722.7096125319,507420
10/01/2007,718.833549276,729.404630883,708.9672064428,718.72783845993,515779
11/01/2007,722.357243145,741.06805758939,718.833549276,739.13002596144,376949
12/01/2007,734.40827617698,752.97814286661,734.40827617698,750.44108328093,288401
15/01/2007,748.4325777756,768.94047609318,739.2709737162,764.57109569562,332213
16/01/2007,766.68531201702,778.45444953948,758.2989206088,776.34023321808,465813
17/01/2007,782.260038918,788.6026878822,766.19199487536,771.44229874017,263635
18/01/2007,771.688957311,781.5553001442,761.89308835518,772.32322220742,227401
19/01/2007,774.5079124062,787.8979491084,764.641569573,781.48482626682,434434
22/01/2007,782.9647776918,794.9453368464,773.0984348586,786.10086523521,352124
23/01/2007,771.688957311,789.37790053338,726.5856757878,731.34266251095,1816771
24/01/2007,736.452018621,746.98786328931,718.93926009207,723.55529906046,1094870
25/01/2007,731.8712165913,741.3851900376,719.60876192718,732.89308781331,721055
29/01/2007,740.22237106083,743.99272350066,727.9951533354,734.58446087043,327113
31/01/2007,741.3851900376,741.3851900376,716.82504377067,719.11544478552,662476
01/02/2007,728.6998921092,742.0899288114,715.38032928438,729.15797231217,1040764
02/02/2007,732.928324752,745.40220104826,730.32079128894,733.56258964842,478519
05/02/2007,736.02917535672,739.2709737162,721.47631967775,733.24545720021,334716
06/02/2007,735.7472798472,745.6136226804,731.55408414309,736.17012311148,345442
07/02/2007,738.5662349424,754.4228573529,735.78251678589,748.64399940774,693494
08/02/2007,750.546794097,757.38276020286,747.023100228,751.63913919639,488197
09/02/2007,736.452018621,755.4799655136,726.05712170745,729.43986782169,529382
12/02/2007,729.43986782169,729.43986782169,704.7387738,716.3669635677,972369
13/02/2007,718.833549276,721.58203049382,694.5200615799,712.03282010883,624665
14/02/2007,703.47024400716,727.2904145616,694.8724309668,718.41070601172,969485
15/02/2007,726.5856757878,732.2235859782,713.58324541119,717.17741315757,1149253
19/02/2007,722.28676926762,724.26003783426,713.26611296298,715.87364642604,838965
20/02/2007,722.357243145,722.357243145,706.21872522498,714.46416887844,733129
21/02/2007,722.32200620631,722.32200620631,697.691386062,708.05104603686,552871
22/02/2007,704.7387738,710.34144705171,666.40098450528,676.44351203193,1380944
23/02/2007,687.120304455,687.120304455,630.741202551,644.44837170141,2197598
26/02/2007,641.24181028062,675.8444840742,641.24181028062,664.25153124519,812545
27/02/2007,665.978141241,679.7205473301,662.63063206545,677.14825080573,571523
28/02/2007,651.883365765,657.8736453423,602.551651599,635.6743739676,2865484
01/03/2007,635.70961090629,644.835978027,593.46052141698,617.56258748094,1872646
02/03/2007,623.693814813,628.9793556165,599.02795773,602.16404527341,944848
05/03/2007,605.3706066942,605.3706066942,564.4957578138,571.82504106132,1007467
06/03/2007,577.885794516,608.8943005632,570.80316983931,600.7898046645,1039298
07/03/2007,608.8943005632,611.7132556584,528.55408035,571.1907761649,2030485
08/03/2007,578.5905332898,593.3900475396,552.55043559789,587.15310939147,1665941
09/03/2007,591.980569992,602.551651599,543.45930541587,550.50669315387,4313281
12/03/2007,549.696243564,566.53950025782,517.13731221444,526.22844239646,2563541
13/03/2007,541.9441170522,627.217508682,519.11058078108,528.09600014703,4106449
14/03/2007,519.28660955322,543.37759614792,504.58032072153,537.15708766899,2654243
15/03/2007,539.35044615,557.07709748013,522.8103658014,526.26220865676,1580615
16/03/2007,529.06683097674,533.5973747244,514.32458544864,520.04170017783,1211794
19/03/2007,524.967767586,535.3952095449,517.88429839323,531.69166981467,925696
20/03/2007,535.754776509,547.90813989558,532.159106868,538.77513900744,1156582
21/03/2007,540.7887140064,547.9800532884,530.07361847622,541.32806445255,1695976
22/03/2007,542.946115791,549.0587541807,536.15030016951,542.01124168434,1389079
23/03/2007,542.946115791,561.6435979242,533.02206758184,536.68965061566,1743819
26/03/2007,539.35044615,542.946115791,525.36329124651,527.55664972752,620848
28/03/2007,527.01729928137,532.159106868,519.9338300886,528.34769704854,854941
29/03/2007,527.8443032988,533.5973747244,522.8103658014,528.38365374495,1459171
30/03/2007,531.29614615416,536.43795374079,525.6869015142,528.74322070905,819660
02/04/2007,517.776428304,524.89585419318,502.20717875847,506.59389572049,637955
03/04/2007,509.1468211656,516.3381604476,497.74854840363,506.48602563126,1054327
04/04/2007,489.011071176,517.56068812554,487.64471671242,513.71332160967,2941263
05/04/2007,513.96501848454,529.24661445879,510.72891580764,519.07086937476,1377973
09/04/2007,524.2486336578,535.25138275926,522.4507988373,533.34567784953,688120
10/04/2007,534.3165086526,541.8674148987,527.4847363347,537.40878454386,929355
11/04/2007,535.754776509,537.26495775822,511.6637899143,526.72964571009,759632
12/04/2007,523.5294997296,527.77238990598,517.95621178605,522.34292874807,440844
13/04/2007,524.85989749677,539.35044615,522.0912318732,538.12791847206,822711
16/04/2007,539.42235954282,568.79898050979,539.42235954282,564.73587381546,991177
17/04/2007,568.115803278,586.8132854112,562.43464524522,581.56360773534,1948225
18/04/2007,583.9367496984,596.73733362036,583.9367496984,587.02902558966,1319373
19/04/2007,585.15927737634,588.2515532676,562.83016890573,567.21688586775,1712027
20/04/2007,574.5880086318,581.49169434252,567.0371023857,569.51811443799,975698
23/04/2007,573.1497407754,580.3410800574,563.87291310162,572.46656354361,943580
24/04/2007,572.46656354361,592.49444344398,567.10901577852,587.49646264299,1023937
25/04/2007,588.9706871958,601.1959639752,583.9367496984,599.07451888701,1010153
26/04/2007,600.58470013623,610.9042720059,594.3641916573,597.49242424497,782442
27/04/2007,596.1620264778,600.18917647572,586.094151483,591.45169924809,762938
30/04/2007,593.06975058654,604.86354700902,582.67826532405,603.49719254544,375419
03/05/2007,609.8255711136,620.6125800366,607.668169329,612.95380370127,499510
04/05/2007,618.63496173405,632.837856816,614.93142200382,618.0956112879,636473
07/05/2007,622.050847893,630.82428181704,613.4212407546,620.07322959045,540470
08/05/2007,616.2977764674,644.7035666313,611.26383897,637.18861708161,2962488
09/05/2007,637.18861708161,639.23814877698,624.2082496776,628.8826202109,506544
10/05/2007,631.90298270934,634.2761246724,626.0060844981,629.17027378218,660135
11/05/2007,617.08882378842,622.050847893,601.30383406443,611.65936263051,902745
14/05/2007,614.89546530741,628.5230532468,614.89546530741,625.17908048067,359964
15/05/2007,624.53185994529,640.029196098,620.68449342942,629.81749431756,474290
16/05/2007,636.433526457,636.433526457,624.24420637401,627.19265547963,199434
17/05/2007,634.2761246724,643.48103895336,627.40839565809,638.91453850929,383545
18/05/2007,641.79107422209,652.18255948458,627.0847853904,630.28493137089,560384
21/05/2007,635.7143925288,640.029196098,625.71843092682,627.83987601501,190767
22/05/2007,628.5230532468,642.9057318108,625.646517534,640.42471975851,408802
23/05/2007,640.42471975851,643.48103895336,621.79915101813,635.53460904675,572089
24/05/2007,629.242187175,636.433526457,611.9829728982,619.10239878738,282765
25/05/2007,618.455178252,618.99452869815,606.9490354008,617.05286709201,277668
28/05/2007,624.2082496776,632.72998672677,620.68449342942,626.7252184263,278712
29/05/2007,626.7252184263,628.5230532468,620.2530130725,625.79034431964,345913
30/05/2007,611.26383897,633.52103404779,553.58929792836,618.70687512687,352578
31/05/2007,619.8934461084,624.9273836058,606.26585816901,611.87510280897,686114
01/06/2007,625.646517534,625.646517534,611.87510280897,612.95380370127,189188
04/06/2007,617.7360443238,619.78557601917,599.7576961188,602.31062156391,295714
05/06/2007,606.80520861516,606.80520861516,595.51480594242,601.30383406443,379857
06/06/2007,601.9150979034,606.15798807978,586.094151483,591.16404567681,375380
07/06/2007,586.8132854112,596.73733362036,576.7454104164,578.47133184408,368182
08/06/2007,575.30714256,576.7454104164,546.541785432,551.68359301863,853111
11/06/2007,540.57297382794,566.60562202878,540.57297382794,548.91492739506,526167
12/06/2007,555.8905264986,583.79292291276,545.1035175756,579.51407603997,1323675
13/06/2007,568.18771667082,588.82686041016,566.78540551083,574.5880086318,756364
14/06/2007,582.498481842,599.00260549419,576.0262764882,593.53718763987,685718
15/06/2007,594.0046246932,602.6342318316,588.53920683888,591.55956933732,339002
18/06/2007,593.285490765,598.24751486958,588.46729344606,593.17762067577,236450
19/06/2007,593.285490765,610.5447050418,589.18642737426,607.52434254336,260221
20/06/2007,610.9042720059,623.77676932068,605.90629120491,611.12001218436,725791
21/06/2007,617.0169103956,619.10239878738,603.38932245621,614.60781173613,275119
22/06/2007,618.455178252,621.97893450018,607.16477557926,612.88189030845,228318
25/06/2007,616.2977764674,621.3317139648,609.17835057822,618.92261530533,237822
26/06/2007,622.050847893,622.050847893,605.5107675444,608.85474031053,441891
27/06/2007,618.455178252,618.455178252,591.20000237322,597.13285728087,793214
28/06/2007,606.5894684367,652.9736068056,606.5894684367,646.5014014518,3220899
29/06/2007,650.816205021,675.985892508,647.97562600461,672.35426617059,1381554
02/07/2007,672.390222867,684.47167286076,660.95599340862,675.87802241877,1029181
03/07/2007,675.87802241877,681.7389639336,671.02386840342,676.23758938287,671836
04/07/2007,681.7389639336,752.89726612899,676.7050264362,735.06274470963,4585063
05/07/2007,736.82462283372,744.303615687,705.4703835642,739.41350497524,2240911
06/07/2007,733.516606764,755.09062461,727.11631480302,748.54650586338,2054424
09/07/2007,751.494954969,758.686294251,727.0444014102,753.58044336078,1372095
10/07/2007,747.899285328,756.45697907358,739.9888121178,744.84296613315,1082725
11/07/2007,736.96844961936,779.5411781688,734.2357406922,770.5520040663,1147348
12/07/2007,778.1029103124,780.9794460252,767.3159013894,773.35662638628,483431
13/07/2007,777.3837763842,807.37166119014,776.664642456,793.67215985793,1323507
16/07/2007,753.97596702129,811.9022049378,739.12585140396,806.43678708348,907995
17/07/2007,806.1491335122,821.2509460044,791.83836834102,797.30378619534,731483
18/07/2007,792.4855888764,823.44430448541,788.8899192354,813.55621297266,1334844
19/07/2007,823.408347789,833.36835269457,805.429999584,824.91852903822,1793707
20/07/2007,830.09629332126,833.4762227838,791.7664549482,797.44761298098,847617
23/07/2007,791.04732102,821.2509460044,787.451651379,815.92935493572,574677
24/07/2007,816.217008507,819.812678148,796.98017592765,802.76920404966,556493
25/07/2007,796.0812585174,796.0812585174,750.0566871126,766.30911388992,1545408
26/07/2007,767.38781478222,776.664642456,724.1678656974,737.4718433691,1600347
27/07/2007,733.516606764,733.516606764,686.772901431,719.34966837846,1093383
30/07/2007,722.58577105536,783.855981738,706.1895174924,739.01798131473,761834
31/07/2007,765.877633533,769.473303174,744.303615687,765.05062951557,878304
01/08/2007,762.89322773097,762.89322773097,690.368571072,695.47442196222,979993
02/08/2007,711.3880044139,735.29471058879,688.1352810827,712.005654877385,1713969
03/08/2007,723.0143660795,744.0871465984,723.0143660795,729.808521177835,1296513
06/08/2007,694.202788576935,719.381128059,694.202788576935,711.75132821595,1331030
07/08/2007,721.5610708713,736.45734675535,712.950296762715,717.746170949775,1218654
08/08/2007,733.1874325369,749.9003274312,723.0143660795,744.995456103525,1021108
09/08/2007,755.677175883795,762.10800718008,723.45035464196,727.119925042665,614291
10/08/2007,698.3083475401,734.6407277451,690.496885796025,728.355225969635,623720
13/08/2007,737.5473181615,743.94181707758,730.2808421205,734.78605726592,463334
14/08/2007,755.56817874318,755.56817874318,716.4745376426,719.30846329859,547452
16/08/2007,704.848175977,744.37780564004,688.1352810827,711.279007273285,932798
17/08/2007,710.6613568098,721.5610708713,672.548689974755,690.82387721787,1484253
20/08/2007,715.7478900385,725.1943088918,695.03843332165,700.161298930555,709579
21/08/2007,712.114652018,712.114652018,674.3289766048,680.21482219801,873554
22/08/2007,675.782271813,695.4017571237,659.94135404362,691.441527681355,853128
23/08/2007,695.03843332165,725.230641272005,695.03843332165,706.59213022684,790897
24/08/2007,719.381128059,739.182275270725,704.848175977,734.168406802435,695818
27/08/2007,737.5473181615,754.9868606599,734.71339250551,753.133909269445,545699
28/08/2007,753.5335654517,760.037061508395,742.6338513902,746.9937370148,421777
29/08/2007,741.180556182,759.3467462845,727.44691646451,756.185829206665,597496
30/08/2007,774.6063459706,784.85207718841,748.59236174382,778.74823731397,1363802
31/08/2007,778.74823731397,782.5994696157,766.940213747345,775.659984996545,440243
03/09/2007,775.18766405388,790.51992850039,769.5198127419,778.45757827233,474969
04/09/2007,786.2327076362,807.3054881551,780.4195268034,797.968066442415,685536
05/09/2007,803.6722501346,806.578840551,782.45414009488,790.774255161825,594893
06/09/2007,787.6860028444,810.9387261756,770.246460346,801.019986379635,862907
07/09/2007,804.68955678034,809.013110024735,787.39534380276,791.282908484695,385643
10/09/2007,787.286346662145,800.54766543697,781.1461744075,794.80714936458,440616
11/09/2007,798.5857169059,812.3920213838,792.045888469,803.01826729091,810394
12/09/2007,805.92485770731,811.6653737797,798.5857169059,800.62033019738,404150
13/09/2007,811.6653737797,826.161993481495,797.8590693018,820.348812648695,785518
14/09/2007,823.07374116407,832.0115066945,800.54766543697,804.507894879315,596834
17/09/2007,807.3054881551,820.3851450289,766.83121660673,807.559814816535,488001
18/09/2007,807.559814816535,820.3851450289,802.9456025305,814.898955617945,407507
19/09/2007,813.845316592,854.31958814037,813.845316592,839.56864177714,1030992
20/09/2007,847.9977539847,851.92165104684,824.89036017432,828.95958675728,885778
21/09/2007,835.644744715,842.76589123518,819.00451458111,823.58239448694,369620
24/09/2007,824.7450306535,842.1845731519,819.73116218521,826.12566110129,687395
25/09/2007,833.24680762147,850.177696797,820.02182122685,836.044400897255,704988
26/09/2007,839.241650355295,853.15695197381,829.1049162781,842.511564573745,900801
27/09/2007,868.3438868995,890.07065026209,843.746865500715,863.69334223326,1284728
28/09/2007,868.3438868995,883.16749802314,847.48910066183,869.86984686811,619602
01/10/2007,875.6103629405,891.08795690783,864.85597839982,879.38893048182,775573
03/10/2007,890.72463310578,916.52062305133,853.847267197705,892.722914017055,930321
04/10/2007,943.878905345695,943.878905345695,873.4304201282,884.584460851135,545413
05/10/2007,887.9633722102,892.10526355357,843.71053312051,855.954545249595,419625
08/10/2007,855.954545249595,893.776553043,797.1324216977,810.321075712115,638203
09/10/2007,787.75866760481,860.532425155425,787.75866760481,854.719244322625,611630
10/10/2007,846.5444587765,893.776553043,846.5444587765,885.674432257285,619316
11/10/2007,887.2367246061,933.0155236644,881.4235437733,915.43065164518,481446
12/10/2007,914.1226859578,947.47581098599,898.8630862717,909.10881748951,1076423
15/10/2007,915.575981166,944.64188533,915.575981166,937.23007976818,445453
16/10/2007,915.575981166,955.5415993915,915.575981166,925.204061920325,976376
17/10/2007,857.80749664005,893.776553043,817.4785546125,874.1570677323,773220
18/10/2007,898.8630862717,903.9496195004,726.6476041,754.441874956825,2174310
19/10/2007,763.05264906541,792.045888469,699.0349951442,720.47109946515,1489697
22/10/2007,701.2149379565,753.38823593088,697.581699936,738.164968624985,1846611
23/10/2007,755.713508264,781.1461744075,749.355341728125,775.11499929347,714238
24/10/2007,781.1461744075,802.9456025305,768.7931651378,783.362449600005,985747
25/10/2007,791.3192408649,795.6791264895,758.6200986804,767.92118801288,567554
26/10/2007,781.8728220116,799.31236451,768.7931651378,784.670415287385,399836
29/10/2007,799.31236451,812.17402710257,774.89700501224,789.72061613588,474343
30/10/2007,806.50617579059,806.50617579059,761.5266890968,777.113280204745,714852
31/10/2007,781.1461744075,791.936891328385,771.6997555542,782.81746389693,443521
01/11/2007,799.276032129795,799.31236451,757.1668034722,765.123594737095,468687
02/11/2007,749.9003274312,762.979984305,733.914080141,750.445313134275,350508
05/11/2007,755.713508264,762.979984305,727.3742517041,733.732418239975,190888
06/11/2007,739.7272609738,755.713508264,735.3673753492,742.05253330692,305850
07/11/2007,748.447032223,761.09070053434,723.0143660795,744.486802780655,345207
08/11/2007,737.5473181615,784.70674766759,725.1943088918,768.684167997185,603534
12/11/2007,716.4745376426,751.3536226394,716.11121384055,740.780899999745,263176
13/11/2007,741.180556182,760.8000414927,734.749724885715,748.447032223,335964
14/11/2007,755.713508264,768.0665175337,752.0802702435,759.49207580532,262992
15/11/2007,790.08393993793,790.22926945875,752.8069178476,760.14605864901,376072
16/11/2007,752.8069178476,780.71018584504,749.1736798271,755.13219018072,502314
19/11/2007,762.2533367009,792.045888469,762.2533367009,787.940329505835,456811
20/11/2007,787.6860028444,823.473397346325,770.246460346,788.92130377137,762748
21/11/2007,787.6860028444,810.2120785715,763.7066319091,785.179068610255,760730
22/11/2007,789.1392980526,807.3054881551,770.246460346,802.50961396804,753411
23/11/2007,810.2120785715,824.0183830494,792.227550370025,809.158439545555,305210
26/11/2007,821.111792633,833.4648019027,810.9387261756,820.058153607055,364584
27/11/2007,821.111792633,826.41632014293,802.9456025305,808.068468139405,316814
28/11/2007,813.845316592,816.67924224799,774.67901073101,783.144455318775,446290
29/11/2007,726.6476041,806.36084626977,634.036366957455,773.08038600199,690897
30/11/2007,774.67901073101,802.2189549264,774.061360267525,792.33654751064,607064
03/12/2007,802.07362540558,810.57540237355,789.8659456567,793.71717795843,467012
04/12/2007,795.6791264895,812.53735090462,786.66869619866,789.684283755675,381956
05/12/2007,791.90055894818,802.763940629475,789.8659456567,794.51649032294,237031
06/12/2007,795.6791264895,805.8521929469,780.4195268034,785.07007146964,208463
07/12/2007,789.1392980526,798.94904070795,768.7931651378,773.66170408527,430886
10/12/2007,779.54754967848,782.635801995905,768.829497518005,773.29838028322,334057
11/12/2007,777.258609725565,791.97322370859,773.8796983665,781.255171548115,269394
12/12/2007,781.8728220116,787.6860028444,767.3398699296,780.20153252217,327041
13/12/2007,781.1461744075,788.4126504485,767.012878507755,773.044053621785,280246
14/12/2007,768.7931651378,806.578840551,763.016316685205,801.56497208271,636467
17/12/2007,807.3054881551,821.03912787259,770.9731079501,776.168638319415,1011967
18/12/2007,775.3329935747,782.5994696157,757.82078631589,775.18766405388,517056
19/12/2007,807.3054881551,807.3054881551,743.3604989943,749.10101506669,694730
20/12/2007,739.0006133697,762.83465478418,720.1077756631,726.465942198975,839034
24/12/2007,781.65482773037,781.65482773037,724.03167272524,727.919237407175,835831
26/12/2007,732.4607849328,743.94181707758,727.483248844715,730.64416592255,507057
27/12/2007,741.144223801795,741.144223801795,725.1943088918,729.40886499558,712731
28/12/2007,733.1874325369,739.0006133697,722.2877184754,734.313736323255,140834
31/12/2007,739.0006133697,750.6269750353,735.3673753492,744.66846468168,674144
01/01/2008,752.0802702435,754.76886637867,735.07671630756,747.248063676235,199990
02/01/2008,748.447032223,753.5335654517,733.914080141,743.396831374505,406742
03/01/2008,738.56462480724,740.09058477585,726.6476041,731.697804948495,464742
04/01/2008,740.74456761954,740.74456761954,722.2877184754,726.393277438565,878761
07/01/2008,726.6476041,733.914080141,705.5748235811,727.991902167585,405377
08/01/2008,727.3742517041,732.17012589116,710.407030148365,715.96588431973,1179008
09/01/2008,705.756485482125,720.8344232672,697.581699936,704.848175977,922322
10/01/2008,704.92084073741,711.89665773677,679.4155098335,682.213103109285,632935
11/01/2008,690.315223895,690.315223895,645.2630724408,653.03820180467,817249
14/01/2008,654.7094912941,655.07281509615,628.04152422363,636.942957373855,645794
15/01/2008,639.449891608,655.4361388982,626.624561395635,631.82009176495,1159916
16/01/2008,603.117511403,648.133330476995,559.627652297615,622.918658614725,1220336
17/01/2008,628.5501775465,639.08656780595,621.2837015055,624.880607145795,559430
18/01/2008,633.6367107752,643.01046486809,621.465363406525,628.731839447525,748046
21/01/2008,635.0900059834,635.0900059834,487.035556648025,535.46661946129,1016639
22/01/2008,534.0859890135,537.719227034,441.8017432928,522.423294967695,1022121
23/01/2008,527.945816758855,579.1381404677,505.7467324536,545.34902687705,627344
24/01/2008,595.77837060159,595.77837060159,525.22088824348,547.8922934914,539445
25/01/2008,561.6985979693,575.831893869045,548.073955392425,568.60175020825,446451
28/01/2008,575.5049024472,589.3112069251,538.4458746381,580.046449972825,225973
29/01/2008,580.046449972825,592.9444449456,570.63636349973,576.2315500513,294097
30/01/2008,576.59487385335,585.6779689046,566.27647787513,580.66410043631,452135
31/01/2008,582.7713784882,601.6642161948,544.2590554709,558.13802470921,1311271
01/02/2008,566.785131198,566.785131198,537.79189179441,549.27292393919,519509
04/02/2008,559.518655157,562.93389889627,553.015159100305,557.520374245725,490038
05/02/2008,558.0653599488,572.5983120308,552.17951435559,558.57401327167,596585
06/02/2008,551.38020199108,564.6051883857,531.9060462012,555.81275237609,285831
07/02/2008,559.518655157,582.371722305945,555.81275237609,561.444271307865,558639
08/02/2008,564.67785314611,573.76094819736,549.05492965796,566.748798817795,580198
11/02/2008,568.9650740103,571.1450168226,529.36277958685,536.229599445595,395465
12/02/2008,537.64656227359,544.76770879377,516.6464465151,522.09630354585,450454
13/02/2008,531.1793985971,541.13447077327,528.2728081807,537.28323847154,602102
14/02/2008,549.3455886996,558.0653599488,540.26249364835,547.31097540812,870125
15/02/2008,544.985703075,555.01344001158,538.627536539125,551.489199131695,600751
18/02/2008,559.30066087577,563.1518931775,545.240029736435,549.817909642265,302444
19/02/2008,555.849084756295,580.95475947795,552.252179116,573.97894247859,872585
20/02/2008,574.12427199941,576.9581976554,552.252179116,557.70203614675,396778
21/02/2008,566.785131198,570.4183692185,558.0653599488,567.43911404169,183949
22/02/2008,566.0584835939,575.5049024472,552.32484387641,562.534242714015,551919
25/02/2008,566.785131198,615.4705206727,554.14146288666,594.724731575645,439978
26/02/2008,601.6642161948,610.274990303385,597.74031913266,604.025820908125,848866
27/02/2008,604.5708066112,617.650463485,589.347539305305,594.143413492365,614471
28/02/2008,587.1312641128,610.383987444,577.6848452595,587.603585055465,804656
29/02/2008,587.8579117169,587.8579117169,561.77126272971,578.375160483395,536041
03/03/2008,578.375160483395,584.2246736964,552.288511496205,573.143297733875,403759
04/03/2008,577.6848452595,577.6848452595,530.74341003464,542.58776598147,1140235
05/03/2008,542.58776598147,549.3455886996,535.90260802375,538.627536539125,457555
07/03/2008,536.2659318258,537.719227034,522.4596273479,533.976991872885,903281
10/03/2008,534.049656633295,560.89928560479,521.80564450421,557.738368526955,592540
11/03/2008,549.3455886996,593.59842778929,549.3455886996,590.946164034325,752502
12/03/2008,613.79923118327,613.79923118327,573.3249596349,586.62261078993,433838
13/03/2008,583.4980260923,584.9513213005,547.1656458873,566.13114835431,280182
14/03/2008,568.2384264062,583.20736705066,553.19682100133,580.51877091549,273729
17/03/2008,566.785131198,568.274758786405,549.3455886996,559.80931419864,479593
18/03/2008,560.2453027611,577.24885669704,541.3524650545,551.997852454565,399022
19/03/2008,559.554987537205,573.97894247859,559.554987537205,564.786850286725,347285
24/03/2008,564.786850286725,589.274874544895,564.786850286725,584.696994639065,252013
25/03/2008,590.7645021333,603.117511403,584.9513213005,593.96175159134,605354
26/03/2008,597.703986752455,600.828571450085,588.584559321,593.998083971545,373054
27/03/2008,592.72645066437,607.76805606924,588.584559321,598.139975314915,574964
28/03/2008,600.2109209866,614.0172254645,597.3043305702,609.330348418055,467555
31/03/2008,614.0172254645,614.0172254645,582.444387066355,600.319918127215,382779
01/04/2008,602.427196179105,610.31132268359,585.89596318583,599.26627910127,256594
02/04/2008,607.91338559006,616.48782731844,606.38742562145,609.51201031908,299209
03/04/2008,601.6642161948,608.9306922358,592.254129721705,600.86490383029,586458
04/04/2008,624.807942385385,624.807942385385,596.65034772651,603.735161866485,388972
07/04/2008,599.4842733825,610.383987444,596.5776829661,605.00679517366,486842
08/04/2008,608.2040446317,608.2040446317,588.65722408141,599.738600043935,483884
09/04/2008,591.4911497374,603.117511403,585.6779689046,595.960032502615,305329
10/04/2008,603.31620151918,614.240112502,593.6428392684,598.82893842186,664090
11/04/2008,600.48407644956,606.88394349,594.3784561696,599.49099363294,255995
15/04/2008,592.171605466,604.6770927864,584.815436454,598.46112997126,231713
16/04/2008,595.849689972,603.205858984,587.3900956082,592.5394139166,257348
17/04/2008,595.849689972,598.4243491262,584.2637237781,588.75098687542,161244
21/04/2008,593.23824997274,597.3209237744,588.49352096,589.33948039638,224758
22/04/2008,590.03831645252,606.88394349,581.137351948,605.08168208206,384618
23/04/2008,604.6770927864,623.8031322176,604.6770927864,621.81696658436,514288
24/04/2008,623.76635137254,625.27436602,584.815436454,587.7579040588,1190951
25/04/2008,588.89811025566,595.1140730708,573.11912772492,575.54666349888,445071
28/04/2008,581.06379025788,581.137351948,562.746929418,564.18138237534,337404
29/04/2008,569.3674815288,573.781182936,563.4825463192,570.36056434542,330197
30/04/2008,572.27316828854,575.76734856924,556.19993899732,558.07576209538,578777
02/05/2008,581.06379025788,581.06379025788,552.55863533638,554.43445843444,820959
05/05/2008,558.3332280108,566.35145223388,551.7126759,556.8619942084,348356
06/05/2008,556.8619942084,556.8619942084,543.4369857615,545.38637054968,392367
07/05/2008,545.8277406904,545.8277406904,537.07389956612,542.99561562078,251243
08/05/2008,542.11287533934,553.11034801228,537.7359547772,547.51965956316,327484
09/05/2008,545.8277406904,545.8277406904,522.6558083026,524.42128886548,512523
12/05/2008,524.42128886548,531.1154026664,507.575661828,516.84443478312,460360
13/05/2008,518.609915346,525.966084358,500.219492816,502.90449450538,467621
14/05/2008,514.1962139388,514.1962139388,488.8174308474,490.98750070594,794802
15/05/2008,486.6105801438,506.1044280256,486.6105801438,501.43326070298,626781
16/05/2008,503.1619604208,507.35497675764,498.41723140806,501.17579478756,286017
20/05/2008,500.9551097172,514.93183084,495.0701745076,500.80798633696,672501
21/05/2008,500.219492816,510.44456774268,493.5989407052,507.83312774342,411598
22/05/2008,506.8400449268,511.253746334,498.0126421124,500.47695873142,288728
23/05/2008,508.3112787292,510.07675929208,489.185239298,490.8403773257,250173
26/05/2008,485.507154792,485.507154792,478.96016437132,481.75550859588,409161
27/05/2008,492.78976211388,492.78976211388,480.46817901878,482.45434465202,274534
28/05/2008,485.507154792,493.5989407052,485.507154792,492.4955153534,521084
29/05/2008,494.3345576064,503.897577322,475.09817564002,482.71181056744,990745
30/05/2008,484.7715378908,495.8057914088,480.3578364836,486.46345676356,312314
02/06/2008,486.2427716932,489.9208561992,456.2663829693,461.37892043264,649093
03/06/2008,452.55151761824,481.829070286,441.44370241012,477.93030070964,519796
04/06/2008,475.9441350764,483.96235929948,462.85015423504,465.8294026849,434097
05/06/2008,465.6454984596,477.4153688788,460.4961801512,470.6109125427,321573
06/06/2008,475.2085181752,478.15098578,460.4961801512,462.29844155914,172312
09/06/2008,442.1057576212,455.3468618428,434.78636945426,451.44809226644,388939
10/06/2008,435.1173970598,458.58357620808,435.1173970598,452.51473677318,283067
11/06/2008,455.3468618428,472.2660505704,452.7722026886,467.96269169838,223121
12/06/2008,467.96269169838,475.9441350764,452.55151761824,464.79953902322,561742
13/06/2008,469.3235829656,471.5304336692,461.9674139536,467.4845407126,200882
16/06/2008,470.794816768,475.09817564002,465.6454984596,467.74200662802,291579
17/06/2008,464.1742646572,470.794816768,464.1742646572,469.21324043042,309734
18/06/2008,471.5304336692,491.3920900016,466.52823874104,472.11892719016,1266478
19/06/2008,461.9674139536,480.94633000456,456.2663829693,471.67755704944,314693
20/06/2008,470.53735085258,479.54865789228,457.921520997,459.9444674753,269575
23/06/2008,455.12617677244,459.0249463488,442.25288100144,445.7838421272,303370
24/06/2008,445.7838421272,452.404394238,427.5773238225,435.41164382028,306984
25/06/2008,426.51067931576,439.531098467,419.301633684,436.9564393128,255175
26/06/2008,436.9564393128,445.048225226,431.88068269452,440.70808550892,461808
27/06/2008,432.5427379056,439.82534522748,423.49465002084,426.43711762564,446200
30/06/2008,425.1865688936,425.9221857948,376.8197576397,386.5666815806,645953
01/07/2008,386.5666815806,394.87915256416,364.93954468532,371.59687764118,401242
02/07/2008,371.59687764118,386.19887313,351.69844046372,368.58084834626,1031677
03/07/2008,367.8084506,367.8084506,345.0043266628,347.13761567628,555159
04/07/2008,346.91693060592,359.7166646868,339.34007652356,351.14672778782,685499
07/07/2008,350.08008328108,375.05427707682,350.08008328108,365.74872327664,801654
08/07/2008,360.452281588,395.0262759444,354.935154829,387.22873679168,1014425
09/07/2008,393.555042142,405.6927210118,389.876957636,395.06305678946,466161
10/07/2008,389.876957636,410.98916270044,389.876957636,406.83292720866,842315
11/07/2008,410.4742308696,417.60971481124,392.23093171984,400.69052608364,587702
14/07/2008,397.233126648,406.0605294624,389.95051932612,393.70216552224,284686
15/07/2008,403.1180618576,403.1180618576,375.164619612,387.41264101698,299193
16/07/2008,391.3481914384,398.3365519998,373.6933858096,378.25421059704,1044138
17/07/2008,382.81503538448,401.38936213978,382.81503538448,396.01935876102,535059
18/07/2008,394.32743988826,401.79395143544,382.99893960978,397.08600326776,504966
21/07/2008,397.233126648,409.0029970672,390.68613622732,398.5204562251,293909
22/07/2008,404.58929566,421.3245801623,390.6125745372,416.28560438908,234079
23/07/2008,422.97971819,439.01616663616,420.11081227532,434.89671198944,743149
24/07/2008,441.37014072,441.37014072,406.2444336877,411.79834129176,808691
25/07/2008,404.58929566,425.1865688936,387.81723031264,421.76595030302,398602
28/07/2008,421.5084843876,439.531098467,417.8303998816,436.47828832702,259876
29/07/2008,427.7612280478,430.335887202,411.98224551706,418.1982083322,292822
30/07/2008,423.3475266406,436.9564393128,421.140675937,435.3013012851,179641
31/07/2008,439.75345903722,452.09977871412,430.250534195,436.53593330324,981970
01/08/2008,430.250534195,443.68183347987,427.2574870006,432.04636251164,555899
04/08/2008,433.991843188,444.24302982882,428.0057487992,438.14469617023,292431
05/08/2008,438.4814139796,463.36111878305,434.7401049866,460.9292679376,660400
06/08/2008,467.663624125,487.1184308886,464.74540311046,477.20396205715,703635
07/08/2008,479.2616820033,485.92121201084,457.9362207432,478.32635475505,597709
08/08/2008,478.887551104,481.05751031994,468.4118859236,470.95597603884,818848
11/08/2008,463.95972822193,486.29534291014,463.95972822193,471.14304148849,187411
12/08/2008,475.146242111,475.146242111,464.6705769306,469.94582261073,493104
13/08/2008,465.4188387292,471.0308022187,463.39853187298,469.9084095208,272531
14/08/2008,469.9084095208,474.17350177282,451.98753944433,456.10297933663,308461
18/08/2008,457.1879589446,457.1879589446,442.5968538719,444.76681308784,172809
19/08/2008,441.474461174,441.474461174,417.5300836188,419.28849884551,357536
20/08/2008,421.2713926118,429.5022723964,421.2713926118,423.96513508676,250732
21/08/2008,426.509225202,427.81868334955,408.73800748525,410.83314052133,221092
22/08/2008,410.87055361126,419.7748690146,404.88445922246,418.39058468719,229390
25/08/2008,430.9987959936,430.9987959936,411.54398923,414.57444951433,177458
26/08/2008,411.54398923,423.36652564788,407.802680237,420.56054390313,167197
27/08/2008,423.5161780076,425.0127016048,415.77166839209,417.75456215838,134065
28/08/2008,419.026607216,427.2574870006,405.59530793113,410.19711799252,551616
29/08/2008,416.0335600216,422.69309002914,413.0405128272,420.78502244271,181167
01/09/2008,415.285298223,425.3868325041,415.285298223,421.83258896075,162009
02/09/2008,426.509225202,441.474461174,425.57389795375,439.08002341848,278732
04/09/2008,441.474461174,445.92661887567,430.250534195,439.9779375768,328561
05/09/2008,430.250534195,441.36222190421,426.509225202,437.69573909107,459927
08/09/2008,444.4675083684,457.11313276474,444.4675083684,450.00464567804,339143
09/09/2008,450.00464567804,457.1879589446,438.66847942925,447.38572938294,248920
10/09/2008,439.34191504799,456.36487096614,439.34191504799,451.5759954551,285675
11/09/2008,455.6914353474,455.6914353474,443.27028949064,446.30074977497,139009
12/09/2008,412.51672956818,454.71869500922,412.51672956818,443.00839786113,158068
15/09/2008,437.733152181,452.698388153,419.026607216,446.82453303399,315548
16/09/2008,433.991843188,444.4675083684,413.48946990636,435.18906206576,421020
17/09/2008,435.18906206576,448.95707916,427.36972627039,444.05596437917,319292
18/09/2008,433.95443009807,456.29004478628,416.44510401083,451.68823472489,343065
19/09/2008,461.71494282613,466.09227434794,450.30395039748,454.04525939048,485468
22/09/2008,457.9362207432,472.9014567152,450.4536027572,469.34721317185,731866
23/09/2008,464.96988165004,475.07141593114,461.07892029732,468.82342991283,346105
24/09/2008,473.6497185138,475.07141593114,464.85764238025,468.97308227255,515189
25/09/2008,466.9153623264,472.9014567152,450.52842893706,454.86834736894,830001
26/09/2008,452.698388153,463.1740533334,449.7053409586,459.20826580082,351187
29/09/2008,461.6775297362,462.38837844487,439.2296757782,458.79672181159,411588
30/09/2008,449.7053409586,463.922315132,420.67278317292,460.14359304907,265191
01/10/2008,463.1740533334,473.6497185138,457.1879589446,470.95597603884,323275
03/10/2008,468.0377550243,485.6219072914,461.6775297362,467.73845030486,260946
06/10/2008,463.922315132,463.922315132,443.7192465698,448.73260062042,408375
07/10/2008,450.4536027572,460.181006139,430.6246650943,442.29754915246,309403
08/10/2008,426.509225202,437.69573909107,407.802680237,427.89350952941,267298
10/10/2008,407.57820169742,445.215770167,389.096135272,406.94217916861,356727
13/10/2008,415.285298223,419.026607216,401.21797640932,413.30240445671,276263
14/10/2008,419.026607216,435.18906206576,408.70059439532,414.46221024454,159488
15/10/2008,405.89461265057,422.0196544104,401.0683240496,410.38418344217,244515
16/10/2008,396.578753258,396.578753258,379.21907953048,390.03146252025,255170
17/10/2008,404.8096330426,404.8096330426,353.21698202913,364.17901737862,177770
20/10/2008,367.3965431126,385.13034773942,338.5884638665,343.41475246747,412301
21/10/2008,351.683045342,371.1378521056,334.17371925476,362.42060215191,349949
22/10/2008,359.165663328,365.82519333554,335.40835122245,338.70070313629,211555
23/10/2008,332.75202183742,344.91127606467,310.56605950893,330.99360661071,244179
24/10/2008,328.4869295854,328.4869295854,299.30471944,316.62698007759,402218
27/10/2008,321.67774721814,321.67774721814,273.115556489,309.18177518152,319789
29/10/2008,337.87761515783,364.4034959182,326.39179654932,353.96524382773,419313
31/10/2008,366.68569440393,390.9667897685,357.6691397308,369.45426305875,451432
03/11/2008,388.3478734734,398.74871247394,363.01921159079,384.12019431131,1059874
04/11/2008,386.17791425746,390.36818032962,364.4034959182,379.66803660964,567179
05/11/2008,388.3478734734,388.3478734734,338.43881150678,350.37358719445,586482
06/11/2008,355.38694124507,355.38694124507,330.20793172218,347.5676054497,237342
07/11/2008,342.7039037588,362.45801524184,337.4660711686,359.05342405821,324851
10/11/2008,373.23298514168,373.3826375014,359.165663328,372.44731025315,208864
11/11/2008,372.2602448035,372.2602448035,350.9347835434,354.26454854717,243559
12/11/2008,366.53604204421,366.53604204421,330.7317149812,343.97594881642,245391
14/11/2008,354.6760925364,354.6760925364,291.822101454,310.94019040823,602068
17/11/2008,314.269955412,329.9834531826,298.5564576414,326.57886199897,365278
18/11/2008,323.2490969952,323.2490969952,299.30471944,303.68205096181,338885
19/11/2008,305.2908138288,319.24589637269,294.14171302966,299.41695870979,426950
20/11/2008,291.822101454,309.63073226068,285.16257144646,305.06633528922,366490
21/11/2008,302.93378916321,317.11335024668,289.01611970925,299.00541472056,501518
24/11/2008,299.30471944,308.20903484334,292.5703632526,301.47467865594,246434
25/11/2008,306.82475051593,310.45382023914,294.92738791819,297.13476022406,230212
26/11/2008,300.65159067748,304.5425520302,289.65214223806,301.69915719552,290392
28/11/2008,301.69915719552,309.70555844054,301.5495048358,303.49498551216,598303
01/12/2008,307.5355992246,310.528646419,297.84560893273,300.20263359832,226168
02/12/2008,289.09094588911,306.30096725691,286.43461650408,303.53239860209,227134
03/12/2008,308.99470973187,309.7803846204,296.42391151539,300.91348230699,329567
04/12/2008,306.787337426,321.752573398,300.50193831776,320.77983305982,397882
05/12/2008,325.34423003128,330.05827936246,315.7664790092,319.54520109213,587763
08/12/2008,333.7247621756,341.2073801616,321.0043115994,323.77288025422,379976
10/12/2008,328.4869295854,363.13145086058,325.45646930107,356.9208779322,574880
11/12/2008,359.09083714814,371.73646154448,352.46872023053,366.2741504147,647607
12/12/2008,351.72045843193,373.3826375014,348.87706359725,369.00530597959,428913
15/12/2008,374.1308993,390.89196358864,372.6343757028,384.56915139047,270886
16/12/2008,385.354826279,406.90476607868,377.872208293,400.88125859995,332678
17/12/2008,405.59530793113,407.65302787728,357.40724810129,363.58040793974,743477
18/12/2008,366.648281314,396.578753258,341.61892415083,379.03201408083,829652
19/12/2008,434.85234425639,434.85234425639,368.33187036085,371.36233064518,528806
22/12/2008,371.1378521056,379.3687318902,362.1587105224,364.96469226715,483518
23/12/2008,362.1587105224,371.8861139042,356.73381248255,363.58040793974,559711
24/12/2008,364.47832209806,368.10739182127,344.64938443516,348.16621488858,582657
26/12/2008,362.1587105224,362.1587105224,339.07483403559,341.84340269041,337338
29/12/2008,339.7108565644,354.60126635654,331.8541076791,347.82949707921,306285
30/12/2008,352.24424169095,362.906972321,349.77497775557,357.55690046101,503622
31/12/2008,359.165663328,362.83214614114,353.1795689392,359.27790259779,240138
01/01/2009,359.27790259779,374.05607312014,355.424354335,370.57665575665,254792
02/01/2009,377.04912031454,377.04912031454,362.1587105224,369.56650232854,515098
05/01/2009,374.1308993,382.32436599467,369.75356777819,379.78027587943,405755
06/01/2009,380.1169936888,415.13564586328,377.72255593328,406.64287444917,901936
07/01/2009,410.0474656328,418.95178103614,371.99835317399,380.60336385789,1005171
09/01/2009,376.82464177496,388.87165673242,367.3965431126,376.93688104475,687148
12/01/2009,371.73646154448,380.8652554874,362.98179850086,371.25009137539,424135
13/01/2009,366.72310749386,386.70169751648,364.4034959182,380.82784239747,498270
14/01/2009,394.3339678622,394.3339678622,380.19181986866,385.354826279,336548
15/01/2009,377.872208293,379.3687318902,363.6552341196,376.11379306629,275601
16/01/2009,391.19126830808,391.19126830808,368.21963109106,373.30781132154,410508
19/01/2009,377.31101194405,382.3617790846,371.8861139042,375.92672761664,268021
20/01/2009,372.6343757028,372.97109351217,360.6621869252,363.16886395051,421246
21/01/2009,353.96524382773,368.44410963064,350.26134792466,357.40724810129,541548
22/01/2009,359.9139251266,369.56650232854,358.67929315891,366.648281314,433961
23/01/2009,366.72310749386,370.31476412714,352.54354641039,355.0502234357,432005
27/01/2009,355.98555068395,366.648281314,336.86746172972,364.29125664841,470221
28/01/2009,365.1517577168,379.96734132908,364.44090900813,372.11059244378,394446
29/01/2009,360.84925237485,381.613517286,360.84925237485,377.08653340447,334307
30/01/2009,373.3826375014,382.69849689397,367.09723839316,378.91977481104,235249
02/02/2009,380.1169936888,381.613517286,364.10419119876,369.97804631777,251605
03/02/2009,375.66483598713,393.2115751643,374.20572547986,388.04856875396,719722
04/02/2009,391.3409206678,400.28264916107,390.2185279699,397.36442814653,812084
05/02/2009,398.0752768552,406.90476607868,381.80058273565,398.37458157464,1108149
06/02/2009,404.061371244,406.3061566398,397.17736269688,403.6872403447,547282
09/02/2009,404.88445922246,407.72785405714,398.15010303506,403.76206652456,443873
10/02/2009,400.320062251,409.82298709322,400.320062251,406.64287444917,403177
11/02/2009,392.837444265,425.0127016048,392.837444265,417.00630035978,742745
12/02/2009,411.54398923,423.5161780076,404.8096330426,411.84329394944,527639
13/02/2009,416.7818218202,440.7261993754,413.7887746258,433.39323374912,720976
16/02/2009,431.7470577922,432.4953195908,415.285298223,419.7748690146,511041
17/02/2009,418.2783454174,418.2783454174,401.8165858482,406.26874354987,318964
18/02/2009,403.3131094454,423.44135182774,401.0683240496,419.92452137432,486277
19/02/2009,416.0335600216,427.96833570927,406.82993989882,409.48626928385,424625
20/02/2009,408.40128967588,417.49267052887,400.39488843086,414.42479715461,563088
24/02/2009,404.061371244,424.03996126662,404.061371244,417.79197524831,764373
25/02/2009,422.0196544104,427.2574870006,405.67013411099,416.10838620146,690805
26/02/2009,414.5370364244,422.91756856872,414.5370364244,418.95178103614,785152
27/02/2009,419.026607216,420.48571772327,390.2185279699,404.09878433393,1083686
02/03/2009,396.76581870765,400.320062251,385.80378335816,392.65037881535,605636
03/03/2009,402.41519528708,403.3131094454,386.77652369634,396.99029724723,871512
04/03/2009,398.8235386538,412.2922510286,391.11644212822,403.91171888428,1114671
05/03/2009,410.68348816161,412.96568664734,391.78987774696,395.49377365003,845144
06/03/2009,385.354826279,399.1976695531,382.39919217453,396.72840561772,823318
09/03/2009,392.80003117507,395.79307836947,385.354826279,388.38528656333,508883
12/03/2009,394.3339678622,407.01700534847,389.58250544109,404.77221995267,797689
13/03/2009,407.0544184384,422.16930677012,407.0544184384,420.85984862257,494551
16/03/2009,420.5231308132,429.5022723964,417.86680142817,422.28154603991,376303
17/03/2009,423.5161780076,430.250534195,414.27514479489,416.4076909209,788653
18/03/2009,416.7818218202,424.6385707055,407.16665770819,410.4215965321,401979
19/03/2009,411.54398923,414.5370364244,403.79947961449,407.76526714707,533133
20/03/2009,404.88445922246,412.2922510286,400.73160624023,406.75511371896,649377
23/03/2009,401.55469421869,420.82243553264,401.55469421869,417.9042145181,697749
24/03/2009,412.26612664629,433.256575341735,412.26612664629,418.43754713388,668855
25/03/2009,419.047070145,436.5708567147,418.2851663811,428.989914263895,1076128
26/03/2009,431.9994341313,443.923228036335,422.93277934089,428.26610568819,1427318
27/03/2009,430.4756266035,449.37083994822,426.74229816039,442.780372390485,589020
30/03/2009,438.01847386611,442.170849379365,428.1899153118,431.38991112018,345413
31/03/2009,432.7613378952,460.9517771595,431.38991112018,437.63752198416,1316266
01/04/2009,439.46609101752,450.89464747602,437.3327604786,447.123223844715,471414
02/04/2009,451.0470282288,465.5231997429,449.21845919544,458.81844662058,524633
06/04/2009,464.761295979,471.38985872493,440.91370816893,443.65656171897,714239
08/04/2009,438.0946642425,455.6184508122,427.618487488875,450.81845709963,705532
09/04/2009,457.06606796361,457.9041621039,442.05656381478,446.894652715545,565482
13/04/2009,451.12321860519,458.6660658678,443.237514648825,450.43750521768,606222
15/04/2009,445.7137018815,471.46604910132,444.26608473009,469.18033780962,910688
16/04/2009,472.380333618,479.00889636393,458.89463699697,469.980336761715,801826
17/04/2009,472.380333618,484.49460346401,459.04701774975,464.037487403295,726413
20/04/2009,469.78986082074,482.97079593621,461.218443476865,470.47557420825,665539
21/04/2009,460.9517771595,478.24699260003,457.98035248029,469.71367044435,1007903
22/04/2009,469.3327185624,500.5707728823,469.3327185624,492.72316411413,1427550
23/04/2009,492.9517352433,502.856484174,476.380328378475,493.63744863081,766307
24/04/2009,491.4279277155,520.30408036731,491.4279277155,517.18027493532,743682
27/04/2009,509.7136180491,525.713597091,496.22792142807,501.56124777537,741871
28/04/2009,504.3802917018,506.6660029935,486.32317249737,490.704119139795,383972
29/04/2009,495.237446535,503.885054255265,488.418407848095,498.551727907965,566539
30/04/2009,495.237446535,503.885054255265,488.418407848095,498.551727907965,566539
04/05/2009,502.856484174,519.6183669798,495.46601766417,498.932679789915,664614
05/05/2009,502.856484174,511.84694858802,491.4279277155,499.8088691184,683212
06/05/2009,499.0469653545,509.63742767271,484.685079404985,488.875550106435,618660
07/05/2009,483.8088900765,496.646968498215,471.6184298541,475.4279486736,783757
08/05/2009,476.9517562014,484.5707938404,450.51369559407,458.094638044875,978795
11/05/2009,464.761295979,471.38985872493,445.294654811355,450.58988597046,676527
12/05/2009,453.3327395205,457.256543904585,433.21848015354,453.71369140245,1295640
13/05/2009,456.3803545761,476.1898524375,452.5708357566,468.26605329294,940545
14/05/2009,457.14225834,473.9041411458,457.14225834,467.999386975575,514729
15/05/2009,476.57080431945,487.618408896,467.237483211675,483.770794888305,785710
18/05/2009,531.0469234383,576.7611492723,531.0469234383,549.218328207315,5388
19/05/2009,556.189747647,590.4754170225,533.33263473,571.35163254861,1694175
20/05/2009,563.808785286,599.23731030735,556.9516514109,588.64684798914,630361
21/05/2009,582.8563793835,593.37065132532,560.951646171375,566.24687733048,499961
22/05/2009,571.427822925,572.9516304528,537.1421535495,555.50403425949,985110
25/05/2009,552.418324015695,561.484978806105,548.570710008,551.656420251795,223973
26/05/2009,553.1421325914,560.7611702304,535.885012339065,542.55167027319,355404
27/05/2009,555.96117651783,555.96117651783,526.62788160768,541.78976650929,844786
28/05/2009,541.7135761329,561.44688361791,540.1897686051,554.28498823725,929163
29/05/2009,548.49451963161,613.218244374915,540.951672369,596.18969525175,1246640
01/06/2009,601.903973481,639.92297129961,601.903973481,632.22774328422,850250
02/06/2009,637.7134503843,638.4753541482,584.83732916964,595.237315546875,1365895
03/06/2009,603.73254251436,628.5706052175,603.35159063241,624.646800833415,1020571
04/06/2009,617.142048759,640.799160628095,612.95157805755,636.456309173865,790526
05/06/2009,646.589629233735,670.475312232,636.1896428565,655.08485620122,922986
08/06/2009,655.00866582483,665.75150889582,613.3325299395,619.770616744455,607076
09/06/2009,624.761086398,658.66580389155,606.09444418245,647.618199315,539891
10/06/2009,652.1896218984,688.45624106004,652.1896218984,685.141959687075,941408
11/06/2009,685.71338751,687.84671804892,653.675334238005,657.5229482457,461009
12/06/2009,661.02770555964,668.9515047042,640.494399122535,644.456298694815,376920
15/06/2009,647.618199315,665.1419858847,642.2848729677,651.27533738172,464216
16/06/2009,647.618199315,655.237236954,630.0944127453,651.04676625255,373310
17/06/2009,646.55153404554,646.55153404554,627.8087014536,631.656315461295,320412
18/06/2009,631.6182202731,631.6182202731,569.98020577359,576.265911825765,1181724
19/06/2009,586.665898203,593.5230320781,556.227842835195,570.74210953749,671206
22/06/2009,571.427822925,588.9516094947,557.904031115775,564.532593861705,424913
23/06/2009,556.189747647,571.427822925,539.4278648412,568.189731928425,632768
24/06/2009,568.418303057595,588.1897057308,566.8564003416,585.44685218076,477488
25/06/2009,579.465907634145,605.7134923005,579.465907634145,596.72302788648,975542
26/06/2009,590.4754170225,611.8087224117,588.608752800945,608.83729773249,443413
29/06/2009,613.3325299395,618.58966591041,595.8087433698,604.11349439631,415842
30/06/2009,611.0468186478,616.3801449951,579.046860564,583.427807206425,378991
01/07/2009,582.8563793835,587.19923083773,566.0944965777,581.446857420285,581963
02/07/2009,593.256365760735,593.256365760735,572.26591706529,580.989715161945,287866
03/07/2009,575.2373417445,588.9516094947,571.427822925,585.67542330993,334702
06/07/2009,586.665898203,590.24684589333,544.83738156489,551.504039499015,619891
07/07/2009,552.76118070945,589.294466188455,552.45641920389,582.8563793835,967509
08/07/2009,575.2373417445,616.98966800622,562.2849777582,600.07540444764,1113731
09/07/2009,605.7134923005,608.113489156785,590.4754170225,596.34207600453,455715
10/07/2009,595.88493374619,606.970633510935,573.48496308753,581.370667043895,483763
13/07/2009,571.427822925,582.0944756196,552.646895144865,577.637338600785,356085
14/07/2009,579.42781244595,611.0468186478,579.42781244595,602.05635423378,422666
15/07/2009,604.303970337285,618.170618840265,603.80873289075,614.70395671452,419833
16/07/2009,617.142048759,633.59917005924,598.894453613595,605.446825983135,738917
17/07/2009,604.837302972015,625.5229901619,601.903973481,617.713476581925,660577
20/07/2009,623.54204037576,655.237236954,618.97061779236,643.694394930915,744795
21/07/2009,646.8562955511,647.618199315,622.62775585908,628.95155709945,444360
22/07/2009,632.380124037,641.44677882741,613.3325299395,616.037288301345,407385
23/07/2009,628.34203408833,667.4276971764,617.561095829145,650.627719182405,1361882
24/07/2009,655.237236954,666.43722228333,640.83725581629,644.03725162467,808259
27/07/2009,652.1896218984,655.961045529705,636.227738044695,646.39915329276,313704
28/07/2009,649.180102030995,661.3324670652,640.7610654399,659.465802843645,526788
29/07/2009,662.17056120549,672.7610235237,624.07537301049,654.208666872735,1034607
30/07/2009,666.8125809725,679.879024033175,651.510581281975,675.022469975225,792738
31/07/2009,678.37580492,684.542857692,669.7419310392,678.9925101972,631338
03/08/2009,671.66913503045,692.251673657,670.782621194475,687.626384078,353015
04/08/2009,693.79343685,700.692827138675,674.5213969375,693.754892770175,588848
05/08/2009,693.79343685,715.9948268292,691.596424299975,713.026932682675,947850
06/08/2009,713.0654767625,715.91773866955,664.11449538475,681.38224314635,980522
07/08/2009,678.37580492,682.2302129025,660.26008740225,670.320092236575,646893
10/08/2009,674.5213969375,692.02040917805,613.69883897365,624.33700500535,542149
11/08/2009,620.48259702285,638.1357855827,601.28764527,631.621836092275,1074254
12/08/2009,622.872329972,641.5276646073,612.8508692175,638.67540270025,862624
13/08/2009,644.457014674,659.1037650075,641.75892908625,654.24721094955,686781
14/08/2009,653.707593832,666.6584046532,636.247125671275,640.21716589325,624642
17/08/2009,637.5190803055,637.5190803055,595.8914740945,611.07784154555,1116647
18/08/2009,614.0842797719,624.33700500535,602.251247265625,615.0093376877,613158
19/08/2009,616.7052772,622.7181536527,579.702960568,583.01775143295,905405
20/08/2009,593.578829305,601.249101190175,582.131237596975,584.86786726455,756383
21/08/2009,585.87001334,601.28764527,580.4738421645,598.74373600155,613739
24/08/2009,605.1420532525,619.71171542635,601.28764527,611.964355381525,521671
25/08/2009,609.7673428315,612.61960473855,594.542431300625,608.264123718325,329066
26/08/2009,609.7673428315,627.42053139135,606.91508092445,616.589644960525,768119
27/08/2009,616.589644960525,624.414093165,609.38190203325,614.46972057015,464606
28/08/2009,614.3926324105,629.6560880212,611.3091060245,623.87447604745,870200
31/08/2009,616.7052772,629.42482354225,612.8508692175,622.1014483755,409500
01/09/2009,624.02865236675,633.43340784405,597.548869526975,601.480365669125,642926
02/09/2009,599.745882077,607.37760988235,594.388254981325,600.015690635775,800547
03/09/2009,605.1420532525,608.2255796385,589.762965402325,592.8079477085,375176
04/09/2009,597.4332372875,614.3926324105,592.037066112,611.116385625375,410359
07/09/2009,615.9343956035,619.71171542635,611.4632823438,616.7052772,320977
08/09/2009,619.788803586,629.57899986155,610.538224428,613.69883897365,586694
09/09/2009,610.538224428,621.330566779,608.996461235,614.045735692075,383975
10/09/2009,622.872329972,624.221372765875,602.44396766475,608.803740835875,562210
11/09/2009,612.079987621,617.437614716675,593.578829305,596.3540030524,670935
14/09/2009,594.3497109015,594.696607619925,583.287559991725,588.87645156635,713676
15/09/2009,597.4332372875,602.13561502615,591.49744899445,596.855076090125,369881
16/09/2009,605.1420532525,622.448345093925,599.82297023665,617.591791035975,509999
17/09/2009,624.414093165,644.457014674,622.2556246948,638.9066671792,1395769
18/09/2009,635.9773171125,658.25579525135,635.9773171125,651.664757601275,935152
22/09/2009,640.795327090625,657.94744261275,640.795327090625,652.975256315325,403988
23/09/2009,655.249357025,659.1037650075,639.947357334475,642.568354762575,310421
24/09/2009,641.373488288,646.7696594635,628.2685011475,634.551186158975,603093
25/09/2009,632.12290913,638.21287374235,626.7267379545,629.9644406598,336673
29/09/2009,636.748198709,638.21287374235,625.6475037194,628.229957067675,244016
30/09/2009,628.229957067675,636.67111054935,626.80382611415,632.315629529125,293573
01/10/2009,634.05011312125,649.46774505125,633.009422965975,637.326359906375,609128
05/10/2009,632.12290913,632.12290913,618.247040393,627.42053139135,510594
06/10/2009,631.3520275335,633.5104960037,605.52749405075,612.079987621,445195
07/10/2009,616.7052772,622.7181536527,605.912934849,609.420446113075,520468
08/10/2009,612.079987621,620.5596851825,608.996461235,615.6260429649,247283
09/10/2009,615.163514007,620.5596851825,609.7673428315,613.120677776275,360641
12/10/2009,612.8508692175,620.444052943025,607.454698042,614.045735692075,428598
13/10/2009,612.8508692175,620.444052943025,607.454698042,614.045735692075,428598
14/10/2009,619.788803586,621.330566779,602.829408463,607.261977642875,417283
15/10/2009,611.0007533859,622.79524181235,608.30266779815,612.812325137675,396171
16/10/2009,613.621750814,614.3926324105,601.480365669125,603.98573085775,255634
20/10/2009,622.872329972,622.872329972,601.4418215893,603.2919374209,277394
21/10/2009,603.9086426981,604.371171656,589.7244213225,594.156990502375,337765
22/10/2009,590.495302919,598.89791232085,586.6408949365,590.1869502804,575714
23/10/2009,596.662355691,600.5167636735,586.6408949365,588.529554847925,366018
26/10/2009,592.037066112,596.662355691,586.25545413825,589.685877242675,363762
27/10/2009,581.244723761,589.7244213225,579.00916713115,585.137675823325,320322
28/10/2009,582.786486954,592.8079477085,569.14188269595,574.653686110925,668928
29/10/2009,566.5979734275,585.985645579475,559.698583138825,566.405253028375,689686
30/10/2009,576.619434182,585.0991317435,570.45238141,578.662270412725,462555
03/11/2009,573.497363716175,576.619434182,524.58492641825,539.038956352625,625499
04/11/2009,547.325933515,565.90417999065,541.158880743,561.9726838485,299926
05/11/2009,565.0562102345,565.0562102345,541.158880743,554.764940921225,387374
06/11/2009,560.4309206555,562.743565445,549.25313750625,553.377354047525,321702
09/11/2009,553.492986287,556.96195347125,545.86125848165,554.764940921225,300280
10/11/2009,558.8891574625,573.45881963635,550.409459901,553.994059324725,616234
11/11/2009,556.96195347125,566.2896207889,554.2638678835,564.67076943625,288944
12/11/2009,562.743565445,574.962038749525,562.1268601678,568.37100109945,650292
13/11/2009,569.6814998135,573.535907796,561.58724305025,569.565867574025,430913
16/11/2009,570.45238141,581.63016455925,570.45238141,574.3067893925,382328
17/11/2009,578.08410921535,578.08410921535,561.317434491475,562.743565445,332673
18/11/2009,562.743565445,567.368855024,556.65360083265,562.165404247625,228131
19/11/2009,562.165404247625,570.83782220825,559.89130353795,565.326018793275,434226
20/11/2009,561.201802252,593.578829305,561.201802252,590.57239107865,864888
23/11/2009,592.8079477085,611.23201786485,592.8079477085,608.032859239375,835268
24/11/2009,607.454698042,608.2255796385,594.542431300625,604.178451256875,397611
25/11/2009,604.2169953367,622.872329972,602.90649662265,612.118531700825,623701
26/11/2009,620.5596851825,629.8102643405,613.23631001575,616.78236535965,913757
27/11/2009,613.621750814,613.621750814,595.120592498,610.0756954701,361832
30/11/2009,613.621750814,623.6432115685,608.996461235,614.893705448225,351606
01/12/2009,618.247040393,626.5725616352,617.4761587965,623.9515642071,373965
02/12/2009,624.414093165,627.8059721896,614.3926324105,616.93654167895,313031
03/12/2009,619.788803586,634.35846575985,610.76948890695,628.8852064247,883774
04/12/2009,631.8145564914,633.664672323,619.1720983088,626.302753076425,323235
07/12/2009,625.955856358,631.0436748949,614.3926324105,618.7095693509,202680
08/12/2009,619.788803586,625.955856358,612.6966928982,624.7224458036,308553
09/12/2009,620.5596851825,632.12290913,617.6303351158,630.080072899275,354253
10/12/2009,630.080072899275,633.27923152475,624.414093165,626.2642089966,185582
11/12/2009,629.039382744,632.8937907265,618.63248119125,629.617543941375,315769
14/12/2009,630.581145937,664.88537698125,629.8102643405,661.686218355775,1282794
15/12/2009,662.95817299,667.19802177075,651.31786088285,655.981694541675,647107
16/12/2009,647.54054106,666.8125809725,647.54054106,663.5748782672,522534
17/12/2009,665.2708177795,672.90254558485,659.2579413268,667.776182968125,514873
18/12/2009,666.73549281285,666.774036892675,656.0202386215,664.230127624225,461140
21/12/2009,664.230127624225,666.73549281285,656.40567941975,660.4913518812,210742
22/12/2009,665.2708177795,665.2708177795,643.107971880125,645.5362489091,288981
23/12/2009,650.39280296705,662.3414677128,646.6154831442,659.7204702847,648795
24/12/2009,662.57273219175,669.125225762,659.33502948645,663.690510506675,422707
29/12/2009,666.8125809725,668.932505362875,660.72261636015,662.6498203514,220331
30/12/2009,666.774036892675,676.834041727,663.4207019479,671.7462231901,459750
31/12/2009,676.834041727,681.38224314635,668.624152724275,672.555648866425,561526
04/01/2010,670.666988955,709.21106878,670.666988955,704.2774265624,852434
05/01/2010,709.635053658075,714.1447109976,692.290217736825,695.142479643875,439209
06/01/2010,697.26240403425,703.42945680625,690.208837426275,699.6521369834,517109
07/01/2010,701.502252815,713.836358359,698.148917870225,704.084706163275,403862
08/01/2010,707.43804110805,712.83421228355,699.6521369834,703.159648247475,284905
11/01/2010,707.5151292677,713.0654767625,703.044016008,705.472293036975,200026
12/01/2010,705.3566607975,707.669305587,689.9390288675,692.290217736825,271126
13/01/2010,693.79343685,736.1919246575,686.084620885,729.446710688125,770221
14/01/2010,738.504569447,751.031395390125,733.80219170835,736.26901281715,722368
15/01/2010,736.3461009768,763.09569237535,729.7165192469,756.0806698472,1120261
18/01/2010,749.4510881173,762.4018989385,748.60311836115,756.967183683175,611660
19/01/2010,754.6930829735,755.46396457,728.9456376504,734.11054434695,740734
20/01/2010,730.9499298013,742.3589774295,723.8578191135,733.879279868,399453
21/01/2010,734.6501614645,738.27330496805,718.461647938,726.170463903,316618
22/01/2010,714.22179915725,726.170463903,697.6478448325,712.256051086175,420182
25/01/2010,709.21106878,717.6907663415,686.8555024815,696.64569875705,342080
27/01/2010,686.084620885,697.0311395553,671.9003995094,679.84047995335,595719
28/01/2010,678.8383338779,691.4807920605,664.9624651409,669.626298799725,577009
29/01/2010,666.58131649355,685.3137392885,662.4956440321,671.97748766905,420031
01/02/2010,672.9796337445,680.6884497095,663.921774985625,673.21089822345,375181
02/02/2010,678.260172680525,689.86194070785,669.317946161125,672.5171047866,684694
03/02/2010,673.36507454275,688.589986073625,673.172354143625,681.343699066525,363644
04/02/2010,682.30730106215,685.3137392885,654.09303463025,660.529895961025,489416
05/02/2010,654.24721094955,658.332883411,635.74605263355,651.818933920575,481157
08/02/2010,647.54054106,662.1872913935,639.831725095,649.583377290725,323712
09/02/2010,662.95817299,671.707679110275,640.7567830108,668.932505362875,519891
10/02/2010,674.29013245855,682.2302129025,666.9667572918,670.58990079535,565180
11/02/2010,672.28584030765,686.93259064115,672.28584030765,682.92400633935,464079
15/02/2010,683.001094499,685.275195208675,673.36507454275,675.099558134875,170647
16/02/2010,678.37580492,709.095436540525,671.05242975325,704.470146961525,454528
17/02/2010,713.0654767625,729.253990289,703.044016008,706.628615431725,415569
18/02/2010,710.752831973,710.752831973,697.917653391275,700.5771948992,175958
19/02/2010,687.9347367166,704.50869104135,687.9347367166,695.219567803525,307547
22/02/2010,699.960489622,709.9819503765,694.834127005275,698.919799466725,275189
23/02/2010,699.151063945675,705.12539631855,693.79343685,697.609300752675,271280
24/02/2010,686.084620885,704.50869104135,686.084620885,697.763477071975,323657
25/02/2010,696.375890198275,711.13827277125,690.709910464,708.709995742275,429946
26/02/2010,711.5237135695,716.7657084257,698.49581458865,711.60080172915,401795
02/03/2010,704.50869104135,751.22411578925,704.50869104135,741.588095833,942675
03/03/2010,743.9007406225,749.296911798,729.292534368825,739.96924448035,650433
04/03/2010,740.04633264,746.213385412,727.0955218188,743.20694718565,619663
05/03/2010,745.635224214625,761.1684883841,742.551697828625,747.254075567275,497565
08/03/2010,749.643808516425,769.224201067525,747.83223676465,763.172780535,584885
09/03/2010,763.0186042157,774.697460402675,760.7059594262,764.63745556835,472582
10/03/2010,763.9436621315,786.29922843,761.09140022445,781.28849805275,708325
11/03/2010,782.637540846625,784.757465237,736.384645056625,770.2648912228,304883
12/03/2010,775.3527097597,777.048649272,766.79592403855,770.49615570175,276493
15/03/2010,770.1107149035,770.7274201807,753.07423162085,755.69522904895,274651
16/03/2010,758.547490956,765.1770726859,740.161964879475,746.13629725235,513916
17/03/2010,747.793692684825,761.09140022445,740.89430239615,743.129859026,526559
18/03/2010,746.213385412,754.3847303349,740.239053039125,749.99070523485,305291
19/03/2010,750.76158683135,758.93293175425,728.9456376504,754.3847303349,385596
22/03/2010,743.9007406225,763.9436621315,743.9007406225,747.755148605,443732
23/03/2010,759.70985471829,759.70985471829,742.52008118769,748.14582525225,601209
25/03/2010,748.84904326032,749.200652264355,727.51809701553,730.448172049155,756676
26/03/2010,733.22197641432,737.792893466775,728.2213150236,734.39400642777,394784
29/03/2010,741.5043218427,748.45836658917,731.932743399525,743.37956986422,521364
30/03/2010,744.70787054613,757.873674363885,743.45770519845,745.450156221315,358119
31/03/2010,739.9416151581,753.2246219772,738.14450247081,743.106096194415,247601
01/04/2010,745.72362989112,749.591328935505,737.67569046543,742.20753985077,353728
05/04/2010,746.11430656227,748.5365019234,738.3789084735,742.168472183655,234915
06/04/2010,743.574908199795,749.63039660262,735.448833439875,743.340502197105,287917
07/04/2010,744.6297352119,764.47611010632,742.285675185,762.952471088835,676463
08/04/2010,768.69541815474,771.156681182985,750.099208608,753.84970465104,515839
09/04/2010,754.86546399603,760.88188473174,744.23905854075,746.73938923611,549463
12/04/2010,746.9737952388,756.11562934371,731.3467283928,743.731178868255,692540
13/04/2010,743.8483818696,754.0059753195,731.698337396835,734.980021434495,323034
15/04/2010,734.55027709623,743.69211120114,725.994457998045,733.84705908816,380191
16/04/2010,733.61265308547,733.61265308547,720.4077816006,728.92453303167,331842
19/04/2010,718.884142583115,725.0959016544,714.117887195085,719.15761625292,277293
20/04/2010,730.5653750505,730.5653750505,718.845074916,720.681255270405,273137
21/04/2010,723.5331949698,739.86347982387,723.5331949698,727.83063835245,436486
22/04/2010,729.39334503705,736.0348484466,715.7196615468,718.61066891331,920369
23/04/2010,718.845074916,718.845074916,696.1858279893,706.10901543651,723262
26/04/2010,705.17139142575,715.7196615468,705.17139142575,711.148744494345,273403
27/04/2010,711.031541493,723.494127302685,701.850639720975,704.31190274922,521321
28/04/2010,704.31190274922,713.570939855475,693.99803863086,709.507902475515,389581
29/04/2010,711.8128948353,717.20423289717,695.521677648345,699.54564736119,602005
30/04/2010,703.21800807,711.031541493,689.348986244175,707.163842448615,920502
03/05/2010,706.3434214392,709.4688348084,697.396925669865,706.10901543651,365869
04/05/2010,703.21800807,714.039751860855,682.1214678279,686.18450520786,630443
05/05/2010,686.18450520786,695.404474647,669.6198143511,691.73211393819,362259
06/05/2010,687.590941224,691.41957260127,679.777407801,684.69993385749,294254
07/05/2010,678.2147011164,678.2147011164,665.7130476396,673.018701390105,387791
10/05/2010,679.38673112985,699.23310602427,678.37097178486,696.771842996025,286767
11/05/2010,683.879512848075,702.4366547277,683.879512848075,692.552534947605,429629
12/05/2010,695.404474647,695.48260998123,683.6841745125,685.40315186556,217290
13/05/2010,689.62245991398,699.3112413585,678.29283645063,696.459301659105,324608
14/05/2010,696.34209865776,704.7807147546,688.020685562265,697.59226400544,397267
17/05/2010,682.9028211702,690.7163545932,674.3079344049,677.12080643718,230689
18/05/2010,678.2147011164,685.55942253402,671.963874378,673.331242727025,370733
19/05/2010,670.987182700125,680.40249047484,646.687093754595,658.36832622198,324462
20/05/2010,659.4622209012,668.52591967188,645.78853741095,659.501288568315,449942
21/05/2010,648.523274109,678.410039451975,644.6165073975,674.347002072015,302209
24/05/2010,679.777407801,683.76230984673,663.408055279815,668.174310667845,288681
25/05/2010,662.5876342704,662.5876342704,654.7741008474,657.58697287968,288898
26/05/2010,660.360777244845,667.549227994005,645.3978607398,648.60140944323,493953
27/05/2010,648.523274109,655.5554541897,632.1148539207,639.38144000409,626823
28/05/2010,646.9605674244,651.6486874782,633.91196660799,645.436928406915,221390
31/05/2010,645.436928406915,650.78919880167,634.53704928183,639.576778339665,301207
01/06/2010,640.63160535177,646.9605674244,632.896207263,638.91262799871,272042
02/06/2010,640.709740686,653.83647683664,640.709740686,646.02294341364,376818
03/06/2010,652.4300408205,663.75966428385,650.515725131865,657.50883754545,283884
04/06/2010,654.969439182975,668.018039999385,654.969439182975,657.82137888237,265836
07/06/2010,641.88177069945,702.20224872501,632.97434259723,665.47864163691,410911
08/06/2010,667.58829566112,673.91725773375,655.047574517205,658.172987886405,272711
09/06/2010,658.172987886405,675.831573422385,653.2113941628,670.440235360515,545204
10/06/2010,668.8384610088,682.1214678279,661.0249275858,678.91791912447,498246
11/06/2010,680.5587611433,689.817798249555,665.752115306715,673.331242727025,386838
14/06/2010,675.8706410895,678.019362780825,667.35388965843,674.190731403555,194033
15/06/2010,674.190731403555,689.9350012509,669.54167901687,687.51280588977,406793
16/06/2010,691.4977079355,691.4977079355,671.963874378,674.77674641028,454773
17/06/2010,675.0892877472,681.80892649098,669.658882018215,676.222250093535,280078
18/06/2010,675.8706410895,679.777407801,668.21337833496,673.60471639683,165034
21/06/2010,673.721919398175,692.2790612778,673.721919398175,689.661527581095,303989
22/06/2010,684.93433986018,688.76297123745,670.86997969878,673.13590439145,222256
23/06/2010,666.4944009819,687.43467055554,664.9316942973,680.675964144645,351042
24/06/2010,700.8739480431,700.8739480431,677.4333477741,680.63689647753,338310
25/06/2010,674.3079344049,682.9028211702,670.674641363205,673.29217505991,218498
28/06/2010,671.1825210357,683.332565508465,665.439573969795,680.63689647753,256343
29/06/2010,679.23046046139,682.1214678279,670.909047365895,678.2147011164,177530
30/06/2010,674.77674641028,687.590941224,656.72748420315,686.10636987363,271788
01/07/2010,673.721919398175,681.73079115675,672.58895705184,677.12080643718,177384
02/07/2010,677.12080643718,678.2147011164,670.63557369609,674.347002072015,165826
05/07/2010,670.4011676934,678.956986791585,668.174310667845,674.22979907067,98894
06/07/2010,673.409378061255,677.82402444525,666.88507765305,668.721258007455,143382
07/07/2010,668.44778433765,671.963874378,664.54101762615,667.2757543242,135427
08/07/2010,668.44778433765,676.57385909757,653.36766483126,658.485529223325,348781
09/07/2010,662.5876342704,663.68152894962,649.3046274513,650.55479279898,303559
12/07/2010,652.4300408205,657.8995142166,643.13193604713,645.31972540557,406882
13/07/2010,646.9605674244,648.406071107655,639.1470340014,640.55347001754,311779
14/07/2010,644.6165073975,650.593860466095,626.6453805246,629.341049555535,683189
15/07/2010,629.341049555535,639.53771067255,625.23894450846,632.466462924735,916735
16/07/2010,631.3335005784,641.4910940283,631.3335005784,636.09975596643,673268
19/07/2010,636.8029739745,636.8029739745,630.94282390725,634.30264327914,212842
20/07/2010,637.5843273168,639.69398134101,628.9894405515,632.896207263,180505
21/07/2010,634.4589139476,646.49175541902,633.75569593953,644.46023672904,382292
22/07/2010,647.35124409555,650.0859807936,632.153921587815,637.701530318145,713994
23/07/2010,638.05313932218,644.968116401535,631.48977124686,640.670673018885,780140
26/07/2010,625.08267384,650.671995800325,625.08267384,643.874221722315,258082
27/07/2010,645.3978607398,664.07220562077,640.709740686,662.939243274435,637385
28/07/2010,668.118147242,670.84596689642,662.5834406968,664.67872246034,283940
29/07/2010,639.02140426152,667.7228110602,639.02140426152,664.87639055124,228579
30/07/2010,666.5368025148,671.6761728782,653.96511193356,657.0487341516,277471
02/08/2010,660.211423606,663.80898286038,655.78365836984,659.69748656966,86144
03/08/2010,660.25095722418,662.22763813318,648.5490062429,655.78365836984,256783
04/08/2010,654.281380879,654.281380879,644.7933125158,648.78620795198,265010
05/08/2010,648.7466743338,651.83029655184,642.0259592432,644.397976334,179966
06/08/2010,642.8166316068,656.21852816982,642.0259592432,654.55811620626,183621
09/08/2010,653.8860446972,668.82975236924,651.1186914246,667.80187829656,286613
10/08/2010,668.9088196056,676.024870878,664.32291989672,670.01576091464,260035
11/08/2010,670.4901643328,670.4901643328,664.32291989672,666.02286547846,165755
12/08/2010,656.258061788,668.9088196056,656.258061788,664.00665095128,116042
13/08/2010,664.164785424,677.6062156052,658.70914611516,667.3274748784,348915
16/08/2010,670.4901643328,675.70860193256,656.49526349708,659.2230831515,209170
17/08/2010,659.4207512424,669.22508855104,659.4207512424,662.02997004228,254276
18/08/2010,661.27883129686,667.3274748784,661.0020959696,664.24385266036,133796
19/08/2010,668.9088196056,699.58690731328,665.7461301512,698.44043238606,779603
20/08/2010,697.3730246952,702.43332782224,682.38978340498,688.71516231378,700573
23/08/2010,688.71516231378,697.3730246952,686.54081331388,691.68018367728,221455
24/08/2010,691.68018367728,695.83121358618,680.41310249598,684.56413240488,316699
25/08/2010,683.931594514,694.2103352408,680.41310249598,687.01521673204,230831
26/08/2010,682.3502497868,690.61277598642,678.83175776878,686.46174607752,386812
27/08/2010,681.59911104138,695.0010076044,678.3968879688,689.54536829556,306091
30/08/2010,692.6289905136,699.11250389512,688.75469593196,692.27318794998,483071
31/08/2010,687.45008653202,692.6289905136,678.5945560597,688.16169165926,179305
01/09/2010,694.96147398622,703.06586571312,687.884956332,700.02177711326,398912
02/09/2010,701.3263865132,713.1864719672,697.68929364064,708.08663522198,495355
03/09/2010,710.0237825128,714.3724805126,706.50529049478,708.95637482194,215132
06/09/2010,706.0704206948,715.558489058,706.0704206948,713.93761071262,254985
07/09/2010,715.558489058,766.87312545564,712.07953065816,760.58728016502,2211921
08/09/2010,760.15241036504,792.2537083272,750.78294285638,785.41439238206,2204253
09/09/2010,783.08190890944,783.08190890944,767.50566334652,775.57052145524,584871
13/09/2010,775.88679040068,803.99519292666,775.88679040068,783.12144252762,586932
14/09/2010,783.5563123276,785.1376570548,764.30344027394,766.99172631018,310699
15/09/2010,769.24514254644,778.812278146,754.3014348744,759.36173800144,421615
16/09/2010,758.76873372874,770.78695365546,751.13874542,763.55230152852,376116
17/09/2010,765.84525138296,793.0443806908,765.84525138296,788.97241801826,960077
20/09/2010,788.3003465092,811.15077781724,788.3003465092,807.35555047196,1024187
21/09/2010,806.485810872,814.392534508,797.86748210876,803.7184575994,441703
22/09/2010,804.1137937812,813.32512681714,789.8816912364,795.4163977816,428276
23/09/2010,797.7884148724,807.2764832356,791.6607040545,794.78385989072,238085
24/09/2010,797.15587698152,806.485810872,794.94199436344,802.21618010856,226618
27/09/2010,802.76965076308,816.369215417,796.28613738156,800.71390261772,275974
28/09/2010,798.579087236,812.77165616262,797.23494421788,807.51368494468,258912
29/09/2010,813.64139576258,820.67837979862,793.4397168726,794.74432627254,437664
30/09/2010,794.625725418,802.37431458128,776.51932829156,782.64703910946,490885
01/10/2010,782.765639964,796.9977425088,779.6029505096,793.87458667258,262832
04/10/2010,793.8350530544,809.6485003264,793.8350530544,803.59985674486,282543
05/10/2010,803.59985674486,818.26682908964,800.59530176318,814.31346727164,356402
06/10/2010,815.9738792352,822.14112367128,809.76710118094,815.3808749625,172042
07/10/2010,815.1832068716,830.20598178,805.4974704175,815.22274048978,399748
08/10/2010,810.43917269,822.45739261672,800.59530176318,805.14166785388,210431
11/10/2010,807.59275218104,814.392534508,800.31856643592,802.61151629036,136412
12/10/2010,800.9511043268,806.05094107202,783.5563123276,787.7073422365,230786
13/10/2010,784.62372001846,823.64340116212,784.62372001846,816.68548436244,446149
14/10/2010,816.68548436244,818.97843421688,804.9044661448,805.97187383566,357183
15/10/2010,808.0671555992,811.8228493263,784.90045534572,787.66780861832,331231
18/10/2010,779.2076143278,786.63993454564,763.23603258308,767.18939440108,478728
19/10/2010,774.74031547346,782.765639964,767.03125992836,771.93342858268,323537
20/10/2010,770.82648727364,778.73321090964,762.24769212858,766.59639012838,236484
21/10/2010,760.6268137832,789.8816912364,743.35062263854,775.21471889162,1283955
22/10/2010,774.858916328,782.3703037822,765.64758329206,777.66580321878,522537
25/10/2010,778.0216057824,813.6018621444,770.1148821464,810.08337012638,952307
26/10/2010,810.75544163544,812.8111897808,799.64649492686,801.66270945404,398430
27/10/2010,792.37230918174,800.83250347226,779.6029505096,783.71444680032,278819
28/10/2010,786.28413198202,798.34188552692,775.6495886916,778.37740834602,689664
29/10/2010,774.858916328,785.1376570548,767.9405331465,779.08901347326,260766
01/11/2010,781.9749676004,806.485810872,781.9749676004,801.66270945404,517558
02/11/2010,804.1137937812,842.77767236124,800.23949919956,839.57544928866,1279716
03/11/2010,846.019429052,864.83743130568,844.4380843248,856.4958378697,585041
04/11/2010,857.0888421424,868.9489275964,845.38689116112,860.56780054224,437792
05/11/2010,865.786238142,871.3209446872,857.879514506,861.51660737856,39041
08/11/2010,858.6701868696,896.93872926784,854.95402676068,882.35082415942,787138
09/11/2010,881.599685414,891.8784261408,869.73959996,887.09485834102,281965
10/11/2010,884.80190848658,885.47397999564,873.692961778,875.31384012338,242716
11/11/2010,876.8556512324,890.05987970452,850.01232448818,861.6352082331,285522
12/11/2010,860.2515315968,871.3209446872,846.92870227014,853.3331484153,227160
15/11/2010,846.019429052,853.926152688,833.40820485258,841.8683991431,202177
16/11/2010,846.019429052,846.73103417924,814.392534508,826.92469147106,271585
18/11/2010,836.5313606888,837.87550370692,812.0205174172,823.64340116212,315169
19/11/2010,828.6246370528,834.9500159616,802.61151629036,805.6951385084,168969
22/11/2010,812.8111897808,820.7179134168,803.56032312668,811.54611399904,278618
23/11/2010,810.0438365082,812.65305530808,790.83049807272,795.89080119976,234018
24/11/2010,794.625725418,801.58364221768,780.3936228732,787.3120060547,308849
25/11/2010,790.6723636,815.9738792352,777.27046703698,799.3697595996,508986
26/11/2010,797.55121316332,802.532449054,777.6262696006,793.0443806908,203951
29/11/2010,796.9977425088,798.42095276328,769.5218778737,788.77474992736,305794
30/11/2010,779.8006186005,786.3236656002,765.41038158298,777.86347130968,344035
01/12/2010,782.52843825492,798.579087236,775.2542525098,789.72355676368,268881
02/12/2010,793.0443806908,810.36010545364,784.50511916392,790.55376274546,314290
03/12/2010,791.4630359636,798.579087236,773.2775716008,775.92632401886,228397
06/12/2010,775.68912230978,789.80262400004,767.22892801926,771.61715963724,310255
07/12/2010,774.0682439644,801.58364221768,770.98462174636,788.14221203648,231331
08/12/2010,793.8350530544,806.40674363564,790.6723636,798.9744234178,486304
09/12/2010,800.1604319632,808.0671555992,772.4868992372,782.92377443672,514187
10/12/2010,786.63993454564,860.01432988772,777.4286015097,850.13092534272,1617859
13/12/2010,852.66107690624,855.34936294248,823.0899305076,830.83851967088,706981
14/12/2010,834.159343598,843.41021025212,828.6246370528,840.8800586886,333176
15/12/2010,836.5313606888,851.949471779,833.48727208894,841.90793276128,364499
16/12/2010,823.0899305076,853.84708545164,822.299258144,850.13092534272,646361
20/12/2010,834.159343598,868.83032674186,834.159343598,860.96313672404,426446
21/12/2010,863.4142210512,868.1582552328,846.2170971429,852.70061052442,158614
22/12/2010,843.76601281574,861.59567461492,842.8567395976,853.7284845971,261964
23/12/2010,853.926152688,863.96769170572,846.019429052,848.86584956096,181203
24/12/2010,848.3914461428,854.3214888698,844.91248774296,850.01232448818,541130
27/12/2010,846.8101014156,862.54448145124,846.8101014156,854.95402676068,170785
28/12/2010,857.0888421424,868.43499056006,852.85874499714,859.69806094228,257538
29/12/2010,861.0422039604,864.12582617844,854.16335439708,856.53537148788,132296
30/12/2010,857.879514506,864.12582617844,849.1821185064,851.07973217904,237035
31/12/2010,851.5541355972,858.2748506878,835.10815043432,850.44719428816,333986
03/01/2011,852.3448079608,857.40511108784,842.066067234,849.49838745184,242570
04/01/2011,849.73558916092,860.2515315968,842.066067234,848.66818147006,286869
05/01/2011,849.49838745184,853.84708545164,836.01742365246,841.59166381584,152987
06/01/2011,843.6474119612,845.6240928702,802.532449054,808.50202539918,482636
07/01/2011,809.6485003264,811.94145018084,782.80517358218,792.49091003628,338764
10/01/2011,792.2537083272,809.6485003264,777.2309334188,803.40218865396,335359
11/01/2011,804.1137937812,823.8806028712,803.04638609034,813.72046299894,247619
12/01/2011,813.72046299894,822.06205643492,802.532449054,813.08792510806,143167
13/01/2011,812.8111897808,831.7873265072,811.50658038086,820.79698065316,248333
14/01/2011,819.9272410532,825.38288036204,784.3469846912,793.75598581804,275921
17/01/2011,794.625725418,808.81829434462,790.11889294548,797.90701572694,131173
18/01/2011,805.4974704175,816.7645515988,797.03727612698,813.72046299894,123365
19/01/2011,808.8578279628,812.09958465356,793.0443806908,801.62317583586,226103
20/01/2011,795.4163977816,812.8111897808,793.8350530544,803.95565930848,103386
21/01/2011,802.532449054,809.56943309004,784.46558554574,787.78640947286,194315
24/01/2011,787.82594309104,800.39763367228,782.765639964,793.08391430898,191969
25/01/2011,796.8000744179,814.392534508,793.0443806908,805.37886956296,224820
27/01/2011,818.345896326,827.6362965983,801.03017156316,821.54811939858,674810
28/01/2011,813.4041940535,813.4041940535,778.812278146,784.46558554574,390918
31/01/2011,781.9749676004,790.59329636364,763.55230152852,784.07024936394,207783
01/02/2011,784.3469846912,789.24915334552,766.952192692,772.44736561902,255840
02/02/2011,773.94964310986,786.719001782,756.00138045614,783.5563123276,343670
03/02/2011,782.765639964,782.765639964,768.5335374192,778.14020663694,406310
04/02/2011,762.998830874,789.84215761822,760.6268137832,770.66835280092,472942
07/02/2011,770.27301661912,786.719001782,765.7661841466,782.1726356913,249513
08/02/2011,776.51932829156,784.46558554574,764.73831007392,767.3475288738,186823
09/02/2011,762.998830874,762.998830874,736.9066428752,742.36228218404,874165
10/02/2011,736.9066428752,781.9749676004,729.15805371192,754.45956934712,826080
11/02/2011,750.3480730564,781.89590036404,743.232021784,771.14275621908,516411
14/02/2011,777.0332653279,792.2537083272,767.03125992836,789.40728781824,805792
15/02/2011,801.7417766904,801.7417766904,782.765639964,793.0443806908,334371
16/02/2011,793.0443806908,802.532449054,779.84015221868,790.39562827274,604987
17/02/2011,789.8816912364,793.8350530544,784.3469846912,788.45848098192,244043
18/02/2011,792.96531345444,812.8111897808,775.72865592796,778.14020663694,540079
21/02/2011,781.1842952368,796.91867527244,781.14476161862,792.21417470902,196959
22/02/2011,786.719001782,802.37431458128,781.9749676004,796.87914165426,313614
23/02/2011,796.2070701452,808.0671555992,792.29324194538,801.82084392676,353046
24/02/2011,800.1604319632,810.00430289002,776.71699638246,789.76309038186,532613
25/02/2011,790.6723636,794.46759094528,771.73576049178,785.9283294184,207392
28/02/2011,780.3936228732,790.6723636,760.94308272864,766.43825565566,357591
01/03/2011,770.27301661912,789.0910188728,770.27301661912,776.59839552792,201320
03/03/2011,773.2775716008,788.61661545464,773.2775716008,782.88424081854,358882
04/03/2011,790.59329636364,790.59329636364,776.67746276428,780.5912909641,111247
07/03/2011,778.812278146,778.812278146,770.98462174636,774.97751718254,195292
08/03/2011,782.765639964,785.69112770932,775.37285336434,781.42149694588,307423
09/03/2011,786.67946816382,798.14421743602,782.84470720036,794.19085561802,140853
10/03/2011,794.625725418,802.532449054,785.21672429116,791.02816616362,332125
11/03/2011,782.80517358218,794.4280573271,778.17974025512,784.742320873,106008
14/03/2011,783.5563123276,800.1604319632,782.765639964,798.53955361782,140002
15/03/2011,782.765639964,800.1604319632,778.97041261872,795.57453225432,176745
16/03/2011,798.579087236,818.345896326,796.602406327,808.14622283556,534762
17/03/2011,804.82539890844,817.5552239624,800.1604319632,810.75544163544,316432
18/03/2011,812.0205174172,817.5552239624,804.74633167208,807.35555047196,174808
21/03/2011,807.35555047196,813.6018621444,801.9394447813,807.90902112648,206953
22/03/2011,809.6485003264,814.31346727164,802.65104990854,809.37176499914,147821
23/03/2011,806.485810872,823.8806028712,806.485810872,819.76910658048,447862
24/03/2011,822.77366156216,824.51314076208,814.392534508,817.08082054424,243833
25/03/2011,816.88315245334,823.8806028712,816.7645515988,820.55977894408,212958
28/03/2011,811.26937867178,827.4386285074,811.26937867178,823.72246839848,179751
29/03/2011,826.66635075498,841.6277252674,819.4477900064,840.70020070194,313656
30/03/2011,842.0309968176,874.77664669384,841.26478087222,869.97771524646,355464
31/03/2011,873.4861777332,886.3908673396,861.3880312272,866.67088853482,562194
01/04/2011,863.001117428,885.5843242392,862.96079027298,880.62408417174,240346
04/04/2011,877.63987470026,905.62692028414,875.3008997091,900.1021000464,330109
05/04/2011,902.36042072752,909.86127156124,889.37507681108,906.03019183434,267890
06/04/2011,905.98986467932,922.6853068576,903.44925391306,910.86945043674,364859
07/04/2011,904.45743278856,917.6444124801,855.7422295244,910.46617888654,329408
08/04/2011,903.36859960302,913.0067896528,897.6824707452,904.01383408334,197324
11/04/2011,904.01383408334,904.01383408334,881.63226304724,884.85843544884,85488
13/04/2011,871.066548432,904.9413586488,871.066548432,900.9086431468,264649
15/04/2011,888.8104966408,906.23182760944,884.7777811388,898.00508798536,236203
18/04/2011,895.262841444,911.393703452,882.68076907776,885.74563285928,180275
19/04/2011,879.131979436,893.97237248336,879.131979436,888.44755224562,96174
20/04/2011,896.0693845444,899.33588410102,883.9712380384,892.80288498778,208358
21/04/2011,891.6333974922,906.1511732994,891.6333974922,897.279199195,171027
25/04/2011,888.04428069542,907.36098795,888.04428069542,897.31952635002,115135
26/04/2011,899.45686556608,908.9740741508,888.4072250906,906.91738924478,463959
27/04/2011,907.7642595002,908.89341984076,891.230125942,895.34349575404,295692
28/04/2011,892.0366690424,899.295556946,884.7777811388,890.8268543918,245088
29/04/2011,891.0284901669,915.426418954,879.85786822636,897.52116212512,1735515
02/05/2011,899.13424832592,899.13424832592,881.9548802874,887.43937337012,68482
03/05/2011,877.5188932352,885.5843242392,867.15481439506,871.066548432,179734
04/05/2011,868.6469191308,868.6469191308,814.76984002408,825.33555463932,219816
05/05/2011,821.8674193076,821.8674193076,786.37952289,789.72667675666,329970
06/05/2011,790.412238392,802.02645903776,779.5239065366,798.23570646588,260983
09/05/2011,799.6874840466,814.608531404,798.55832370604,806.46244608996,238866
10/05/2011,801.05860731728,811.14039607228,789.6056952916,799.16323103134,572510
11/05/2011,790.412238392,799.6874840466,788.71849788116,797.18720043536,290549
12/05/2011,797.18720043536,804.7283784241,790.412238392,795.33215130444,380958
13/05/2011,794.444953894,809.44665556144,788.03293624582,804.40576118394,196424
16/05/2011,801.7038417976,819.77040724656,794.56593535906,806.90604479518,234632
17/05/2011,804.9300141992,816.2216176048,801.38122455744,805.89786591968,218518
18/05/2011,803.9218353237,806.5431004,795.2514969944,801.42155171246,148895
19/05/2011,792.428596143,808.03520513574,792.428596143,798.8809409462,77216
20/05/2011,800.0907555968,805.7365572996,795.13051552934,800.6956629221,184044
23/05/2011,797.6711262956,798.31636077592,776.4993699101,781.70157290768,100947
24/05/2011,787.83130047072,806.22048315984,781.01601127234,802.47005774298,183807
25/05/2011,798.477669396,808.9627297012,794.52560820404,806.46244608996,111645
26/05/2011,805.7365572996,816.2216176048,799.40519396146,807.83356936064,257329
27/05/2011,805.7365572996,813.07609951324,799.56650258154,806.70440902008,94990
30/05/2011,802.59103920804,812.10824779276,798.55832370604,803.39758230844,80832
31/05/2011,803.3169279984,834.93341753408,803.3169279984,828.5213998859,748029
01/06/2011,830.739393412,845.2571692192,830.739393412,841.86968819752,390695
02/06/2011,829.1263072112,841.2244537172,829.1263072112,833.28000417826,121181
03/06/2011,834.5704731389,849.33021187622,824.690320159,829.65056022646,73051
06/06/2011,826.82765937506,846.0637123196,820.57695034696,839.28875027624,133787
07/06/2011,829.9328503116,837.91762700556,826.70667791,830.86037487706,78765
08/06/2011,827.5132210104,837.1917382152,822.673962408,826.74700506502,51130
09/06/2011,822.75461671804,830.29579470678,813.1970809783,815.6167102795,59881
10/06/2011,815.53605596946,817.79437665058,803.47823661848,809.3660012514,94300
13/06/2011,806.30113746988,814.608531404,797.2678547454,809.7692728016,83326
14/06/2011,808.27716806586,822.14970939274,808.27716806586,813.31806244336,64491
15/06/2011,814.608531404,815.53605596946,796.8645831952,798.55832370604,86058
16/06/2011,794.36429958396,794.36429958396,770.248660882,775.61217249966,202257
17/06/2011,775.97511689484,785.5729797896,768.75655614626,774.16039491894,222035
20/06/2011,775.0879194844,778.1124561109,740.08394892704,756.3357924001,251124
21/06/2011,758.19084153102,769.76473502176,747.6654540708,764.48187771414,129339
22/06/2011,766.21594538,775.81380827476,763.7963160788,773.2731975085,109062
23/06/2011,772.6682901832,777.38656732054,764.72384064426,768.55492037116,84637
24/06/2011,768.6355746812,794.444953894,766.49823546514,788.55718926108,230832
27/06/2011,782.18549876792,796.8645831952,779.16096214142,791.78336166268,152734
28/06/2011,794.36429958396,794.36429958396,774.52333931412,776.13642551492,191706
29/06/2011,779.1206349864,789.96863968678,777.14460439042,778.87867205628,244306
30/06/2011,778.314091886,790.17027546188,760.65079798724,766.57888977518,351945
01/07/2011,767.86935873582,782.26615307796,759.40065618162,770.40996950208,333826
04/07/2011,782.22582592294,782.22582592294,765.44972943462,769.20015485148,278793
05/07/2011,767.86935873582,784.52447375908,767.86935873582,782.91138755828,372164
06/07/2011,782.66942462816,788.71849788116,774.40235784906,777.34624016552,130521
07/07/2011,777.5075487856,801.46187886748,777.5075487856,799.32453965142,438480
08/07/2011,800.8972986972,804.9300141992,776.37838844504,786.66181297514,315851
11/07/2011,784.7664366892,784.7664366892,769.80506217678,776.33806129002,103240
12/07/2011,772.6682901832,777.42689447556,756.81971826034,764.28024193904,143431
13/07/2011,766.21594538,778.23343757596,763.27206306354,770.97454967236,201697
14/07/2011,769.4421177816,794.8482254442,764.68351348924,789.4040595165,290314
15/07/2011,791.86401597272,798.0743978458,783.59694919362,790.53321985706,257956
18/07/2011,794.28364527392,796.8645831952,787.9926090908,791.98499743778,220352
19/07/2011,786.54083151008,800.0907555968,786.54083151008,795.89673147472,205804
20/07/2011,798.477669396,802.510384898,780.330449637,788.92013365626,175915
21/07/2011,791.2187814924,794.444953894,783.43564057354,788.63784357112,65360
22/07/2011,794.444953894,804.08314394378,785.65363409964,802.55071205302,577429
25/07/2011,802.18776765784,808.9627297012,794.48528104902,806.3414646249,277256
26/07/2011,806.66408186506,816.34259906986,796.54196595504,802.22809481286,248982
27/07/2011,798.477669396,808.07553229076,798.477669396,803.1152922233,162393
28/07/2011,792.95284915826,835.9819235646,791.2187814924,824.36770291884,717149
29/07/2011,810.69679736706,824.12573998872,803.55889092852,815.89900036464,228860
01/08/2011,814.608531404,822.673962408,809.89025426666,813.56002537348,186546
02/08/2011,809.08371116626,822.43199947788,808.9627297012,812.63250080802,252677
03/08/2011,812.46941167088,814.6303430112,802.8063790736,806.6797465704,131648
04/08/2011,805.0488549928,812.1840056448,797.098258552,801.3793489432,133293
05/08/2011,775.77435117488,798.117565788,775.77435117488,786.21205727152,268515
08/08/2011,763.42034747456,815.0380659056,763.42034747456,803.86645859904,525898
09/08/2011,774.79581622832,827.0658912904,774.79581622832,812.06168877648,614001
10/08/2011,815.4457888,827.677475632,815.4457888,824.13028645072,209526
11/08/2011,819.523017744,835.66884436224,814.30416469568,820.58309726944,245098
12/08/2011,820.62386955888,831.51007083936,806.8836080176,815.11961048448,205265
16/08/2011,816.38355145712,824.86418766064,803.6218248624,808.35141043744,105172
17/08/2011,811.368559856,819.523017744,807.73982609584,815.40501651056,188142
18/08/2011,816.2612345888,825.4349997128,808.67758875296,819.44147316512,226507
19/08/2011,807.291330912,822.01012739984,807.291330912,814.58957072176,149485
22/08/2011,810.67543093552,826.8620298432,807.6990538064,813.93721409072,171294
23/08/2011,815.4457888,826.658168396,814.26339240624,817.60672014032,114239
24/08/2011,814.30416469568,822.7848008992,810.1453911728,817.44363098256,320635
25/08/2011,823.43715753024,830.9392587872,813.69258035408,827.4736141848,287193
26/08/2011,829.22682263072,829.22682263072,799.3407344712,809.37071767344,187301
29/08/2011,819.523017744,821.80626595264,810.5531140672,817.484403272,189366
30/08/2011,827.4736141848,827.4736141848,810.1453911728,817.72903700864,266548
02/09/2011,842.23318296208,843.1709456192,817.11745266704,827.8813370792,403430
05/09/2011,819.80842377008,830.77616962944,813.04022372304,817.15822495648,272664
06/09/2011,815.52733337888,833.3855961536,811.7762827504,829.18605034128,348441
07/09/2011,835.34266604672,880.59990732512,831.79547686544,869.59138917632,948521
08/09/2011,872.64931088432,880.681451904,859.4798613952,865.35107107456,309492
09/09/2011,864.372536128,867.47123012544,824.4156924768,838.889855228,417813
12/09/2011,829.3083672096,854.22023605744,817.8921261664,840.07225162176,206385
13/09/2011,846.6365902216,862.7416445504,843.5786685136,859.56140597408,298225
14/09/2011,860.295307184,864.1686746808,842.64090585648,854.09791918912,240732
15/09/2011,858.6644156064,874.89178680352,855.4026324512,868.32744820368,317352
16/09/2011,866.12574457392,875.13642054016,837.870547992,846.35118419552,437667
19/09/2011,848.063620352,860.295307184,839.54221185904,856.13653366112,186912
20/09/2011,857.8489698176,872.36390485824,857.8489698176,869.83602291296,229243
21/09/2011,865.5957048112,879.53982779968,865.5957048112,873.91325185696,335309
22/09/2011,861.96697105104,884.59559169024,855.28031558288,871.22228075392,550496
23/09/2011,863.27168431312,879.41751093136,861.1107529728,871.9154096744,326450
26/09/2011,869.63216146576,888.0204640032,864.69871444352,881.33380853504,258670
27/09/2011,882.3123434816,893.7285845248,874.23943017248,889.97753389632,436504
28/09/2011,892.99468331488,899.028982152,883.45396758592,887.32733508272,314859
29/09/2011,880.80376877232,895.44102068128,878.27588682704,888.6320483448,439666
30/09/2011,885.5741266368,901.067596624,885.5741266368,895.80797128624,212032
03/10/2011,894.29939657696,900.98605204512,878.642837432,897.43886286384,202626
04/10/2011,894.5440303136,907.18344004,888.835909792,897.15345683776,271077
05/10/2011,896.99036768,910.0375003008,882.35311577104,902.6984882016,281592
07/10/2011,913.299283456,920.27134495024,899.4367050464,907.9988858288,266268
10/10/2011,903.5139339904,928.01807994384,890.71143510624,922.39150400112,406348
11/10/2011,917.41728468944,935.43863662192,917.41728468944,924.67475220976,317124
12/10/2011,925.16401968304,932.8699823872,923.0846329216,930.0159221264,379499
13/10/2011,929.608199232,930.30132815248,913.58468948208,915.46021479632,203945
14/10/2011,910.11904487968,918.84431481984,906.93880630336,912.8915605616,179109
17/10/2011,913.0954220088,914.44090756032,898.25430865264,906.3679942512,166197
18/10/2011,897.07191225888,909.58900511696,895.27793152352,901.35300265008,192206
19/10/2011,901.4753195184,924.7155244992,900.29292312464,918.5996810832,241848
20/10/2011,918.1919581888,918.1919581888,902.6984882016,909.26282680144,172325
21/10/2011,913.299283456,919.57821602976,907.06112317168,911.70916416784,105563
24/10/2011,921.37219676512,933.4815667288,918.35504734656,925.00093052528,131976
25/10/2011,928.7927534432,975.92552003584,925.08247510416,965.03931875536,697697
26/10/2011,964.6723681504,977.3117778768,958.43420786608,973.39763809056,76229
28/10/2011,984.2430670816,1009.03261906112,984.2430670816,998.1056454912,325130
31/10/2011,991.74516833856,998.1056454912,970.46203325088,974.49848990544,226551
01/11/2011,977.7195007712,986.0778201064,950.8097897408,965.61013080752,792811
02/11/2011,962.226030784,975.15084653648,956.68099942016,966.83329949072,268941
03/11/2011,962.226030784,995.74085270368,959.49428739152,986.93403818464,418844
04/11/2011,991.21512857584,1004.4253503544,986.77094902688,997.6979225968,304307
08/11/2011,998.1056454912,1002.7944587768,987.87180084176,993.70223823168,176541
09/11/2011,999.61422020048,999.61422020048,977.06714414016,984.69156226544,318602
11/11/2011,990.64431652368,997.901784044,971.64442964464,993.70223823168,231885
14/11/2011,996.59707078192,1005.40388530096,987.5048502368,992.47906954848,124930
15/11/2011,978.65726342832,996.39320933472,978.65726342832,985.42546347536,147904
16/11/2011,982.612175504,986.60785986912,963.28611030944,973.11223206448,111005
17/11/2011,972.8268260384,972.8268260384,938.74119206656,944.73471861424,262560
18/11/2011,938.61887519824,948.93426442656,923.9000787104,938.1703800144,261880
21/11/2011,933.80774504432,937.43647880448,919.8228497664,925.1232473936,246278
22/11/2011,925.1232473936,937.76265712,914.19627382368,931.646813704,156799
23/11/2011,925.44942570912,933.56311130768,918.27350276768,922.14687026448,240862
24/11/2011,921.0460184496,927.93653536496,900.33369541408,908.52892559152,350229
25/11/2011,905.144825568,920.6382955552,894.91098091856,913.54391719264,238195
28/11/2011,920.6382955552,977.7195007712,918.35504734656,972.6229645912,450395
29/11/2011,967.24102238512,972.0113802496,936.1317655424,946.65101621792,180659
30/11/2011,931.36140767792,940.04590532864,925.530970288,933.11461612384,263791
01/12/2011,949.74971021536,966.67021033296,946.936422244,955.2947415792,356072
02/12/2011,954.2754343432,994.0284165472,954.071572896,989.9511876032,411828
05/12/2011,986.689404448,999.3288141744,973.07145977504,982.0005911624,282124
07/12/2011,972.86759832784,1002.998320224,972.86759832784,993.86532738944,198062
08/12/2011,985.0585128704,993.29451533728,970.7882115664,980.73665018976,152386
09/12/2011,969.9727657776,977.14868871904,946.36561019184,949.01580900544,475795
12/12/2011,960.51359462752,960.51359462752,907.67270751328,913.9108677976,309947
13/12/2011,905.144825568,935.19400288528,897.88735804768,926.38718836624,163015
14/12/2011,932.8699823872,935.96867638464,915.90870998016,930.13823899472,177264
15/12/2011,919.12972084592,935.88713180576,917.3765124,929.89360525808,331343
16/12/2011,923.98162328928,952.032958424,911.79070874672,920.434434108,273133
19/12/2011,925.36788113024,930.66827875744,905.9602713568,921.12756302848,247098
20/12/2011,922.2691871328,925.28633655136,883.9432350592,898.49894238928,382452
21/12/2011,906.7757171456,936.9472113312,905.9602713568,929.56742694256,295832
22/12/2011,927.28417873392,941.839886064,917.49882926832,930.54596188912,249486
23/12/2011,933.685428176,947.71109574336,919.415126872,928.83352573264,182729
26/12/2011,932.74766551888,949.1788981632,923.9000787104,945.26475837696,155932
27/12/2011,949.1788981632,962.95993199392,944.77549090368,957.86339581392,283885
28/12/2011,958.14880184,967.1187055168,945.917115008,952.68531505504,202978
29/12/2011,950.32052226752,950.32052226752,934.25624022816,938.82273664544,237128
30/12/2011,938.86350893488,945.02012464032,923.12540521104,927.08031728672,111857
02/01/2012,933.685428176,934.13392335984,911.38298585232,928.67043657488,84764
03/01/2012,930.95368478352,945.02012464032,917.3765124,932.62534865056,276125
04/01/2012,925.530970288,929.608199232,891.36379173728,900.49678457184,419474
05/01/2012,895.52256526016,915.66407624352,882.55697721824,907.30575690832,568754
06/01/2012,902.78003278048,908.4066087232,887.2050182144,899.51824962528,395683
10/01/2012,896.99036768,917.3765124,896.99036768,910.07827259024,278206
11/01/2012,909.222054512,923.492355816,901.92381470224,910.52676777408,312348
12/01/2012,908.4066087232,919.8228497664,905.10405327856,913.46237261376,198250
13/01/2012,917.3765124,922.2691871328,908.03965811824,916.92801721616,268901
16/01/2012,913.38082803488,918.92585939872,901.14914120288,907.46884606608,94216
17/01/2012,908.36583643376,934.05237878096,908.36583643376,929.07815946928,299894
18/01/2012,932.8699823872,939.23045953984,917.90655216272,921.57605821232,167899
19/01/2012,929.608199232,961.0028621008,924.3078016048,938.86350893488,554303
20/01/2012,941.839886064,945.917115008,929.97514983696,937.80342940944,220675
23/01/2012,925.61251486688,952.4406813184,925.61251486688,950.4020668464,329281
24/01/2012,953.90848373824,965.4878139392,949.01580900544,959.5758319704,314557
25/01/2012,960.5951392064,975.2731634048,952.032958424,957.17026689344,318531
27/01/2012,962.226030784,984.2430670816,956.55868255184,971.76674651296,437354
30/01/2012,962.30757536288,982.612175504,949.994343952,954.2754343432,173280
31/01/2012,960.22818860144,980.00274897984,959.7796934176,972.98991519616,219228
01/02/2012,968.7495970944,989.9511876032,968.7495970944,980.1658381376,193030
02/02/2012,986.689404448,1031.09042764816,982.85680924064,1018.36947334288,552063
03/02/2012,1027.461693888,1039.69338072,1020.9381275776,1033.3736758568,444350
06/02/2012,1043.770609664,1104.84749924512,1037.4509048008,1087.96777141696,787628
07/02/2012,1093.5128027808,1120.4225138112,1060.16107001888,1108.10928240032,804084
08/02/2012,1104.15437032464,1135.9159837984,1089.639435284,1129.06623917248,684325
09/02/2012,1124.41819817632,1140.8086585312,1117.40536439264,1132.89883437984,594861
10/02/2012,1141.62410432,1159.3600502264,1089.639435284,1098.4054775136,667470
13/02/2012,1098.16084377696,1120.17788007456,1089.0278509424,1105.21444985008,236509
14/02/2012,1102.64579561536,1117.160730656,1089.639435284,1092.04500036096,227009
15/02/2012,1100.4440919856,1131.43103196,1093.5128027808,1116.99764149824,487225
16/02/2012,1106.23375708608,1116.26374028832,1087.8046822592,1097.10076425152,307914
17/02/2012,1103.2981522464,1129.22932833024,1090.08793046784,1114.26589810576,301964
21/02/2012,1112.6757788176,1125.76368372784,1104.15437032464,1117.7723149976,236404
22/02/2012,1117.7723149976,1117.9761764448,1073.04511348192,1080.71030389664,899339
23/02/2012,1073.20820263968,1082.58582921088,1054.3714049184,1059.50871338784,650929
24/02/2012,1055.1868507072,1076.388441216,1024.1999107328,1033.82217104064,728551
27/02/2012,1021.22353360368,1047.80706631856,1009.39956966608,1025.91234688928,623958
28/02/2012,1033.12904212016,1061.62887243872,1032.3543686208,1050.82421573712,326935
29/02/2012,1054.3714049184,1076.388441216,1054.3714049184,1065.01297246224,607159
01/03/2012,1064.156754384,1095.9591401472,1048.13324463408,1078.06010508304,296514
02/03/2012,1084.542899104,1104.929043824,1080.46567016,1091.43341601936,571085
05/03/2012,1084.542899104,1084.542899104,1049.15255187008,1059.79411941392,196330
06/03/2012,1050.37572055328,1072.18889540368,1038.0624891424,1054.12677118176,401721
07/03/2012,1047.847838608,1068.19321103856,1044.9937783472,1063.62671462128,115401
09/03/2012,1072.311212272,1085.52143405056,1060.97651580768,1075.36913398,216637
12/03/2012,1091.2714622392,1095.4019371152,1070.6190878592,1091.43668123424,248561
13/03/2012,1094.9888896276,1111.88253187044,1094.9888896276,1106.1411717928,417858
14/03/2012,1111.9238366192,1128.36312662568,1106.3476955366,1119.19347240096,353619
15/03/2012,1117.7065014456,1123.53047102076,1105.39768631512,1110.14773242252,235917
16/03/2012,1103.6628868672,1119.358691396,1090.98232899788,1106.88465727048,630540
19/03/2012,1103.74549636472,1142.94370293796,1094.86497538132,1119.31738664724,467649
20/03/2012,1119.358691396,1138.3588758256,1106.967266768,1122.95220453812,242171
21/03/2012,1122.6630712968,1154.0546803544,1119.358691396,1148.8915867594,571947
22/03/2012,1144.141540652,1160.663440156,1099.61502148872,1110.6846941564,390768
23/03/2012,1114.98038802744,1144.141540652,1107.999885487,1133.44361072316,321888
26/03/2012,1123.6956900158,1128.19790763064,1093.7497471648,1098.95414550856,146205
27/03/2012,1102.836791892,1111.05643689524,1076.52566693188,1093.99757565736,488224
28/03/2012,1091.2714622392,1106.18247654156,1083.17573148224,1093.7497471648,361315
29/03/2012,1094.41062314496,1097.63239354824,1066.9016604708,1092.34538570696,598932
30/03/2012,1085.32357841776,1135.8805909,1071.0321353468,1123.03481403564,305712
02/04/2012,1120.1847863712,1132.82403949176,1102.6302681482,1108.6194567184,306927
03/04/2012,1116.8804064704,1134.4349246934,1116.4673589828,1127.0000699166,387716
04/04/2012,1125.71962270504,1125.71962270504,1103.6628868672,1110.84991315144,136693
09/04/2012,1098.78892651352,1104.4889818424,1080.90397030044,1083.91921695992,243224
10/04/2012,1092.46929995324,1092.46929995324,1069.792992884,1073.96477250876,550922
11/04/2012,1063.1842330824,1063.1842330824,1008.70326946796,1021.4664368348,696632
12/04/2012,1032.618719,1060.87116715184,1029.3143390992,1057.02982551716,323025
13/04/2012,1061.7385668758,1077.80611414344,1035.38613716692,1039.847050033,209577
16/04/2012,1035.0970039256,1046.62102882964,1016.9229144712,1022.4990555538,249843
17/04/2012,1024.357769248,1041.74706847596,1009.4880596944,1036.50136538344,422266
18/04/2012,1048.76887576516,1080.9452750492,1042.28403020984,1071.61040182944,568123
19/04/2012,1082.10180801448,1089.6192722888,1022.95340779016,1030.63609105952,1232436
20/04/2012,1024.357769248,1024.357769248,989.82699928464,1013.53592507288,1271168
23/04/2012,1003.705394868,1035.5100514132,1003.705394868,1027.20779691244,539600
24/04/2012,1028.488244124,1037.1622413636,994.2053026532,1002.96190939032,437985
25/04/2012,1011.88373512248,1019.8142468844,981.4008305376,986.93566687144,370614
26/04/2012,987.183495364,1011.96634462,986.85305737392,1006.88586052252,244451
27/04/2012,999.61622474076,1022.62296980008,982.59866825164,987.22480011276,327450
30/04/2012,988.0095903392,1029.3143390992,988.0095903392,1022.00339856868,298916
02/05/2012,1025.1838642232,1032.45350000496,993.95747416064,1001.92929067132,337979
03/05/2012,992.18136996396,1024.23385500172,988.09219983672,996.97272082012,487449
04/05/2012,989.6617802896,1009.4880596944,988.8356853144,998.29447278044,452897
07/05/2012,987.183495364,1026.0099591984,980.3682118186,1020.227294372,472334
08/05/2012,1016.17942899352,1032.618719,1001.2271099424,1009.36414544812,285478
09/05/2012,995.56835936228,1007.0097747688,987.55523810284,992.88355069288,170300
10/05/2012,991.35527498876,1011.96634462,988.0095903392,990.52918001356,234234
11/05/2012,980.65734505992,994.16399790444,954.139696356,963.18543633444,292168
14/05/2012,963.2267410832,981.1943067938,947.48963180564,969.25723440216,340234
15/05/2012,959.0962662072,980.40951656736,959.0962662072,970.12463412612,375606
16/05/2012,952.61142065188,974.70946123848,941.78957647676,968.55505367324,483427
17/05/2012,970.66159586,976.4442606864,948.23311728332,967.27460646168,528766
18/05/2012,958.270171232,973.88336626328,953.64403937088,958.18756173448,240637
21/05/2012,955.7918863064,965.45719751624,943.4004616784,945.96135610152,337633
22/05/2012,950.00922148,956.16362904524,929.3568471,933.65254097104,338375
23/05/2012,932.49600800576,942.5743667032,923.11983003724,933.85906471484,347447
24/05/2012,935.22212142392,960.17018967496,922.08721131824,954.5527438436,369305
25/05/2012,945.96135610152,955.62666731136,940.0960817776,945.21787062384,168772
28/05/2012,945.878746604,970.12463412612,936.13082589664,961.53324638404,336576
29/05/2012,970.2485483724,970.2485483724,936.08952114788,940.05477702884,313542
30/05/2012,940.0960817776,965.7050260088,933.487321976,960.33540867,350209
31/05/2012,952.4875064056,965.37458801872,937.74171109828,942.53306195444,907234
01/06/2012,951.57880193288,951.57880193288,925.26767697276,930.88512280412,327115
04/06/2012,921.21981159428,936.29604489168,912.05015736956,929.64598034132,253981
05/06/2012,919.52631689512,944.2265566536,918.6176124224,933.23949348344,306541
06/06/2012,935.05690242888,963.18543633444,935.05690242888,957.15494301548,498775
07/06/2012,965.7050260088,967.85287294432,943.85481391476,953.80925836592,293072
08/06/2012,942.61567145196,952.6940301494,934.80907393632,948.02659353952,277161
11/06/2012,950.87662120396,965.7050260088,943.48307117592,949.51356449488,252831
12/06/2012,947.943984042,986.7704478764,938.8569393148,981.4008305376,447916
13/06/2012,987.84437134416,987.84437134416,969.4224533972,974.87468023352,320307
14/06/2012,969.8355008848,997.9227300416,967.60504445176,983.01171573924,579824
15/06/2012,993.29659818048,1017.41857145632,987.26610486152,1010.5206784134,486554
18/06/2012,1016.096819496,1031.71001452728,1006.1836797936,1012.42069685636,443463
19/06/2012,1003.705394868,1022.29253181,992.51180795404,1014.40332479684,333377
20/06/2012,979.7486405872,1059.63202468904,974.87468023352,1050.13193247424,2090579
21/06/2012,1029.3143390992,1044.96883887924,1013.90766781172,1035.67527040824,861621
22/06/2012,985.5313054136,1025.76213070584,983.13562998552,1003.74669961676,1188138
25/06/2012,1002.0532049176,1018.45119017532,994.6183501408,998.70752026804,376236
26/06/2012,1003.66409011924,1014.4446295456,998.7488250168,1008.29022198036,250333
27/06/2012,1014.48593429436,1016.096819496,994.49443589452,994.94878813088,378952
28/06/2012,998.00533953912,1014.4446295456,994.49443589452,1010.64459265968,388261
29/06/2012,1015.93160050096,1052.27977940976,1014.6511532894,1047.52973330236,440598
02/07/2012,1045.2166673718,1090.445367264,1035.5100514132,1083.54747422108,652701
03/07/2012,1087.30620635824,1091.2714622392,1061.98639536836,1070.12343087408,376624
04/07/2012,1072.2712778096,1078.38438062608,1059.0537582064,1063.72119481628,311538
05/07/2012,1069.71038338648,1078.053942636,1063.76249956504,1071.2386590906,222381
06/07/2012,1069.792992884,1081.7713700244,1063.1842330824,1070.70169735672,205615
09/07/2012,1060.95377664936,1067.43862220468,1044.22535340156,1057.73200624608,237291
10/07/2012,1060.7059481568,1063.63858531876,1040.96227824952,1050.75150370564,440324
11/07/2012,1049.47105649408,1062.9777093386,1041.2927162396,1044.51448664288,374756
12/07/2012,1041.66445897844,1051.49498918332,1036.87310812228,1043.977524909,234747
13/07/2012,1048.89279001144,1051.86673192216,1040.879668752,1044.14274390404,108365
16/07/2012,1045.8362386032,1050.7928084544,1036.749193876,1039.51661204292,126366
17/07/2012,1042.5318587024,1050.04932297672,1032.28828100992,1039.06225980656,219251
18/07/2012,1039.2274788016,1058.55810122128,1026.38170193724,1046.62102882964,265380
19/07/2012,1053.27109338,1055.58415931056,1037.65789834872,1043.23403943132,336104
20/07/2012,1035.9230989008,1047.94278078996,1035.17961342312,1040.30140226936,156653
23/07/2012,1032.90785224132,1050.50367521308,1031.21435754216,1035.42744191568,252141
24/07/2012,1036.46006063468,1055.336330818,1034.51873744296,1048.85148526268,241854
25/07/2012,1042.65577294868,1067.3147079584,1042.65577294868,1054.26240735024,587058
26/07/2012,1059.8798531816,1064.96033727908,1034.51873744296,1041.58184948092,664339
27/07/2012,1065.57990851048,1081.3583225368,1057.85592049236,1068.760374165,516839
30/07/2012,1080.5322275616,1080.5322275616,1064.54728979148,1072.14736356332,264596
31/07/2012,1073.92346776,1100.60633545896,1069.87560238152,1093.91496615984,464226
01/08/2012,1094.5813779522,1105.99367999021,1090.4163042157,1102.41171657682,213202
02/08/2012,1097.16372366883,1106.07698146494,1094.62302868956,1097.53858030511,235040
03/08/2012,1092.99864993233,1095.4143926995,1087.16754670123,1090.16639979151,204409
06/08/2012,1103.57793722304,1103.7445401725,1094.78963163902,1097.87178620404,252736
07/08/2012,1098.12169062823,1118.65550414917,1086.2512304792,1112.0746876455,539140
08/08/2012,1117.0727761293,1130.31771061137,1112.0746876455,1117.0727761293,249087
09/08/2012,1118.82210709863,1125.69447876385,1110.95011773665,1115.2817944226,210733
10/08/2012,1112.0746876455,1128.56837964204,1112.0746876455,1117.94744161396,241339
13/08/2012,1117.94744161396,1136.2321153172,1115.82325400835,1133.10831001483,235748
14/08/2012,1132.900056328,1136.14881384247,1124.98641622865,1128.48507816731,174980
16/08/2012,1129.5679973388,1131.27567757077,1112.15798912023,1114.94858852368,124774
17/08/2012,1112.1996398576,1114.94858852368,1099.7044186481,1104.86911008135,190538
21/08/2012,1107.909613909,1135.3991005699,1099.579466436,1131.1090746213,175534
22/08/2012,1125.81943097595,1141.89661559884,1120.57143806796,1133.77472181266,180195
23/08/2012,1137.8981448118,1139.48087283167,1116.239761382,1121.86261092628,139318
24/08/2012,1119.40521742174,1119.94667700749,1107.49310653535,1114.86528704896,80693
27/08/2012,1114.5737318874,1124.40330590554,1109.5756434036,1121.82096018891,130973
28/08/2012,1125.31962212757,1125.31962212757,1103.28638206149,1112.44954428179,86913
29/08/2012,1118.7388056239,1118.7388056239,1102.0785106779,1114.40712893794,138753
30/08/2012,1108.32612128265,1114.78198557423,1094.24817205328,1105.285617455,494750
31/08/2012,1097.0804221941,1105.4105696671,1086.3761826913,1089.99979684205,187492
03/09/2012,1092.12398444766,1095.4143926995,1077.12971899626,1090.08309831678,156395
04/09/2012,1089.33338504421,1089.33338504421,1079.7120647129,1085.2932635198,122845
05/09/2012,1077.213020471,1087.62570481225,1069.96579216948,1084.21034434831,161826
06/09/2012,1077.29632194573,1117.94744161396,1070.5489024926,1112.65779796861,258662
07/09/2012,1126.3608905617,1126.40254129906,1112.57449649388,1117.1977283414,149908
10/09/2012,1111.3666251103,1124.569908855,1107.78466169691,1113.40751124118,168748
11/09/2012,1115.4067466347,1136.02386163038,1108.15951833319,1125.48622507703,263966
12/09/2012,1128.7349825915,1140.98029937681,1125.4029236023,1130.19275839928,139043
13/09/2012,1135.81560794355,1135.81560794355,1112.15798912023,1119.15531299755,159365
14/09/2012,1132.65015190381,1157.72389579754,1124.81981327919,1154.35018607098,356506
17/09/2012,1162.0555724835,1165.22102852324,1135.64900499409,1142.22982149776,202524
18/09/2012,1141.06360085154,1151.01812708177,1133.69142033794,1140.18893536688,183006
20/09/2012,1120.4048351185,1138.31465218545,1120.4048351185,1131.52558199496,210463
21/09/2012,1131.90043863124,1157.55729284808,1127.73536489474,1149.14384390035,341204
24/09/2012,1145.60353122433,1150.10181085975,1135.23249762044,1139.43922209431,379089
25/09/2012,1137.52328817552,1150.3933660213,1137.52328817552,1146.72810113318,225100
26/09/2012,1147.0613070321,1197.25044555693,1144.06245394182,1189.79496356859,571975
27/09/2012,1191.62759601265,1212.8694720688,1191.62759601265,1205.99710040358,566330
28/09/2012,1209.5374130796,1230.77928913575,1199.95774348565,1224.57332926836,416847
01/10/2012,1220.3666047945,1236.98524900314,1206.2053540904,1214.5355015634,389576
03/10/2012,1222.0326342891,1229.07160890379,1212.24471100833,1219.4086378351,335555
04/10/2012,1226.1977080256,1287.29933974006,1223.74031452107,1233.44493632711,460062
05/10/2012,1237.0268997405,1240.31730799234,1156.76592883815,1214.24394640185,355677
08/10/2012,1213.7024868161,1213.7024868161,1183.08919485283,1192.71051518414,258514
09/10/2012,1198.7082213647,1207.20497178716,1181.38151462086,1191.00283495218,255550
10/10/2012,1188.54544144764,1205.87214819148,1182.54773526708,1187.12931637723,276622
11/10/2012,1188.12893407399,1207.871383585,1185.75484204419,1201.66542371761,495035
12/10/2012,1206.2053540904,1257.76896694827,1182.880941166,1247.89774219277,540585
15/10/2012,1245.44034868823,1261.51753331112,1237.11020121523,1240.52556167916,270212
16/10/2012,1242.44149559795,1247.8560914554,1200.95736118241,1204.28942017161,244719
17/10/2012,1208.7043983323,1214.6604537755,1181.29821314613,1189.25350398285,384513
18/10/2012,1195.3761623755,1209.49576234224,1171.30203617853,1179.6738343889,1007249
19/10/2012,1182.0479264187,1195.3761623755,1163.92985566493,1172.75981198631,1161090
22/10/2012,1172.75981198631,1186.2130001552,1164.59626746276,1181.75637125715,206594
23/10/2012,1180.256944712,1186.00474646838,1164.76287041223,1169.80260963339,162542
25/10/2012,1171.88514650164,1177.46634530855,1157.68224506018,1167.30356539149,472667
26/10/2012,1166.30394769473,1182.880941166,1164.05480787702,1169.80260963339,164251
29/10/2012,1169.5527052092,1182.880941166,1169.5527052092,1178.50761374267,203521
30/10/2012,1178.67421669214,1183.38075001438,1145.72848343642,1148.22752767832,240462
31/10/2012,1146.3532444969,1158.55691054484,1137.14843153923,1148.76898726406,222922
01/11/2012,1153.68377427313,1166.0956940079,1142.22982149776,1162.13887395823,206184
02/11/2012,1171.3436869159,1180.63180134829,1165.34598073534,1173.21797009732,128716
05/11/2012,1173.7177789457,1199.541236112,1168.30318308825,1196.66733523382,287398
06/11/2012,1195.29286090077,1232.77852452927,1193.79343435563,1227.36392867182,460872
07/11/2012,1227.0307227729,1232.77852452927,1215.4934685228,1226.78081834871,163447
08/11/2012,1217.0345458053,1239.48429324504,1212.20306027096,1227.36392867182,255270
09/11/2012,1231.90385904461,1236.1938849932,1202.45678772755,1210.57868151373,100549
12/11/2012,1220.03339889558,1220.03339889558,1190.3780738917,1194.91800426449,132813
13/11/2012,1195.3761623755,1203.33145321221,1180.34024618674,1186.04639720574,36593
15/11/2012,1182.92259190336,1185.58823909472,1157.09913473707,1169.88591110812,154561
16/11/2012,1175.34215770294,1175.34215770294,1140.77204568999,1147.97762325413,132921
19/11/2012,1149.560351274,1163.51334829127,1139.5641743064,1151.76784035435,232264
20/11/2012,1153.7254250105,1160.3895429889,1125.77778023859,1148.64403505197,295540
21/11/2012,1154.01698017205,1161.2225577362,1138.39795366018,1153.14231468739,128288
22/11/2012,1150.47666749603,1170.30241848177,1150.47666749603,1159.26497308005,151796
23/11/2012,1160.3895429889,1164.97112409905,1142.93788403297,1150.64327044549,93370
26/11/2012,1153.7254250105,1158.18205390855,1141.89661559884,1151.89279256644,97414
27/11/2012,1153.7254250105,1164.5546167254,1150.3933660213,1158.30700612065,199225
29/11/2012,1153.80872648523,1173.7177789457,1153.80872648523,1162.97188870553,406007
30/11/2012,1165.3876314727,1171.46863912799,1145.3952775375,1152.80910878847,396398
03/12/2012,1159.76478192843,1205.62224376729,1153.39221911158,1196.12587564807,444275
04/12/2012,1197.0421918701,1200.3742508593,1178.7158674295,1188.42048923555,220179
05/12/2012,1188.96194882129,1201.2072656066,1183.92220960013,1192.83546739624,383561
06/12/2012,1191.29439011373,1196.95889039537,1167.0536609673,1181.50646683295,204042
07/12/2012,1187.0460149025,1197.8752066174,1174.550793693,1178.54926448004,134225
10/12/2012,1178.54926448004,1192.25235707313,1168.34483382562,1177.46634530855,123173
11/12/2012,1179.5488821768,1211.2034425742,1179.5488821768,1189.46175766967,350593
12/12/2012,1198.7082213647,1201.2072656066,1180.3818969241,1183.75560665066,169752
13/12/2012,1193.7101328809,1203.24815173749,1138.8561117712,1162.93023796817,606241
14/12/2012,1168.7196904619,1176.67498129861,1154.5584397578,1169.84426037075,344117
17/12/2012,1170.30241848177,1181.2149116714,1157.890498747,1178.42431226795,179102
18/12/2012,1179.17402554052,1185.3799854079,1159.09837013059,1175.09225327875,174560
19/12/2012,1186.2130001552,1186.2130001552,1169.26115004765,1178.75751816686,295600
20/12/2012,1179.5488821768,1179.5488821768,1164.01315713966,1168.30318308825,131449
21/12/2012,1165.3876314727,1168.67803972453,1152.184347728,1163.97150640229,226752
24/12/2012,1164.13810935175,1178.7158674295,1161.01430404938,1175.2588562282,151467
26/12/2012,1178.67421669214,1188.0039818619,1175.46710991503,1178.92412111633,113329
27/12/2012,1182.63103674181,1182.880941166,1163.26344386709,1168.63638898717,331757
28/12/2012,1170.3857199565,1180.29859544937,1162.01392174614,1174.09263558199,139943
31/12/2012,1176.17517245024,1197.0421918701,1172.8847641984,1193.04372108306,187843
01/01/2013,1199.541236112,1200.24929864721,1186.25465089257,1192.12740486103,125055
02/01/2013,1197.20879481956,1201.2072656066,1187.8790296498,1190.79458126535,151236
03/01/2013,1193.33527624461,1209.95392045325,1187.58747448825,1196.45908154699,191679
04/01/2013,1202.70669215174,1205.20573639364,1187.8790296498,1195.20955942604,212749
07/01/2013,1198.7082213647,1200.20764790984,1177.63294825801,1180.75675356039,103537
08/01/2013,1178.7158674295,1197.0421918701,1174.6757459051,1180.92335650985,202780
09/01/2013,1182.880941166,1186.75445974095,1159.63982971633,1164.30471230121,215340
10/01/2013,1166.72045506838,1169.5527052092,1143.7292480429,1148.76898726406,645428
11/01/2013,1151.2263807686,1156.26611998977,1127.9019678442,1134.06627697422,445618
14/01/2013,1135.48240204463,1142.0632185483,1113.40751124118,1133.19161148956,305331
15/01/2013,1136.2321153172,1159.59817897897,1132.900056328,1156.55767515132,448304
16/01/2013,1155.3914545051,1160.59779667573,1141.56340969992,1153.30891763685,414323
17/01/2013,1150.3933660213,1152.72580731374,1122.0708646131,1131.9420893686,427326
18/01/2013,1133.31656370165,1138.35630292282,1112.57449649388,1120.5297873306,312056
21/01/2013,1121.27950060316,1122.02921387573,1100.4124811833,1112.49119501915,293472
22/01/2013,1107.03494842433,1142.0632185483,1106.2435844144,1131.98374010597,473826
23/01/2013,1131.27567757077,1142.64632887141,1120.4048351185,1128.81828406623,380989
24/01/2013,1123.07048230986,1138.23135071072,1111.28332363557,1121.15454839107,206776
25/01/2013,1115.4067466347,1123.65359263297,1087.0842452265,1105.20231598027,432745
28/01/2013,1107.99291538373,1122.86222862303,1098.7464516887,1106.9516469496,213295
29/01/2013,1107.0765991617,1119.15531299755,1083.83548771203,1087.00094375177,338752
30/01/2013,1091.45757264983,1112.0746876455,1087.37580038806,1103.53628648567,192885
31/01/2013,1106.2435844144,1112.65779796861,1097.16372366883,1102.16181215263,190447
01/02/2013,1103.7445401725,1110.32535667617,1095.5393449116,1098.53819800188,161112
04/02/2013,1100.5374333954,1107.57640801008,1079.92031839972,1083.37732960101,301752
05/02/2013,1071.2569650278,1105.91037851548,1071.2569650278,1102.66162100101,232660
06/02/2013,1106.2435844144,1118.65550414917,1097.9134369414,1110.49195962563,346301
07/02/2013,1107.0765991617,1123.7368941077,1101.16219445587,1119.82172479539,564210
08/02/2013,1105.24396671764,1111.28332363557,1078.0460352183,1086.04297679237,651483
11/02/2013,1086.2512304792,1088.25046587272,1044.35058869001,1048.01585357813,586196
12/02/2013,1051.09800814314,1052.9306405872,1025.52445540103,1032.27187485416,468852
13/02/2013,1040.35211790297,1051.30626182997,1002.1167410019,1040.68532380189,515017
14/02/2013,1041.268434125,1049.34867717381,1027.98184890556,1037.97802587317,227468
15/02/2013,1035.4373308939,1053.7636553345,1017.9440212006,1048.64061463861,481671
18/02/2013,1047.68264767921,1070.38229954314,1041.35173559973,1051.43121404206,323482
19/02/2013,1049.97343823429,1087.62570481225,1049.97343823429,1082.75256854054,502203
20/02/2013,1087.00094375177,1096.2474074468,1073.92261221916,1092.2072859224,533747
21/02/2013,1088.66697324637,1094.08156910382,1079.21225586452,1083.7521862373,762522
22/02/2013,1082.96082222737,1089.62494020576,1078.7540977535,1083.71053549994,376072
25/02/2013,1084.5852009846,1100.4124811833,1077.12971899626,1087.58405407488,332686
26/02/2013,1080.4201272481,1092.9153484576,1076.00514908741,1081.54469715695,575710
27/02/2013,1091.249318963,1095.4143926995,1079.5871125008,1084.83510540879,777462
28/02/2013,1091.249318963,1094.5813779522,1044.18398574055,1060.05291667662,1027631
01/03/2013,1053.7636553345,1066.17557506927,1040.01891200405,1055.76289072802,149900
04/03/2013,1048.7655668507,1049.34867717381,1008.86416045503,1017.40256161485,544871
05/03/2013,1018.7770359479,1055.47133556647,1005.15724482955,1046.64137924509,774874
06/03/2013,1053.7636553345,1057.0957143237,1037.14501112587,1044.64214385156,571084
07/03/2013,1044.64214385156,1060.34447183817,1034.18780877295,1052.43083173882,182410
08/03/2013,1053.22219574875,1064.05138746365,1046.2665226088,1052.0976258399,462470
11/03/2013,1053.7636553345,1061.17748658547,1042.43465477122,1056.88746063687,434366
12/03/2013,1058.13698275783,1083.50228181311,1052.63908542565,1071.54852018936,560660
13/03/2013,1064.5928470494,1070.4239502805,1038.51948545891,1041.01852970081,248768
14/03/2013,1044.35058869001,1053.7636553345,1033.35479402565,1048.93216980016,250401
15/03/2013,1056.01279515221,1061.21913732283,1030.81409904639,1040.72697453926,181249
18/03/2013,1032.02197042997,1049.34867717381,1015.3200247466,1021.4010324019,256947
19/03/2013,1024.35823475481,1024.35823475481,991.37085076173,995.910781134515,488141
20/03/2013,993.03688025633,994.744560488295,946.429705144895,956.3009299004,460560
21/03/2013,968.159400228,986.5400292612,947.0259120078,952.4469270222,419961
22/03/2013,952.9127955,977.2226597052,952.1081135838,972.0557547696,384056
25/03/2013,985.523588946,990.9446039604,974.0886354,979.0014302568,421058
26/03/2013,974.0886354,990.182273724,969.006433824,981.5848827246,287769
28/03/2013,972.4792715676,989.335240128,966.5500363956,981.8813444832,224295
01/04/2013,991.02930732,995.2644753,974.5545038778,983.3213015964,203695
02/04/2013,982.0083995226,1000.346676876,978.4085067396,996.6197290536,225361
03/04/2013,996.6197290536,996.6197290536,980.44138737,984.464796951,195481
04/04/2013,979.9331672124,979.9331672124,958.0797004356,965.0677276026,278827
05/04/2013,957.2326668396,968.159400228,937.3273773336,956.512688283,480105
08/04/2013,956.512688283,961.3407797802,948.0847040028,954.5221593324,164127
09/04/2013,958.418513874,983.7871700742,954.6492143718,957.8255903568,223511
10/04/2013,957.571480278,981.711937764,948.254110722,971.759293011,274655
11/04/2013,982.6436747196,984.041280153,961.594889859,968.159400228,149183
12/04/2013,965.61829944,974.8509656364,958.8843823518,972.4792715676,207661
15/04/2013,970.9546110948,978.7896718578,955.03037949,966.2959263168,143017
16/04/2013,965.61829944,1004.581844856,955.6233030072,995.1374202606,331214
17/04/2013,997.4244109698,1017.287348796,991.2834173988,1006.8688355652,219450
18/04/2013,1008.817012836,1032.4068984846,992.723374512,1026.3506082732,200677
22/04/2013,1028.298785544,1041.004289484,1022.4119020518,1030.6704796128,209558
23/04/2013,1030.7551829724,1036.1761979868,1019.1084710274,1029.569335938,211169
25/04/2013,1036.769121504,1067.26233096,1036.0067912676,1063.0695146598,172527
26/04/2013,1057.097927808,1070.5657619844,1047.8652616116,1056.8014660494,387348
29/04/2013,1055.9967841332,1056.3779492514,1028.3411372238,1050.8298791976,241327
30/04/2013,1054.55682702,1060.486062192,1020.67548318,1044.6465339468,348829
02/05/2013,1045.239457464,1066.5847040832,1045.239457464,1058.791995,228339
03/05/2013,1067.26233096,1079.9678349,1035.4562194302,1039.5643323708,473075
06/05/2013,1041.85132308,1054.55682702,1022.4542537316,1025.8847397954,243621
07/05/2013,1027.02823515,1040.157255888,1016.6097219192,1037.1502866222,308866
08/05/2013,1036.769121504,1044.0112587498,1024.91065116,1029.4846325784,269835
09/05/2013,1032.4492501644,1039.310222292,1024.487134362,1028.298785544,237628
10/05/2013,1033.2115804008,1055.192102217,1027.8329170662,1052.5239463896,203539
13/05/2013,1049.474625444,1052.5239463896,1017.7955689536,1022.2848470124,265818
14/05/2013,1024.91065116,1033.8468555978,1012.7980707372,1020.2096147022,262120
15/05/2013,1024.91065116,1045.8323809812,1021.6072201356,1041.639564681,195554
16/05/2013,1041.85132308,1063.02716298,1041.639564681,1059.1731601182,241297
17/05/2013,1063.874196576,1084.1182995204,1060.486062192,1075.1820950826,285073
20/05/2013,1082.508935688,1082.508935688,1050.8722308774,1055.9544324534,105060
21/05/2013,1057.097927808,1057.097927808,1029.14581914,1035.7526811888,186211
22/05/2013,1037.3620450212,1042.9948184346,1026.0964981944,1033.2962837604,407474
23/05/2013,1024.91065116,1031.6022165684,1008.817012836,1021.6919234952,218421
24/05/2013,1031.686919928,1042.698356676,1013.9415660918,1038.7172987748,150247
27/05/2013,1037.6161551,1057.097927808,1026.0964981944,1054.9379921382,146873
28/05/2013,1049.686383843,1060.0201937142,1043.545390272,1054.980343818,219336
29/05/2013,1050.2369556804,1058.6225882808,1033.4656904796,1047.0605796954,104779
30/05/2013,1038.7172987748,1060.486062192,1032.110436726,1053.6674417442,188132
31/05/2013,1047.1876347348,1053.6674417442,1023.216583968,1032.322195125,241880
03/06/2013,1038.039671898,1040.157255888,1025.8847397954,1036.2609013464,270206
04/06/2013,1037.7008584596,1046.933524656,1026.2235532338,1032.1951400856,197654
05/06/2013,1028.298785544,1028.298785544,1009.1134745946,1020.6331315002,222540
06/06/2013,1013.052180816,1033.2962837604,1004.581844856,1023.4706940468,162468
07/06/2013,1016.5250185596,1029.14581914,1010.5534317078,1020.67548318,235074
10/06/2013,1025.757684756,1047.3146897742,1021.522516776,1041.0889928436,167029
11/06/2013,1033.38098712,1045.662974262,1027.451751948,1037.9549685384,288786
12/06/2013,1029.3999292188,1063.4083280982,1012.7133673776,1026.5623666722,167144
13/06/2013,1014.2803795302,1034.8209442332,1011.8663337816,1020.5060764608,237325
14/06/2013,1031.686919928,1038.2090786172,1023.3436390074,1029.0187641006,183717
17/06/2013,1030.204611135,1033.38098712,1016.4403152,1020.8448898992,152713
18/06/2013,1021.6072201356,1040.157255888,1014.534489609,1028.8070057016,353780
19/06/2013,1029.14581914,1037.6161551,1018.7273059092,1030.0775560956,313489
20/06/2013,1019.1084710274,1019.828449584,991.1140106796,997.8479277678,496685
21/06/2013,994.3327383444,994.3327383444,975.147427395,985.6082923056,643753
24/06/2013,985.100072148,993.4010013888,970.7428526958,986.5400292612,227987
25/06/2013,988.064689734,999.0337748022,978.32380338,992.5963194726,141747
26/06/2013,995.476233699,996.746784093,979.4672987346,989.5893502068,257095
27/06/2013,1001.405468871,1026.9011801106,995.476233699,1018.7273059092,372047
28/06/2013,1030.7551829724,1041.85132308,1020.67548318,1035.6256261494,214308
01/07/2013,1037.6161551,1057.0132244484,1026.604718352,1033.4233387998,227092
02/07/2013,1033.38098712,1052.1004295916,1025.2071129186,1045.4935675428,298612
03/07/2013,1037.7008584596,1046.0017877004,1012.20514722,1020.5060764608,252747
04/07/2013,1023.3012873276,1055.403860616,1023.3012873276,1046.933524656,815421
05/07/2013,1054.6415303796,1055.2768055766,1042.3171915578,1049.0087569662,148224
08/07/2013,1043.757148671,1067.26233096,1031.7292716078,1064.3400650538,154098
09/07/2013,1070.015190147,1079.9678349,1053.3709799856,1059.427270197,173295
10/07/2013,1060.486062192,1066.9235175216,1054.55682702,1058.7072916404,190543
11/07/2013,1071.1586855016,1075.4785568412,1054.0909585422,1059.003753399,162056
12/07/2013,1063.02716298,1063.02716298,1038.463188696,1051.5075060744,209642
15/07/2013,1049.898142242,1058.2837748424,1043.9265553902,1052.0580779118,124649
16/07/2013,1032.1527884058,1068.956398152,1032.1527884058,1065.356505369,105536
17/07/2013,1067.26233096,1088.3111158206,1064.3400650538,1079.6713731414,239609
18/07/2013,1084.20300288,1095.1720879482,1074.8009299644,1080.2642966586,161723
19/07/2013,1079.9678349,1088.0993574216,1068.2364195954,1080.391351698,349108
22/07/2013,1079.9678349,1082.4665840082,1043.8418520306,1051.2110443158,127488
23/07/2013,1051.168692636,1062.5189428224,1037.7008584596,1057.944961404,469551
24/07/2013,1051.9310228724,1052.3968913502,1025.8000364358,1042.3171915578,248690
25/07/2013,1008.0123309198,1026.4353116328,986.79413934,1012.416905619,748479
26/07/2013,1013.1368841756,1035.4138677504,1003.73481126,1026.5200149924,144561
29/07/2013,1017.499107195,1032.2798434452,1009.028771235,1011.7392787422,89643
30/07/2013,1017.338917308,1022.42561189454,1001.0956908972,1003.95962818542,171158
31/07/2013,1001.13843622986,1017.25342664268,974.63632998066,1003.27570286286,299123
01/08/2013,1013.064384042,1025.0330771868,977.1583046076,981.98852719818,1072257
02/08/2013,991.52073638136,1023.49424521104,987.97287377058,1004.42982684468,225592
05/08/2013,1007.9349441228,1030.162517106,1000.240784244,1015.50086800362,461538
06/08/2013,1016.4840106548,1017.338917308,989.89641374028,993.57251234904,564374
07/08/2013,1004.51531751,1008.44788811472,983.9975578332,991.64897237934,295889
08/08/2013,987.50267511132,1007.84945345748,987.50267511132,992.88858702648,164632
12/08/2013,994.34192833692,1003.06197619956,978.0132112608,998.87293359888,177236
13/08/2013,1000.06980291336,1008.74710544334,981.51832853892,992.37564303456,147042
14/08/2013,989.16974308506,1021.613450574,983.9975578332,1016.95420931406,176334
16/08/2013,1007.59298146152,1017.25342664268,983.9975578332,990.75132039348,236567
19/08/2013,977.41477660356,979.7230245672,947.4502984089,961.3425315234,304385
20/08/2013,948.946385052,950.52796236042,915.1775722506,919.02465219,578094
21/08/2013,920.81995616172,937.57612656444,854.9066532,860.2498197825,385848
22/08/2013,851.14506392592,872.004786264,840.3732400956,854.2654732101,372984
23/08/2013,854.9066532,861.70316109294,832.33711755552,846.10111467204,274757
26/08/2013,854.9066532,870.2949729576,850.632119934,856.6164665064,267170
27/08/2013,849.7772132808,859.181186466,801.85969536894,806.00599263696,312985
28/08/2013,799.337720742,813.8711338464,778.94819706318,807.63031527804,784916
29/08/2013,804.63814199184,834.64536551916,804.4671606612,819.04331909826,431331
30/08/2013,818.06017644708,833.9614401966,797.6279074356,824.21550435012,282045
02/09/2013,829.259453604,829.259453604,804.59539665918,813.8711338464,291295
03/09/2013,822.16372838244,824.00177768682,792.4984675164,795.4906408026,290378
04/09/2013,790.91689020798,815.19623915886,781.29919035948,796.43103812112,353115
05/09/2013,808.7416939272,820.62489640668,795.063187476,802.50087535884,615330
06/09/2013,808.7416939272,833.1065335434,795.4906408026,822.67667237436,681266
10/09/2013,830.79828557976,880.553852796,829.34494426932,874.18479822966,715347
11/09/2013,876.27931953,905.51712706944,870.67968095154,900.34494181758,328960
12/09/2013,906.201052392,914.02344826878,872.004786264,878.28835016502,242686
13/09/2013,883.1185727556,899.3617991664,877.51893417714,892.26607394484,420328
16/09/2013,908.50930035564,914.79286425666,881.4087594492,892.86450860208,300447
17/09/2013,897.65198586,909.79166033544,884.828386062,906.03007106136,457175
18/09/2013,904.61947508358,917.05836688764,901.0716124728,910.39009499268,329771
19/09/2013,930.82236400416,966.8994247692,920.26426683714,938.64475988094,708711
20/09/2013,937.8325985604,965.1896114628,906.71399638392,960.2738982069,348333
23/09/2013,949.07462104998,972.8837713416,932.10472398396,949.92952770318,390593
24/09/2013,940.52555451798,961.76998485,928.55686137318,939.1149585402,183976
25/09/2013,931.93374265332,946.1679384291,920.13603083916,936.16553058666,261395
26/09/2013,931.848251988,955.5719116143,925.30821609102,936.37925724996,382724
27/09/2013,940.39731852,953.220918318,934.49846261292,940.01261052606,173613
30/09/2013,940.14084652404,955.5719116143,928.17215337924,950.61345302574,195561
01/10/2013,956.8542715941,956.8542715941,933.5580652944,939.88437452808,138825
03/10/2013,948.0914783988,978.73988191602,942.49183982034,974.29436731938,247449
04/10/2013,973.56769666416,978.868117914,960.35938887222,968.13903941634,291001
07/10/2013,978.0132112608,978.0132112608,947.40755307624,961.04331419478,849974
08/10/2013,961.76998485,976.90183261164,954.7170049611,964.84764880152,528411
09/10/2013,961.76998485,965.78804612004,948.946385052,951.5111050116,669039
10/10/2013,955.358184951,973.48220599884,955.358184951,965.91628211802,248990
11/10/2013,974.593584648,980.19322322646,953.30640898332,963.4797981564,82059
14/10/2013,960.9150781968,993.35878568574,950.14325436648,986.22031513152,237189
15/10/2013,991.60622704668,991.60622704668,962.1974381766,967.83982208772,242594
17/10/2013,967.7543314224,977.28654060558,960.57311553552,965.31784746078,168857
18/10/2013,971.00297670456,983.9975578332,960.9150781968,978.61164591804,335274
21/10/2013,978.868117914,995.966250978,961.76998485,982.80068851872,373736
22/10/2013,972.0288646884,977.07281394228,966.044518116,971.90062869042,263779
23/10/2013,961.76998485,995.1113443248,942.9620384796,989.25523375038,868706
24/10/2013,978.99635391198,991.691717712,971.3876846985,986.94698578674,352058
25/10/2013,977.1583046076,981.34734720828,968.43825674496,971.8151380251,142764
28/10/2013,972.15710068638,987.67365644196,948.98913038466,951.21188768298,236278
29/10/2013,957.40996091868,990.02464973826,950.82717968904,983.09990584734,353171
30/10/2013,984.8524644864,997.63331895174,973.35397000086,982.75794318606,180018
31/10/2013,978.09870192612,980.53518588774,963.56528882172,970.19081538402,568174
01/11/2013,972.8837713416,982.67245252074,966.044518116,976.00418062578,299782
05/11/2013,975.53398196652,978.09870192612,964.93313946684,974.03789532342,136806
06/11/2013,973.7386779948,973.7386779948,942.66282115098,950.35698102978,223796
07/11/2013,948.98913038466,964.3347048096,941.2522251732,954.54602363046,262955
08/11/2013,948.946385052,954.97347695706,927.573718722,931.54903465938,253620
11/11/2013,927.573718722,927.573718722,895.0872659004,897.73747652532,362241
12/11/2013,897.52374986202,905.94458039604,869.14084897578,874.52676089094,451883
13/11/2013,872.8596929172,896.3696258802,872.004786264,890.08606197918,250798
14/11/2013,895.25824723104,901.926519126,877.30520751384,892.43705527548,239436
18/11/2013,900.2167058196,915.6050255772,891.240185961,910.73205765396,263271
19/11/2013,911.3304923112,917.3148388836,897.2245325334,903.2088791058,203831
20/11/2013,898.12218451926,918.1697455368,898.12218451926,910.34734966002,344163
21/11/2013,901.84102846068,911.3304923112,873.7145995704,880.553852796,328523
22/11/2013,884.828386062,905.64536306742,882.39190210038,898.25042051724,319832
25/11/2013,901.926519126,926.7188120688,901.926519126,922.14506147418,263470
26/11/2013,921.41839081896,935.2678786008,908.03910169638,913.38226827888,1573839
27/11/2013,919.32386951862,921.11917349034,906.15830705934,911.15951098056,147709
28/11/2013,914.750118924,919.8795588432,906.15830705934,912.01441763376,449425
29/11/2013,912.1853989644,940.35457318734,912.1853989644,937.49063589912,272362
02/12/2013,938.6875052136,956.38407293484,929.2835320284,934.11375461898,243417
03/12/2013,933.51531996174,945.39852244122,924.41056410516,940.78202651394,263745
04/12/2013,937.1914185705,947.15108108028,933.985518621,942.06438649374,241908
05/12/2013,956.6405449308,957.495451584,942.62007581832,945.9542117658,156639
06/12/2013,943.8169451328,958.7778115638,939.28593987084,954.03307963854,225381
09/12/2013,974.593584648,1004.51531751,961.76998485,997.33410162312,363949
10/12/2013,1000.75372823592,1012.12398672348,969.50689006146,983.52735917394,291721
11/12/2013,979.7230245672,990.6230843955,964.93313946684,970.87474070658,164033
12/12/2013,966.044518116,968.6092380756,950.6561983584,957.495451584,170659
13/12/2013,953.69111697726,956.34132760218,928.98431469978,933.42982929642,206800
16/12/2013,935.95180392336,946.29617442708,920.22152150448,929.58274935702,157724
17/12/2013,932.36119597992,938.81574121158,924.1540921092,931.93374265332,162409
18/12/2013,933.7717919577,947.8777517355,927.70195471998,936.3365119173,171917
19/12/2013,941.2522251732,945.9542117658,921.76035348024,925.2227254257,350502
20/12/2013,924.62429076846,940.1835918567,913.8952122708,938.0463252237,175775
23/12/2013,933.30159329844,954.9307316244,933.30159329844,944.62910645334,157121
24/12/2013,946.3816650924,967.7543314224,944.671851786,948.64716772338,219208
26/12/2013,954.9307316244,960.9150781968,942.06438649374,949.3738383786,262945
27/12/2013,953.90484364056,965.95902745068,943.6032184695,959.58997288434,225894
30/12/2013,959.33350088838,960.9150781968,933.51531996174,935.6953319274,184622
31/12/2013,940.1835918567,950.52796236042,936.37925724996,947.8777517355,152498
01/01/2014,948.946385052,953.220918318,941.50869716916,947.62127973954,66461
02/01/2014,949.03187571732,959.33350088838,934.4129719476,938.34554255232,310453
03/01/2014,928.47137070786,935.6953319274,924.28232810718,930.95060000214,186172
06/01/2014,930.1384386816,935.78082259272,915.69051624252,927.573718722,144416
07/01/2014,929.79647602032,935.43885993144,915.77600690784,927.74470005264,297558
08/01/2014,923.38467612132,938.6875052136,920.81995616172,926.16312274422,309014
09/01/2014,928.12940804658,931.6345253247,897.65198586,901.0716124728,207498
10/01/2014,901.926519126,904.40574842028,879.01502082024,884.1872060721,196254
13/01/2014,884.65740473136,891.6676392876,877.26246218118,886.66643536638,280135
14/01/2014,887.3931060216,893.07823526538,869.867519631,871.3636062741,258779
15/01/2014,875.4244128768,885.59780204988,869.4400663044,879.99816347142,206666
16/01/2014,881.6224861125,896.5833525435,879.10051148556,882.56288343102,300498
17/01/2014,884.828386062,892.5225459408,874.18479822966,878.54482216098,190230
20/01/2014,879.6989461428,883.9734794088,869.05535831046,880.42561679802,319564
21/01/2014,883.9734794088,886.5381993684,874.5695062236,881.45150478186,222661
22/01/2014,878.8440394896,880.553852796,870.80791694952,875.12519554818,141481
23/01/2014,868.62790498386,878.58756749364,868.62790498386,872.004786264,273061
24/01/2014,872.004786264,875.16794088084,850.80310126464,854.43645454074,271037
27/01/2014,846.357586668,847.16974798854,834.47438418852,841.39912807944,164374
28/01/2014,842.16854406732,854.65018120404,837.808520136,851.61526258518,129917
29/01/2014,854.9066532,859.69413045792,839.04813478314,844.90424535756,135934
30/01/2014,837.808520136,847.81092797844,829.38768960198,840.03127743432,316976
31/01/2014,846.27209600268,869.18359430844,839.5183334424,864.18239038722,313053
03/02/2014,858.36902514546,873.24440091114,854.00900121414,858.24078914748,243550
04/02/2014,845.16071735352,867.21730900608,845.16071735352,855.84705051852,255339
05/02/2014,856.10352251448,865.592986365,847.38347465184,855.7615598532,321747
06/02/2014,855.46234252458,876.19382886468,847.29798398652,871.10713427814,665685
07/02/2014,868.5851596512,901.926519126,860.33531044782,894.61706724114,363743
10/02/2014,896.02766321892,901.75553779536,881.66523144516,896.32688054754,283113
11/02/2014,899.789252493,901.0716124728,889.40213665662,897.48100452936,120995
12/02/2014,902.01200979132,902.01200979132,884.828386062,887.26487002362,105703
13/02/2014,886.58094470106,892.56529127346,863.6694463953,867.21730900608,156873
14/02/2014,868.41417832056,873.41538224178,856.4027398431,862.47257708082,116476
17/02/2014,863.455719732,870.9361529475,856.6164665064,863.58395572998,114203
18/02/2014,861.7459064256,876.27931953,859.181186466,871.91929559868,168819
19/02/2014,872.004786264,884.828386062,872.004786264,876.96324485256,152027
20/02/2014,874.5695062236,874.5695062236,856.65921183906,861.66041576028,64873
21/02/2014,860.0360931192,914.750118924,857.55686382492,910.94578431726,392141
24/02/2014,913.0403056176,923.64114811728,903.16613377314,914.83560958932,261977
25/02/2014,917.3148388836,929.9247120183,917.3148388836,926.59057607082,300648
26/02/2014,924.1540921092,936.9776919072,919.15288818798,932.44668664524,202636
28/02/2014,927.573718722,948.946385052,927.573718722,944.58636112068,316402
03/03/2014,943.04752914492,952.19503033416,935.2678786008,939.9698651934,147479
04/03/2014,939.62790253212,975.53398196652,937.78985322774,968.90845540422,205315
05/03/2014,971.25944870052,1006.0114041531,950.31423569712,997.93253628036,333862
06/03/2014,1000.15529357868,1041.87473825484,992.5466243652,1036.23235434372,453249
07/03/2014,1038.711583638,1085.64595889868,1027.5977971464,1078.16552568318,607707
10/03/2014,1068.71880716532,1098.81152135796,1058.33169132894,1083.08123893908,392791
11/03/2014,1084.10712692292,1096.28954673102,1057.98972866766,1069.7019498165,370660
12/03/2014,1066.66703119764,1071.1980364596,1043.96925955518,1052.86028874846,276918
13/03/2014,1057.47678467574,1085.34674157006,1054.35637539156,1065.94036054242,200002
14/03/2014,1064.358783234,1073.59177508856,1040.89159560366,1067.60742851616,301970
18/03/2014,1068.6333165,1090.8608894832,1064.44427389932,1075.55806039092,299596
19/03/2014,1080.1745563182,1106.16371857548,1068.24860850606,1098.1275960354,551692
20/03/2014,1097.14445338422,1101.07702398894,1072.18117911078,1077.43885502796,171166
21/03/2014,1083.1667296044,1094.19502543068,1075.6862963889,1085.85968556198,235549
24/03/2014,1089.15766486199,1123.0487416482,1084.861612875,1113.15480373878,272349
25/03/2014,1114.10948195811,1119.75076234506,1099.09499723592,1103.13068243581,135680
26/03/2014,1113.93590410005,1131.7276345512,1110.898291584,1122.57140253854,286362
27/03/2014,1123.0487416482,1147.43643070563,1112.02654766139,1139.62542709293,550384
28/03/2014,1142.09891157029,1191.00447307869,1135.45955849949,1182.41236910472,373979
31/03/2014,1181.1973240983,1221.1202314521,1181.1973240983,1214.65445623936,320327
01/04/2014,1215.04500642,1215.04500642,1190.31016164645,1205.58501315573,278127
02/04/2014,1210.61877103947,1211.83381604589,1168.00540688574,1180.28604034348,302676
03/04/2014,1188.83474985294,1188.83474985294,1170.4788913631,1172.64861458885,397566
04/04/2014,1172.5184311953,1193.08740737541,1159.93403648595,1184.9726425111,305676
07/04/2014,1191.43841772384,1208.01510316857,1189.8762170013,1197.07969811079,282548
09/04/2014,1201.85308920744,1205.93216887185,1185.5367705498,1191.74217897545,433478
10/04/2014,1194.56281916892,1217.6486742909,1180.41622373703,1205.71519654927,412481
11/04/2014,1202.46061171065,1214.1771171297,1189.8762170013,1207.66794745245,169388
15/04/2014,1208.14528656211,1212.4413385491,1177.11824443389,1181.89163553054,114342
16/04/2014,1181.89163553054,1189.8762170013,1150.99477679586,1155.89835128605,339494
17/04/2014,1157.11339629248,1187.61970484652,1143.96487354443,1178.897417479,367054
21/04/2014,1180.19925141445,1188.1404384207,1158.80578040856,1172.34485333724,294750
22/04/2014,1173.64668727269,1178.76723408546,1151.73248269261,1160.0642198795,212152
23/04/2014,1157.7643132602,1177.37861122098,1142.66303960898,1169.09026849861,867755
25/04/2014,1163.05843793103,1163.92632722133,1117.97158929994,1137.15194261557,629939
28/04/2014,1128.34286631903,1134.3313024221,1108.46820157116,1117.01691108061,360527
29/04/2014,1119.577184487,1136.934970293,1108.2946237131,1128.51644417709,386817
30/04/2014,1128.29947185451,1142.92340639607,1113.24159266781,1122.1808523579,366408
02/05/2014,1124.91470362235,1132.5955238415,1110.898291584,1115.88865500323,138497
05/05/2014,1115.88865500323,1117.19048893867,1098.05353008756,1108.2946237131,252303
06/05/2014,1112.76425355814,1132.5955238415,1106.5588451325,1120.7488350289,358303
07/05/2014,1112.76425355814,1125.52222612555,1099.65912527462,1103.69481047451,398838
08/05/2014,1106.77581745507,1119.577184487,1094.49518399733,1101.95903189391,222403
09/05/2014,1100.44022563588,1169.43742421474,1097.92334669401,1163.92632722133,305740
12/05/2014,1165.14137222775,1188.05364949167,1164.96779436969,1174.68815442105,270023
13/05/2014,1180.41622373703,1231.5349029357,1180.41622373703,1206.49629691054,529280
14/05/2014,1206.19253565894,1213.91675034261,1189.8762170013,1204.67372940091,318008
15/05/2014,1198.72868776236,1214.1771171297,1179.50493998221,1195.17034167213,271826
16/05/2014,1210.7055599685,1267.03157490897,1199.46639365911,1241.21186852255,790658
19/05/2014,1247.1569101611,1261.56387238008,1223.89747718106,1251.88690679323,835308
20/05/2014,1265.99010776061,1265.99010776061,1228.49729041965,1234.1385708066,229930
21/05/2014,1235.0064600969,1249.71718356748,1190.7441062916,1198.07777079463,364909
22/05/2014,1214.1771171297,1221.9881207424,1181.1973240983,1205.84537994282,319755
23/05/2014,1202.8945563558,1215.04500642,1189.26869449809,1197.77400954303,541425
26/05/2014,1198.5551099043,1244.11929764505,1138.54056548005,1170.30531350503,1580507
27/05/2014,1169.95815778891,1178.42007836934,1138.80093226715,1154.77009520867,190906
28/05/2014,1160.3679811311,1213.3092278394,1155.20403985381,1198.77208222688,422121
29/05/2014,1209.8376706782,1221.4239927037,1173.42971495011,1182.32558017569,426725
30/05/2014,1182.0652133886,1185.49337608529,1146.56854141533,1160.3679811311,433042
02/06/2014,1169.65439653731,1205.32464636864,1156.72284611184,1199.77015491072,280346
03/06/2014,1206.366113517,1240.64774048385,1201.20217223971,1229.84251881961,389987
04/06/2014,1232.402792226,1246.63617658692,1223.723899323,1234.74609330981,234062
05/06/2014,1239.3459065484,1266.8146025864,1239.3459065484,1249.10966106427,544132
06/06/2014,1254.9679137738,1257.13763699955,1236.43847742589,1248.80589981267,306628
09/06/2014,1253.2321351932,1323.96511235265,1250.71525625133,1307.99594941113,832082
10/06/2014,1314.67869694644,1315.24282498514,1281.04798694731,1301.44338526936,650780
11/06/2014,1310.512828353,1313.9843855142,1274.49542280555,1288.03449573423,251884
12/06/2014,1287.0798175149,1292.98146468894,1272.36909404431,1281.8724817731,226059
13/06/2014,1276.44817370872,1307.0412711918,1265.85992436706,1279.91973086992,280837
16/06/2014,1279.2688139022,1295.7587104179,1248.0247994514,1289.94385217289,310812
17/06/2014,1290.03064110192,1311.3807176433,1273.84450583782,1301.66035759194,533887
18/06/2014,1302.78861366933,1319.191721256,1272.3256995798,1280.31028105056,448226
19/06/2014,1283.17431570855,1300.9660461597,1256.74708681891,1262.82231185101,162784
20/06/2014,1252.3642459029,1271.71817707659,1238.7817785097,1248.54553302558,201598
23/06/2014,1236.87242207105,1281.8724817731,1236.7422386775,1276.6651460313,305598
24/06/2014,1286.2119282246,1288.8155960955,1267.118363838,1277.5330353216,275321
25/06/2014,1275.797256741,1282.21963748922,1264.5146959671,1275.75386227649,169257
26/06/2014,1284.30257178594,1284.30257178594,1245.4211315805,1258.48286539951,281676
27/06/2014,1261.12992773493,1277.61982425063,1235.8743493872,1240.82131834191,166024
30/06/2014,1239.3459065484,1288.38165145035,1239.3459065484,1275.14633977328,227041
01/07/2014,1276.6651460313,1290.37779681804,1267.4221250896,1284.99688321818,208998
02/07/2014,1288.90238502453,1305.00173135959,1277.18587960548,1300.44531258552,294391
03/07/2014,1301.83393545,1314.80888033998,1281.0045924828,1284.51954410851,144786
04/07/2014,1281.13477587634,1290.98531932125,1233.35747044533,1259.26396576078,179421
07/07/2014,1256.61690342537,1273.1935888701,1254.1000244835,1259.17717683175,196051
08/07/2014,1258.439470935,1273.1935888701,1215.99968463933,1231.14435275506,253721
09/07/2014,1234.1385708066,1256.7036923544,1210.7055599685,1245.89847069016,314118
10/07/2014,1245.50792050953,1291.24568610834,1224.5917886133,1265.81652990255,299862
11/07/2014,1264.08075132195,1268.68056456054,1225.02573325845,1236.48187189041,248804
14/07/2014,1229.14820738737,1240.2137958387,1210.79234889753,1213.56959462649,211513
15/07/2014,1219.3844528715,1237.6101279678,1212.61491640716,1232.09903097439,302030
16/07/2014,1234.35554312917,1255.70561967055,1224.5917886133,1245.94186515468,191690
17/07/2014,1248.0247994514,1284.04220499885,1247.24369909013,1281.8724817731,244439
18/07/2014,1282.7403710634,1283.6082603537,1258.439470935,1268.15983098636,119965
21/07/2014,1263.21286203165,1297.40770006947,1254.1000244835,1287.73073448262,244009
22/07/2014,1293.155042547,1301.83393545,1280.1367031925,1292.33054772122,135486
23/07/2014,1295.97568274047,1300.0981568694,1258.87341558015,1261.78084470265,156358
24/07/2014,1263.12607310262,1278.74808032802,1240.2137958387,1270.11258188954,468613
25/07/2014,1271.37102136047,1274.9293674507,1241.03829066448,1249.760578032,169289
28/07/2014,1253.2686779859,1261.07420019309,1221.73963041866,1230.33447509623,279895
30/07/2014,1229.41359888078,1238.31540229684,1217.48605932822,1235.94743488567,354600
31/07/2014,1228.75583015545,1244.05991583135,1217.83686931506,1224.23915157489,548941
01/08/2014,1214.6795794335,1223.36212660779,1201.524204927,1206.3916934944,829098
04/08/2014,1210.294454598,1219.67862174597,1191.04375657015,1205.47081727895,313771
05/08/2014,1206.7863547296,1272.69478100717,1206.04088350757,1264.23149007465,434006
06/08/2014,1262.915952624,1269.9321523608,1246.38403199417,1255.19813291352,333455
07/08/2014,1265.45932502859,1305.62706852177,1255.8997528872,1292.51554526362,686373
08/08/2014,1280.456451966,1284.75387430479,1256.33826537075,1262.60899388552,250909
11/08/2014,1271.15998731474,1277.25531083608,1261.42501017993,1269.88830111245,150882
12/08/2014,1269.75674736738,1292.29628902185,1267.73958994305,1284.53461806302,229909
13/08/2014,1280.456451966,1300.6280262093,1262.915952624,1273.79106221604,233512
14/08/2014,1274.3172771963,1303.2591011106,1274.3172771963,1298.74242253003,180880
18/08/2014,1297.82154631458,1330.27147009728,1290.93690032285,1323.12371661542,263813
19/08/2014,1331.3239000578,1349.47831687677,1314.74812817961,1336.54219861205,524770
20/08/2014,1341.10272844097,1359.16944276323,1331.49930505122,1337.81388481434,411276
21/08/2014,1337.4630748275,1347.1103494656,1328.82437890157,1337.98928980776,439918
22/08/2014,1338.3400997946,1342.28671214655,1324.307700321,1333.42875997884,220001
25/08/2014,1333.42875997884,1357.54694657409,1327.07032896737,1343.33914210707,562698
26/08/2014,1342.81292712681,1342.81292712681,1292.07703278007,1307.99503593294,390276
27/08/2014,1315.36204565658,1324.21999782429,1299.00553002017,1317.94926930953,228053
28/08/2014,1319.9225754855,1321.50122042628,1304.1361260777,1309.00361464511,190831
01/09/2014,1311.37158205627,1332.15707377655,1311.37158205627,1315.14278941481,211600
02/09/2014,1311.1523258145,1369.07982489146,1311.1523258145,1361.05504644249,617386
03/09/2014,1368.158948676,1372.23711477302,1351.18851556262,1356.53836786193,468497
04/09/2014,1355.09127666621,1359.21329401158,1325.1847252881,1337.8577360627,372132
05/09/2014,1344.39157206759,1354.1265492024,1325.97404775849,1334.61274368442,274458
08/09/2014,1347.9873744327,1365.35246878128,1334.91970242291,1359.08174026652,337481
09/09/2014,1356.84532660041,1368.59746115955,1339.2171247617,1355.09127666621,385722
10/09/2014,1347.1103494656,1361.31815393262,1334.21808244923,1343.82150583898,350368
11/09/2014,1337.55077732421,1350.618449334,1331.3239000578,1343.64610084555,324500
12/09/2014,1349.7414243669,1351.93398678465,1331.3239000578,1345.57555577317,270001
15/09/2014,1340.0941497288,1340.70806720577,1318.69474053156,1326.63181648382,314164
16/09/2014,1318.25622804801,1334.8319999262,1292.7348015054,1300.6280262093,353065
17/09/2014,1306.767200979,1315.23049191152,1288.17427167648,1311.45928455298,233042
18/09/2014,1306.767200979,1328.64897390815,1303.2591011106,1323.4306753539,400791
19/09/2014,1323.4306753539,1333.077949992,1312.9063757487,1319.96642673385,466456
22/09/2014,1311.1523258145,1315.53745065,1294.66425643302,1309.8806396122,373023
23/09/2014,1305.10085354151,1311.94164828489,1278.26388954825,1284.05225433111,236285
24/09/2014,1280.67570820777,1291.77007404159,1243.44599835438,1254.32110794642,441791
25/09/2014,1255.11043041681,1267.03796996937,1219.24010926242,1227.00178022125,343922
26/09/2014,1224.94077154857,1265.41547378023,1214.94268692363,1258.66238153357,360391
29/09/2014,1258.79393527863,1268.96742489699,1241.34113843334,1261.60041517335,129568
30/09/2014,1260.2848777227,1277.29916208444,1222.13429165385,1227.4402927048,397577
01/10/2014,1236.42979861758,1240.94647719814,1216.60903436112,1220.51179546472,213810
07/10/2014,1208.49655341545,1220.64334920978,1188.06187168202,1201.17339494016,472881
08/10/2014,1190.21058285141,1215.51275315225,1190.21058285141,1210.46985959142,249181
09/10/2014,1215.90741438744,1256.7767778543,1215.73200939402,1253.31252923425,329185
10/10/2014,1241.42884093005,1242.70052713235,1223.49368035285,1230.72913633143,322639
13/10/2014,1214.6795794335,1226.43171399264,1204.1552798283,1216.38977811935,185461
14/10/2014,1227.83495394,1229.01893764558,1207.22486721315,1213.18863698943,243557
16/10/2014,1209.85594211445,1220.77490295484,1201.48035367865,1207.04946221973,437986
17/10/2014,1214.6795794335,1242.52512213893,1206.52324723947,1233.84257496463,333925
20/10/2014,1233.9741287097,1257.6538028214,1232.35163252057,1249.05895814382,186413
21/10/2014,1254.145702953,1275.98362463379,1252.47935551551,1267.60803619798,220609
22/10/2014,1276.0713271305,1298.61086878497,1266.86256497595,1292.7348015054,251354
23/10/2014,1298.08465380471,1302.3820761435,1296.06749638038,1301.02268744449,28671
27/10/2014,1302.46977864021,1302.46977864021,1278.74625328015,1280.54415446271,240556
28/10/2014,1284.8415768015,1297.996951308,1284.00840308275,1289.05129664358,226132
29/10/2014,1297.996951308,1306.46024224052,1288.17427167648,1301.46119992805,183473
30/10/2014,1305.0131510448,1323.4306753539,1294.13804145276,1312.86252450034,627343
31/10/2014,1320.01027798221,1323.4306753539,1308.03888718129,1314.87968192467,373936
03/11/2014,1315.53745065,1323.4306753539,1300.6280262093,1307.81963093952,247920
05/11/2014,1306.85490347571,1312.9063757487,1299.40019125536,1303.08369611718,278784
07/11/2014,1306.767200979,1336.19138862521,1306.767200979,1323.21141911212,349941
10/11/2014,1327.8158001894,1332.99024749529,1308.30199467143,1314.87968192467,215721
11/11/2014,1321.6766254197,1332.11322252819,1317.33535183256,1327.11418021572,261331
12/11/2014,1328.6928251565,1343.25143961036,1325.49168402658,1327.90350268611,276212
13/11/2014,1330.62228008412,1331.93781753477,1312.86252450034,1317.24764933584,289670
14/11/2014,1317.73001306775,1330.4468750907,1311.1523258145,1325.05317154303,250677
17/11/2014,1318.1685255513,1325.88634526178,1305.8901760119,1312.55556576186,227895
18/11/2014,1312.9063757487,1323.25527036048,1302.64518363363,1304.1361260777,240580
19/11/2014,1304.1361260777,1312.0293507816,1276.9483520976,1283.13137811566,184190
20/11/2014,1283.43833685414,1285.54319677518,1261.29345643486,1268.48506116508,177141
21/11/2014,1269.71289611902,1300.84728245107,1269.0551273937,1284.79772555315,317334
24/11/2014,1284.97313054657,1294.4888514396,1269.0551273937,1272.78248350388,337604
25/11/2014,1268.1781024266,1275.15045091504,1242.30586589715,1247.30490820962,363367
26/11/2014,1241.8673534136,1280.19334447587,1241.8673534136,1261.556563925,224157
27/11/2014,1266.77486247924,1279.14091451535,1250.90071057473,1260.76724145461,440612
28/11/2014,1262.915952624,1297.996951308,1262.915952624,1293.91878521098,373419
01/12/2014,1294.4888514396,1297.73384381787,1281.46503067817,1290.05987535575,137735
02/12/2014,1290.1037266041,1307.55652344939,1283.35063435743,1297.1199263409,317329
03/12/2014,1297.16377758926,1307.6442259461,1284.53461806302,1296.41830636722,295171
04/12/2014,1299.7510012422,1306.67949848229,1288.3496766699,1294.70810768137,118746
05/12/2014,1291.06845406791,1324.87776654961,1286.24481674886,1313.03792949376,431034
08/12/2014,1317.64231057104,1330.4468750907,1285.45549427847,1296.37445511887,367839
09/12/2014,1289.66521412055,1293.34871898237,1245.68241202048,1254.67191793326,668787
10/12/2014,1261.77582016677,1262.65284513387,1241.8673534136,1255.98745538391,510356
11/12/2014,1255.8997528872,1258.5308277885,1237.56993107481,1252.69861175728,473067
12/12/2014,1253.2686779859,1263.61757259768,1246.55943698758,1254.10185170465,366039
15/12/2014,1254.145702953,1269.88830111245,1249.84828061421,1258.5308277885,305195
16/12/2014,1250.81300807802,1255.46124040365,1213.75870321804,1220.77490295484,447402
17/12/2014,1211.1714795651,1225.59854027389,1196.34975762111,1201.17339494016,473127
18/12/2014,1206.7863547296,1229.06278889394,1202.53278363917,1210.25060334964,306651
19/12/2014,1216.4336293677,1228.18576392684,1206.7863547296,1210.64526458484,514987
22/12/2014,1214.76728193021,1217.7930180667,1207.1810159648,1213.36404198285,346925
23/12/2014,1213.8025544664,1222.52895288905,1206.96175972302,1211.69769454536,516393
24/12/2014,1214.76728193021,1235.7281786439,1211.1714795651,1222.04658915714,812449
26/12/2014,1222.04658915714,1237.74533606823,1215.5566044006,1222.13429165385,137950
29/12/2014,1231.16764881498,1236.605203611,1224.37070531996,1227.13333396632,347272
30/12/2014,1227.13333396632,1232.2200787755,1219.15240676571,1226.0809040058,294115
31/12/2014,1223.4498291045,1236.605203611,1223.4498291045,1227.96650768507,320213
01/01/2015,1227.96650768507,1237.4822285781,1226.03705275745,1230.9483925732,101070
02/01/2015,1233.44791372944,1255.0227279201,1232.70244250741,1250.54990058789,153349
05/01/2015,1249.7605781175,1262.69669638222,1248.66429690862,1257.34684408292,207979
06/01/2015,1249.7605781175,1253.22482673755,1202.00656865891,1213.4078932312,368755
07/01/2015,1212.0485045322,1214.63572818515,1171.88076103902,1199.2877912609,301895
08/01/2015,1208.5404046638,1224.89692030022,1204.37453607008,1220.29253922294,94344
09/01/2015,1225.90549901238,1237.43837732974,1208.5404046638,1226.51941648935,275773
12/01/2015,1227.83495394,1235.94743488567,1219.15240676571,1231.86926878866,158639
13/01/2015,1237.83303856494,1278.61469953509,1232.43933501727,1264.40689506807,442218
14/01/2015,1269.9321523608,1302.33822489515,1267.3010774595,1296.54986011228,518419
15/01/2015,1312.46786326515,1337.4630748275,1290.9807515712,1328.16661017624,943897
16/01/2015,1328.25431267295,1340.88347219919,1315.09893816645,1331.63085879628,348888
19/01/2015,1334.74429742949,1347.9873744327,1324.83391530126,1344.39157206759,342683
20/01/2015,1345.8386632633,1359.388699005,1343.03218336858,1354.38965669253,410423
21/01/2015,1357.6346490708,1359.388699005,1343.47069585213,1354.5212104376,298780
22/01/2015,1354.1265492024,1370.96542857072,1341.848199663,1367.10651871548,401516
23/01/2015,1376.0521733799,1376.0521733799,1343.64610084555,1352.41635051655,426991
27/01/2015,1350.75000307906,1355.04742541786,1318.73859177992,1340.70806720577,594877
28/01/2015,1339.61178599689,1363.7738238405,1329.17518888841,1353.95114420898,375711
29/01/2015,1354.91587167279,1394.469697689,1346.49643198863,1388.28667167095,631041
30/01/2015,1398.8548225245,1398.8548225245,1348.95210189651,1368.5536099112,388874
02/02/2015,1363.68612134379,1365.26476628457,1327.07032896737,1337.41922357914,246373
03/02/2015,1341.58509217287,1377.36771083055,1315.01123566974,1323.07986536706,1341347
04/02/2015,1326.01789900685,1336.23523987356,1306.767200979,1311.89779703653,330143
05/02/2015,1310.2753008474,1341.848199663,1304.1361260777,1319.52791425031,557460
06/02/2015,1318.1685255513,1337.4630748275,1299.2686375103,1321.85203041312,275011
09/02/2015,1316.8091368523,1329.13133764005,1306.3725397438,1323.29912160883,263261
10/02/2015,1318.08082305459,1374.99974341938,1309.22287088688,1370.48306483882,582025
11/02/2015,1374.2981234457,1381.13891818908,1356.14370662673,1361.66896391946,489855
12/02/2015,1374.6927846809,1415.78140438953,1368.72901490462,1399.03022751792,875361
13/02/2015,1410.2561470968,1436.17223487461,1407.6250721955,1425.20942278585,542357
16/02/2015,1431.65555629404,1442.7060708795,1407.71277469221,1415.9129581346,327835
18/02/2015,1416.13221437637,1454.72131292877,1412.97492449481,1449.98537810643,471411
19/02/2015,1457.96630530704,1460.2465702215,1405.60791477117,1416.52687561157,337618
20/02/2015,1423.76233159014,1425.29712528257,1403.23994736,1421.13125668884,288973
23/02/2015,1427.7966464388,1433.89196996014,1411.1331720639,1417.22849558525,304425
24/02/2015,1418.85099177438,1433.49730872495,1405.60791477117,1419.0263967678,226907
25/02/2015,1426.21800149802,1466.3857449912,1415.60599939611,1452.13408927583,391773
26/02/2015,1454.19509794851,1459.3695452544,1420.780446702,1438.23324354729,466687
27/02/2015,1445.3371457808,1495.3275689055,1439.1979710111,1467.6574311935,2276570
02/03/2015,1473.401944728,1556.10539912553,1471.82329978722,1546.01961200388,937384
03/03/2015,1547.0720419644,1555.75458913869,1532.6449812556,1542.07299965193,466325
04/03/2015,1547.9490669315,1556.41235786402,1504.0978185765,1512.99962199257,423168
05/03/2015,1513.39428322776,1516.3761681159,1469.0168198925,1489.75846036441,606834
09/03/2015,1478.6640945306,1481.99678940558,1444.72322830383,1455.94914788271,202470
10/03/2015,1456.7384703531,1470.7708698267,1432.1817712743,1447.22274946007,274799
11/03/2015,1447.091195715,1463.7546700899,1429.72610136642,1438.05783855387,261045
12/03/2015,1443.47040892796,1472.84025804003,1438.54585718862,1462.2813092656,291832
13/03/2015,1471.95295142033,1476.52258051179,1433.0001908155,1433.8874974352,405258
16/03/2015,1438.3240305337,1438.3240305337,1402.87613107668,1408.64362410473,209638
17/03/2015,1411.74919727369,1436.5494172943,1397.46356069652,1431.2255775761,303940
18/03/2015,1439.2113371534,1445.37811816032,1401.0571525063,1404.916936302,334983
19/03/2015,1412.94706121028,1428.563657717,1386.94897725307,1391.74043299945,217372
20/03/2015,1395.20092881628,1409.0429120836,1373.63937795757,1392.84956627407,273632
23/03/2015,1393.51504623885,1413.83436782998,1374.52668457727,1407.93377880897,170390
24/03/2015,1406.3809922245,1423.2398179988,1397.24173404159,1404.65074431608,211866
25/03/2015,1410.72879466103,1416.85121033696,1394.40235285855,1403.45288037949,165403
26/03/2015,1389.07851314035,1411.43863995679,1378.43083370395,1401.54517114714,691532
27/03/2015,1406.60281887943,1416.80684500597,1364.6775810986,1374.83724189417,224890
30/03/2015,1378.8744870138,1414.98786643559,1375.41399119697,1404.29582166821,238110
31/03/2015,1410.99498664694,1415.16532775953,1379.80615896448,1386.63841993618,217258
01/04/2015,1387.48136122489,1411.97102392861,1378.16464171804,1407.17956818223,176063
06/04/2015,1409.0429120836,1446.26542478002,1403.76343769638,1435.12972670278,326492
07/04/2015,1438.67895318158,1472.75152737806,1423.06235667486,1464.32211449091,393758
08/04/2015,1469.64595420911,1487.88010524394,1446.53161676593,1451.81109115314,301088
09/04/2015,1463.1686158853,1463.1686158853,1426.74467914662,1439.61062513227,246991
10/04/2015,1440.9859503928,1462.10384794166,1437.436723914,1451.67799516018,175860
13/04/2015,1450.7463232095,1463.56790386417,1409.13164274557,1416.31882636514,385454
15/04/2015,1432.1128841958,1447.15273139972,1427.01087113252,1432.60090283663,623666
16/04/2015,1432.46780684368,1435.61774534362,1371.02182342946,1387.92501453474,501093
17/04/2015,1387.70318787982,1387.7475532108,1335.3964626485,1350.17011786651,430166
20/04/2015,1350.30321385946,1377.27733509834,1335.44082797948,1357.35730148608,371225
21/04/2015,1359.3537413804,1365.5648877183,1322.21995934596,1327.54379906416,325358
22/04/2015,1327.63252972613,1388.54612916853,1319.95732746572,1381.80259885881,333071
23/04/2015,1384.198326732,1397.5079260275,1341.07522501458,1347.46383267642,237324
24/04/2015,1348.52860062006,1371.55420740128,1333.35565742319,1358.99881873252,401543
27/04/2015,1366.40782900702,1366.40782900702,1314.32293043063,1325.59172450081,252273
28/04/2015,1321.11082607133,1351.3679818031,1311.35045325463,1343.82587553565,369301
29/04/2015,1343.82587553565,1372.61897534492,1312.81450917714,1317.16231161367,257311
30/04/2015,1313.30252781797,1318.71509819814,1267.16258359357,1272.13150066389,626089
04/05/2015,1278.6088389877,1314.9884103954,1272.3976926498,1308.42234140962,313981
05/05/2015,1308.7772640575,1312.01593321941,1288.45794246637,1305.58296022658,1054721
06/05/2015,1300.7915044802,1304.29636562802,1247.99676060805,1254.03044562201,270180
07/05/2015,1254.82902157974,1296.31060605072,1230.29499354503,1288.32484647342,333425
08/05/2015,1291.25295831843,1307.0026508181,1272.84134595965,1285.26363863545,301137
11/05/2015,1291.11986232547,1339.12315045124,1283.48902539605,1330.02825759932,348824
12/05/2015,1328.38674035287,1330.95992955,1280.3834522271,1286.55023323401,367108
13/05/2015,1294.5803581423,1316.7630236348,1284.50942800871,1306.78082416318,280564
14/05/2015,1306.02661353643,1312.85887450812,1292.8057449029,1308.64416806455,145483
15/05/2015,1312.28212520531,1321.15519140232,1299.32744855769,1306.24844019136,165497
18/05/2015,1311.08426126872,1345.95541142293,1305.2280375787,1339.69989975404,167788
19/05/2015,1339.832995747,1347.8187553243,1317.73906091647,1328.96348965567,234124
20/05/2015,1333.53311874713,1345.1568354652,1326.12410847264,1333.53311874713,197605
21/05/2015,1337.79219052169,1361.83819991556,1329.67333495143,1355.40522692273,268585
22/05/2015,1355.40522692273,1368.09371158444,1344.2695288455,1347.99621664824,209458
25/05/2015,1348.706061944,1351.98909643689,1320.57844209951,1326.92268443037,228030
26/05/2015,1329.98389226833,1333.04510010629,1306.95828548712,1315.07714105737,276117
27/05/2015,1313.213797156,1325.45862850786,1289.34524908607,1298.97252590981,340193
28/05/2015,1302.47738705763,1322.086863353,1297.2422780014,1304.96184559279,249725
29/05/2015,1308.42234140962,1355.8045149016,1307.80122677583,1341.96253163428,401142
01/06/2015,1344.2695288455,1359.3537413804,1330.0726229303,1345.46739278209,227608
02/06/2015,1344.2695288455,1348.83915793696,1304.340730959,1314.27856509964,346531
03/06/2015,1313.213797156,1315.96444767707,1284.11014002984,1295.467664762,416984
04/06/2015,1296.88735535352,1308.59980273356,1274.26103655117,1301.59008043793,196964
05/06/2015,1293.6930515226,1296.97608601549,1268.848466171,1272.84134595965,539085
08/06/2015,1272.84134595965,1280.3834522271,1260.06413063597,1268.44917819213,536457
09/06/2015,1260.8627065937,1283.0453720862,1260.8627065937,1278.69756964967,204577
10/06/2015,1274.61595919905,1287.4819051847,1268.848466171,1274.52722853708,194328
11/06/2015,1278.83066564263,1288.50230779736,1244.8911874391,1249.06152855169,231552
12/06/2015,1248.4404139179,1249.41645119957,1221.02263936917,1244.13697681236,164349
15/06/2015,1245.7784940588,1254.11917628398,1212.23830383414,1215.83189564393,248778
16/06/2015,1212.28266916513,1235.88502524914,1212.28266916513,1231.13793483375,222799
17/06/2015,1235.44137193929,1266.89639160766,1224.83805783388,1251.63471774882,322037
18/06/2015,1254.03044562201,1262.28239718522,1245.7784940588,1254.42973360088,263151
19/06/2015,1257.80149875573,1271.46602069912,1256.73673081209,1264.54502906546,185779
22/06/2015,1264.50066373447,1276.8342257483,1261.88310920636,1266.58583429076,244045
23/06/2015,1266.58583429076,1289.83326772691,1258.73317070642,1284.06577469886,196200
24/06/2015,1288.81286511425,1294.5803581423,1247.15381931934,1251.67908307981,280448
25/06/2015,1251.102333777,1259.0880933543,1239.38988639696,1249.10589388267,397744
26/06/2015,1249.23898987563,1275.68072714269,1244.97991810107,1260.72961060074,318504
29/06/2015,1249.3277205376,1255.5388668755,1220.53462072834,1252.65512036147,230411
30/06/2015,1245.7784940588,1286.594598565,1244.49189946023,1281.75877748763,226113
01/07/2015,1277.81026302997,1306.02661353643,1265.74289300205,1300.56967782527,303576
02/07/2015,1302.16682974074,1313.213797156,1300.25912050838,1305.71605621953,189442
03/07/2015,1300.7915044802,1319.4249434939,1297.41973932534,1313.56871980388,190684
06/07/2015,1303.18723235339,1340.7203023667,1299.41617921967,1335.35209731752,256634
07/07/2015,1331.04866021197,1344.75754748633,1324.70441788111,1331.04866021197,253084
08/07/2015,1324.7487832121,1324.7487832121,1293.87051284654,1302.29992573369,212302
09/07/2015,1308.7772640575,1329.1853163106,1304.56255761393,1317.69469558549,147388
10/07/2015,1322.30869000792,1330.95992955,1299.9041978605,1306.29280552234,230020
13/07/2015,1301.90063775483,1318.98129018405,1300.7915044802,1308.82162938849,293345
14/07/2015,1310.37441597296,1321.42138338822,1298.1295846211,1311.83847189547,285869
15/07/2015,1316.58556231086,1340.27664905685,1310.81806928281,1328.25364435992,284634
16/07/2015,1330.95992955,1338.23584383154,1319.11438617701,1328.20927902893,193578
17/07/2015,1322.086863353,1338.9456891273,1302.61048305058,1318.5376368742,488446
20/07/2015,1274.26103655117,1298.97252590981,1269.7357727907,1291.11986232547,610680
21/07/2015,1291.11986232547,1306.91392015613,1273.2849992695,1277.36660972012,318740
22/07/2015,1280.85375078,1294.712901312,1271.91236334,1285.0562028768,316569
23/07/2015,1289.348068848,1294.712901312,1271.6441217168,1273.6112269536,254235
24/07/2015,1276.830126432,1277.1877819296,1255.1919688272,1259.6626625472,260789
27/07/2015,1255.370796576,1257.38260875,1221.393524304,1224.299475222,322679
28/07/2015,1226.4901151448,1238.2033326912,1213.346275608,1215.2686739076,276905
29/07/2015,1223.5841642268,1229.2619452512,1207.0873044,1224.9253723428,331344
30/07/2015,1233.6432250968,1234.8950193384,1216.1628126516,1225.9983388356,839399
31/07/2015,1229.440773,1245.535270392,1223.405336478,1240.5280934256,314091
03/08/2015,1238.2033326912,1257.1143671268,1230.4243256184,1244.2834761504,341258
04/08/2015,1255.1025549528,1255.1025549528,1221.393524304,1231.4078782368,209105
05/08/2015,1233.91146672,1250.005964112,1230.334911744,1235.476209522,205261
06/08/2015,1235.699744208,1266.994600248,1233.6432250968,1256.5778838804,271320
07/08/2015,1258.8579376776,1263.9098215812,1244.864666334,1251.4812930396,279113
10/08/2015,1250.005964112,1259.7967833588,1229.6196007488,1239.052764498,219256
11/08/2015,1238.2927465656,1238.6951090004,1216.922830584,1228.770168942,262562
12/08/2015,1224.97007928,1228.2336856956,1212.452136864,1221.393524304,399840
13/08/2015,1224.97007928,1232.8385002272,1211.6027050572,1220.0970231252,356482
14/08/2015,1222.287663048,1239.1868853096,1220.49938556,1226.8030637052,255529
17/08/2015,1232.123189232,1238.2927465656,1217.816969328,1222.6006116084,239277
18/08/2015,1225.1489070288,1245.982339764,1224.075940536,1240.4833864884,144083
19/08/2015,1245.535270392,1300.3906823364,1242.85285416,1293.7293486936,462171
20/08/2015,1287.6492052344,1289.7504312828,1258.0979197452,1261.629767784,328668
21/08/2015,1256.26493532,1272.359432712,1234.2691222176,1257.5614364988,242739
24/08/2015,1229.440773,1237.488021696,1211.55799812,1222.4217838596,459552
25/08/2015,1230.334911744,1247.0553062568,1180.26314208,1217.9063832024,524563
26/08/2015,1217.9510901396,1236.3256413288,1208.9202888252,1216.3863473376,345303
27/08/2015,1225.3277347776,1238.38216044,1184.063231742,1224.9253723428,692610
28/08/2015,1240.9751627976,1240.9751627976,1214.240414352,1218.5322803232,211377
31/08/2015,1218.5322803232,1220.49938556,1186.3879924764,1193.5411024284,423911
01/09/2015,1181.157280824,1201.6330580616,1177.7148466596,1191.1716347568,358306
02/09/2015,1206.9084766512,1223.628871164,1196.4917602836,1212.7650854244,327607
03/09/2015,1217.0122444584,1250.5424473584,1217.0122444584,1246.9211854452,301479
04/09/2015,1246.9211854452,1250.7659820444,1192.0657735008,1202.9742661776,413021
07/09/2015,1215.9392779656,1215.9392779656,1192.2446012496,1202.5719037428,116480
08/09/2015,1205.299026912,1210.887394062,1189.20452952,1203.3319216752,229191
09/09/2015,1216.02869184,1238.9186436864,1210.663859376,1233.9561736572,349250
10/09/2015,1222.511197734,1238.38216044,1203.6001632984,1232.9279141016,182385
11/09/2015,1234.805605464,1247.0553062568,1216.02869184,1221.8853006132,128412
14/09/2015,1222.73473242,1249.9612571748,1220.49938556,1241.6457668556,132692
15/09/2015,1238.38216044,1245.1776148944,1226.4901151448,1235.0738470872,87764
16/09/2015,1238.38216044,1250.5424473584,1227.876030198,1231.4972921112,115756
18/09/2015,1239.276299184,1258.947351552,1221.4829381784,1229.6196007488,305427
21/09/2015,1220.0076092508,1242.85285416,1214.3745351636,1236.9515384496,131026
22/09/2015,1241.958715416,1249.111825368,1198.4588655204,1210.2614969412,209919
23/09/2015,1193.67522324,1212.1838952408,1187.6844936552,1203.1978008636,172544
24/09/2015,1200.9177470664,1226.311287396,1184.7338358,1200.8730401292,371995
28/09/2015,1201.275402564,1212.9886201104,1192.334015124,1195.239966042,158638
29/09/2015,1184.7338358,1202.5719037428,1163.721575316,1186.9244757228,288628
30/09/2015,1198.14591696,1211.55799812,1184.4208872396,1204.181353482,200741
01/10/2015,1211.110928748,1229.440773,1208.875581888,1218.8005219464,145294
05/10/2015,1226.9371845168,1232.123189232,1217.9063832024,1224.7018376568,176688
06/10/2015,1231.229050488,1233.91146672,1200.828333192,1207.4449598976,286057
07/10/2015,1210.216790004,1213.346275608,1188.4892185248,1209.099116574,249008
08/10/2015,1210.663859376,1217.369899956,1202.61661068,1212.6309646128,206389
09/10/2015,1218.8899358208,1238.2033326912,1199.934194448,1204.7178367284,200403
12/10/2015,1207.0873044,1215.9839849028,1198.6824002064,1202.0354204964,209228
13/10/2015,1202.0354204964,1214.240414352,1200.828333192,1209.0544096368,225640
14/10/2015,1208.875581888,1232.123189232,1208.7861680136,1230.55844643,233626
15/10/2015,1237.3091939472,1247.5917895032,1223.628871164,1226.08775271,186905
16/10/2015,1229.440773,1251.7048277256,1220.6782133088,1246.1611675128,153607
19/10/2015,1250.453033484,1258.053212808,1237.040952324,1248.1729796868,373698
20/10/2015,1236.0126927684,1241.7798876672,1229.0384105652,1233.2855695992,298190
21/10/2015,1216.02869184,1240.170437928,1213.4803964196,1232.9726210388,424483
23/10/2015,1246.429409136,1254.476657832,1234.805605464,1251.9730693488,248926
26/10/2015,1256.26493532,1258.4555752428,1238.605695126,1246.20587445,172670
27/10/2015,1242.85285416,1250.005964112,1233.9561736572,1239.0974714352,179114
28/10/2015,1239.1868853096,1256.26493532,1226.1324596472,1252.7330872812,232300
29/10/2015,1247.32354788,1249.55889474,1230.334911744,1238.7398159376,174829
30/10/2015,1250.6318612328,1250.6318612328,1226.8924775796,1233.5538112224,256703
02/11/2015,1227.876030198,1256.26493532,1218.6216941976,1250.3636196096,171875
03/11/2015,1256.26493532,1282.194958896,1256.2202283828,1274.9524350696,427398
04/11/2015,1287.55979136,1290.242207592,1249.9165502376,1256.8908324408,226261
05/11/2015,1260.73562904,1260.73562904,1235.02914015,1241.73518073,135742
06/11/2015,1241.064576672,1245.2223218316,1225.9536318984,1237.5327286332,74882
09/11/2015,1215.2686739076,1228.3678065072,1201.275402564,1222.9135601688,144004
10/11/2015,1215.134553096,1227.2948400144,1175.2112581764,1182.1408334424,242390
11/11/2015,1184.9126635488,1198.9953487668,1171.6347032004,1189.651598892,30289
13/11/2015,1181.604350196,1192.7363775588,1175.0771373648,1186.2538716648,210958
16/11/2015,1184.6444219256,1190.098668264,1163.0956781952,1184.2420594908,279927
17/11/2015,1189.20452952,1196.3129325348,1175.79244836,1185.180905172,150106
18/11/2015,1183.839697056,1198.6376932692,1182.051419568,1193.0493261192,191505
19/11/2015,1194.569361984,1201.6330580616,1187.7739075296,1191.7528249404,175373
20/11/2015,1191.886945752,1206.5955280908,1190.2774960128,1197.922382274,299481
23/11/2015,1198.14591696,1203.957818796,1194.2564134236,1201.3648164384,173288
24/11/2015,1201.5436441872,1215.4027947192,1195.463500728,1199.487125076,288924
26/11/2015,1205.2096130376,1216.02869184,1187.639786718,1212.4074299268,208455
27/11/2015,1213.6145172312,1220.8570410576,1198.3247447088,1209.9485483808,118284
30/11/2015,1213.2568617336,1215.581622468,1198.14591696,1201.946006622,319108
01/12/2015,1206.193165656,1219.828781502,1204.5390089796,1214.1510004776,146576
02/12/2015,1218.2640387,1227.7866163236,1211.55799812,1215.8945710284,152678
03/12/2015,1212.452136864,1218.9793496952,1205.6119754724,1207.1767182744,159876
04/12/2015,1198.14591696,1200.5153846316,1191.2610486312,1193.5411024284,228456
07/12/2015,1194.9717244188,1212.4074299268,1194.122292612,1210.1720830668,150373
08/12/2015,1205.9249240328,1208.0261500812,1191.5292902544,1197.4306059648,143477
09/12/2015,1198.14591696,1198.1906238972,1169.4440632776,1174.67477493,231658
10/12/2015,1176.686587104,1189.20452952,1167.2087164176,1184.2420594908,184512
11/12/2015,1185.180905172,1200.828333192,1172.0817725724,1179.7266588336,287359
14/12/2015,1175.79244836,1202.61661068,1173.110032128,1199.7553666992,107799
15/12/2015,1201.051867878,1202.5719037428,1185.404439858,1196.0446909116,107698
16/12/2015,1206.640235028,1211.5132911828,1196.357639472,1206.2825795304,195075
17/12/2015,1208.7861680136,1220.3205578112,1207.0425974628,1212.6309646128,166086
18/12/2015,1211.4685842456,1215.134553096,1196.581174158,1206.193165656,288616
21/12/2015,1203.6001632984,1213.346275608,1200.9177470664,1209.769720632,113087
22/12/2015,1206.640235028,1215.6710363424,1199.8447805736,1206.1037517816,115880
23/12/2015,1213.0780339848,1216.1181057144,1196.4917602836,1199.9789013852,112959
24/12/2015,1205.075492226,1211.4685842456,1198.14591696,1201.8565927476,128637
28/12/2015,1202.61661068,1209.769720632,1185.8962161672,1189.9645474524,167115
29/12/2015,1193.4963954912,1210.663859376,1187.5950797808,1207.4896668348,163645
30/12/2015,1206.193165656,1215.581622468,1202.61661068,1206.9084766512,83499
31/12/2015,1202.61661068,1224.97007928,1201.9907135592,1216.6098820236,245336
01/01/2016,1217.816969328,1234.2691222176,1216.02869184,1228.2336856956,161982
04/01/2016,1223.5394572896,1232.3020169808,1190.992807008,1201.722471936,158288
05/01/2016,1202.61661068,1212.005067492,1197.0729504672,1199.3082973272,126300
06/01/2016,1205.299026912,1205.299026912,1178.251329906,1180.5760906404,316220
07/01/2016,1178.251329906,1178.921933964,1156.121395992,1162.827436572,301061
08/01/2016,1164.9733695576,1169.8911326496,1140.0268986,1158.6249844752,161727
11/01/2016,1151.4718745232,1165.062783432,1137.5233101168,1160.1897272772,142693
12/01/2016,1158.133208166,1163.274505944,1140.0268986,1144.8552478176,105930
13/01/2016,1153.43897976,1157.015534736,1132.426719276,1146.2411628708,166569
14/01/2016,1135.55620488,1142.4410732088,1125.8100925704,1134.7067730732,124027
15/01/2016,1140.0268986,1140.0268986,1093.755218598,1099.4329996224,141382
18/01/2016,1102.02600198,1109.626181304,1083.9643993512,1094.649357342,156641
19/01/2016,1099.79065512,1114.096875024,1093.08461454,1104.5295904632,176622
20/01/2016,1089.8657150616,1098.896516376,1077.43718652,1083.919692414,156349
21/01/2016,1095.3199614,1106.0049193908,1083.02555367,1098.4047400668,209284
22/01/2016,1108.6873356228,1123.6194526476,1099.8353620572,1109.626181304,123254
25/01/2016,1117.67343,1129.744303044,1109.6708882412,1113.20273628,124527
27/01/2016,1116.779291256,1117.67343,1098.002377632,1100.1036036804,112892
28/01/2016,1101.9365881056,1104.1719349656,1080.119602752,1086.3338670228,134504
29/01/2016,1090.9386815544,1120.802915604,1087.3174196412,1108.7767494972,254442
01/02/2016,1113.20273628,1143.5140397016,1109.0002841832,1137.2103615564,210958
02/02/2016,1132.6949608992,1147.180008552,1120.4005531692,1127.8219047444,204605
03/02/2016,1112.308597536,1143.603453576,1110.0285437388,1116.7345843188,191044
04/02/2016,1122.367658406,1142.1728315856,1120.5346739808,1135.9138603776,205905
05/02/2016,1132.9184955852,1149.862424784,1125.7653856332,1136.8079991216,231340
08/02/2016,1136.450343624,1171.098219954,1135.6903256916,1145.0340755664,218591
09/02/2016,1136.450343624,1155.9872751804,1135.55620488,1143.6928674504,148674
10/02/2016,1135.55620488,1142.932849518,1117.7181369372,1131.8455290924,256864
11/02/2016,1117.67343,1130.8172695368,1095.767030772,1103.367210096,231566
12/02/2016,1103.5460378448,1111.1015102316,1072.1617679304,1091.7881133612,212041
15/02/2016,1099.79065512,1134.3938245128,1098.3153261924,1123.5300387732,130804
16/02/2016,1131.08551116,1138.3280349864,1095.3199614,1097.8235498832,144749
17/02/2016,1093.3528561632,1102.920140724,1076.543047776,1096.2588070812,165080
18/02/2016,1104.26134884,1131.6667013436,1101.2212771104,1128.7160434884,194704
19/02/2016,1126.4359896912,1145.3023171896,1116.2428080096,1142.709314832,160509
22/02/2016,1144.9552058002,1156.45416745908,1138.80146459994,1151.2437004574,122556
23/02/2016,1141.90079410956,1151.6928786472,1114.54584235074,1117.46550058444,137883
24/02/2016,1113.0635543244,1118.6782816969,1101.20525011368,1107.80816950374,122545
25/02/2016,1106.23604583944,1109.29045753008,1074.4342300016,1077.89290206306,208252
26/02/2016,1087.28072622988,1087.32564404886,1061.99199414414,1069.85261246564,224281
29/02/2016,1068.1457353444,1084.22631453924,1054.6703896504,1072.54768160444,199068
01/03/2016,1077.1292991404,1116.97140457566,1073.535873622,1107.58358040884,150747
02/03/2016,1113.961910704,1131.74936702008,1108.48193678844,1116.8815689377,140876
03/03/2016,1119.08254206772,1131.74936702008,1107.6734160468,1126.67365347534,226023
04/03/2016,1127.437256398,1128.3356127776,1106.7750596672,1113.37797905726,189317
08/03/2016,1113.15338996236,1127.39233857902,1105.96653892556,1114.99502054054,151748
09/03/2016,1111.53634847908,1122.67596758612,1107.8980051417,1117.3307471275,304618
10/03/2016,1121.1487617408,1122.9454745,1101.47475702756,1105.29277164086,157799
11/03/2016,1100.48656501,1112.1651979448,1094.1980703528,1102.0586886743,227408
14/03/2016,1106.14621020148,1113.0635543244,1104.978346908,1110.18881390968,199944
15/03/2016,1110.3684851856,1118.31893914506,1106.14621020148,1114.05174634196,252747
16/03/2016,1114.32125325584,1120.699583551,1103.22655196778,1110.50323864254,133474
17/03/2016,1117.46550058444,1153.75909832028,1117.46550058444,1144.23652069652,661507
18/03/2016,1149.98600152596,1204.06705557788,1149.896165888,1201.28215080112,937576
21/03/2016,1207.70539891526,1237.9350910888,1202.0008359048,1234.65609030326,642636
22/03/2016,1234.3416655704,1234.3416655704,1214.5778252192,1226.7056363438,274082
23/03/2016,1228.9515272928,1257.69893144,1220.05779913476,1233.12888445794,348767
28/03/2016,1233.12888445794,1250.5120804032,1217.45256563392,1237.53083071798,361296
29/03/2016,1228.09808873218,1246.9186548848,1215.56601723676,1227.19973235258,306696
30/03/2016,1233.4433091908,1250.5120804032,1231.73643206956,1244.85243521172,283716
31/03/2016,1253.207149542,1253.207149542,1223.74106029112,1241.43868096924,593818
01/04/2016,1231.8711855265,1272.9709898932,1231.8711855265,1270.09624947848,353030
04/04/2016,1266.63757741702,1279.4840736453,1255.0038623012,1268.56904363316,304032
05/04/2016,1262.190713338,1271.174277134,1246.0202985052,1249.3891349287,245684
06/04/2016,1253.207149542,1287.7938701566,1250.5120804032,1282.58340315492,395582
07/04/2016,1280.15784093,1288.2430483464,1267.76052289152,1273.46508590198,188755
08/04/2016,1270.2759207544,1301.58364058346,1268.38937235724,1295.29514592626,385804
11/04/2016,1300.370859471,1302.57183260102,1280.6070191198,1300.05643473814,182766
12/04/2016,1301.62855840244,1304.862641369,1284.69454064698,1301.44888712652,227452
13/04/2016,1303.82953153246,1325.07565991,1303.2905177047,1320.53896019302,357950
18/04/2016,1316.18193175196,1319.6855216324,1291.11778876112,1315.32849319134,291018
20/04/2016,1318.87700089076,1330.9149763774,1311.8249033109,1318.47274051994,300310
21/04/2016,1331.813332757,1331.813332757,1282.8529100688,1287.61419888068,182428
22/04/2016,1284.649622828,1286.895513777,1267.3562625207,1270.41067421134,277158
25/04/2016,1279.2594845504,1284.29028027616,1263.0890697176,1278.27129253284,164659
26/04/2016,1284.649622828,1288.96173345008,1276.74408668752,1281.86471805124,183762
27/04/2016,1283.61651299146,1298.66398234976,1274.7677026524,1284.24536245718,139836
28/04/2016,1277.55260742916,1303.5151067996,1264.8857824768,1291.70172040786,805376
29/04/2016,1303.33543552368,1310.7019578364,1283.66143081044,1296.46300921974,283005
02/05/2016,1295.4298993832,1299.42758527242,1272.20738697054,1276.16015504078,205976
03/05/2016,1284.649622828,1298.124968522,1270.00641384052,1275.80081248894,218099
04/05/2016,1270.2759207544,1275.666059032,1256.08188995672,1261.02285004452,191198
05/05/2016,1253.92583464568,1264.70611120088,1239.10295438228,1253.07239608506,216481
06/05/2016,1247.8170112644,1298.124968522,1247.18816179868,1280.56210130082,294483
09/05/2016,1286.895513777,1304.32362754124,1283.21225262064,1293.4085975291,182897
10/05/2016,1291.8364738648,1316.94553467462,1280.6070191198,1314.60980808766,257547
11/05/2016,1308.9052450772,1322.73993332304,1294.9807211934,1318.1133979681,311712
12/05/2016,1311.600314216,1325.07565991,1308.09672433556,1313.75636952704,127214
13/05/2016,1303.60494243756,1314.25046553582,1294.5315430036,1308.99508071516,191465
16/05/2016,1304.68297009308,1313.3970269752,1295.96891321096,1309.98327273272,95257
17/05/2016,1318.7871652528,1318.7871652528,1293.67810444298,1302.07773659224,136278
18/05/2016,1295.879077573,1295.879077573,1283.3020882586,1288.28796616538,142481
19/05/2016,1289.141404726,1291.8364738648,1260.3940005788,1266.54774177906,123694
20/05/2016,1271.174277134,1274.63294919546,1248.85012110094,1251.81469715362,132709
23/05/2016,1251.6350258777,1282.8529100688,1248.715367644,1273.8693462728,321582
24/05/2016,1273.91426409178,1302.61675042,1269.01822182296,1299.15807835854,219384
25/05/2016,1308.0068886976,1338.01199177624,1305.0872304639,1325.12057772898,406129
26/05/2016,1334.059223706,1354.7214204368,1324.8510708151,1351.17291273738,316361
27/05/2016,1355.6197768164,1377.44983684068,1349.3312821592,1368.15184831182,433423
30/05/2016,1374.485260788,1388.8589628616,1370.03839670898,1380.90850890214,609125
31/05/2016,1379.02196050498,1389.3081410514,1366.8492315614,1373.63182222738,447261
01/06/2016,1378.977042686,1401.39103435702,1372.6885480288,1394.60844369104,741826
02/06/2016,1394.60844369104,1399.6392394168,1380.86359108316,1389.12846977548,204883
03/06/2016,1395.5966357086,1405.0293776944,1377.71934375456,1383.468824584,765137
06/06/2016,1385.2655373432,1387.5114282922,1376.2819735472,1378.70753577212,406775
07/06/2016,1371.02658872654,1397.75269101964,1371.02658872654,1383.87308495482,350868
08/06/2016,1387.960606482,1392.45238838,1376.41672700414,1389.5327301463,369780
09/06/2016,1390.206497431,1396.944170278,1372.6885480288,1377.1803299268,425292
10/06/2016,1374.485260788,1401.39103435702,1374.485260788,1397.52810192474,683588
13/06/2016,1390.6556756208,1394.06942986328,1380.7737554452,1389.57764796528,385737
14/06/2016,1392.45238838,1395.01270406186,1380.05507034152,1383.42390676502,123826
15/06/2016,1385.31045516218,1405.61330934114,1381.71702964378,1401.57070563294,169282
16/06/2016,1401.34611653804,1411.67721490344,1379.47113869478,1387.91568866302,246458
17/06/2016,1396.944170278,1400.89693834824,1387.60126393016,1397.30351282984,159057
20/06/2016,1382.03145437664,1414.05785930938,1382.03145437664,1410.55426942894,189189
21/06/2016,1413.1145851108,1416.57325717226,1395.5966357086,1400.5375957964,132191
22/06/2016,1405.927734074,1414.91129787,1400.13333542558,1411.36279017058,262079
23/06/2016,1411.3178723516,1419.13357285412,1406.8260904536,1411.85688617936,203556
24/06/2016,1392.45238838,1415.76473643062,1367.2984097512,1408.71263885076,454077
27/06/2016,1407.7244468332,1449.9471966744,1405.79298061706,1438.2685637396,436913
28/06/2016,1444.73672967272,1446.66819588886,1423.894861666,1435.93283715264,220564
29/06/2016,1452.6422658132,1452.6422658132,1429.86893159034,1436.42693316142,566696
30/06/2016,1438.7177419294,1459.78419903102,1433.01317891894,1451.78882725258,434696
01/07/2016,1453.85504692566,1460.77239104858,1447.9258948203,1453.00160836504,189854
04/07/2016,1453.5406221928,1460.68255541062,1437.5947964549,1442.40100308576,150330
05/07/2016,1448.77933338092,1450.48621050216,1423.894861666,1427.75779409828,244811
07/07/2016,1424.52371113172,1446.1291820611,1409.56607741138,1441.59248234412,299181
08/07/2016,1446.353771156,1446.39868897498,1430.45286323708,1435.25906986794,200172
11/07/2016,1444.64689403476,1458.79600701346,1442.80526345658,1452.46259453728,133805
12/07/2016,1451.92358070952,1464.27598092902,1444.37738712088,1455.42717058996,144382
13/07/2016,1452.1930876234,1460.09862376388,1447.2521275356,1452.82193708912,204473
14/07/2016,1453.45078655484,1463.4225423684,1445.81475732824,1460.90714450552,151787
15/07/2016,1462.79369290268,1477.16739497628,1444.69181185374,1449.0488402948,202637
18/07/2016,1454.4389785724,1454.4389785724,1428.56631483992,1433.3276036518,182531
19/07/2016,1433.14793237588,1448.06064827724,1418.99881939718,1439.66101612798,292358
20/07/2016,1448.24031955316,1473.304462544,1444.15279802598,1465.93794023128,340427
21/07/2016,1477.796244442,1543.3762601528,1475.9995316828,1534.57236763272,883761
22/07/2016,1527.20584532,1529.76616100186,1504.88168928694,1510.63117011638,321797
25/07/2016,1508.29544352942,1521.5911179475,1498.77286590566,1505.33086747674,296454
26/07/2016,1513.730499626,1536.14449129702,1492.12502869662,1505.24103183878,856261
27/07/2016,1527.16092750102,1527.16092750102,1488.93586354904,1495.89812549094,360859
28/07/2016,1505.6452922096,1518.80621317074,1490.8224119462,1513.82033526396,408192
29/07/2016,1510.99051266822,1543.33134233382,1496.30238586176,1517.05441823052,290569
01/08/2016,1523.20815943078,1530.3500926486,1503.8485794504,1517.18917168746,164006
02/08/2016,1517.3248084716,1527.09066540336,1500.68668184712,1510.76902488315,158612
03/08/2016,1512.53230460694,1523.47368135456,1501.9526262642,1509.00574515936,118390
04/08/2016,1519.04287589478,1523.56410595578,1498.47127911723,1506.69991782825,131610
05/08/2016,1517.3248084716,1559.32703573829,1507.64937614106,1556.25259929681,349126
08/08/2016,1560.63819245598,1570.13277558408,1545.17558564736,1550.91754782483,302847
09/08/2016,1550.781910923,1558.87491273219,1514.52164583378,1524.51356426859,292930
10/08/2016,1526.3672685936,1526.3672685936,1456.83075025542,1463.88386915058,212343
11/08/2016,1464.878539764,1489.79051740011,1432.3256833248,1463.43174614448,378875
12/08/2016,1469.44498212561,1501.048380252,1466.64181948779,1494.2665351605,336621
16/08/2016,1495.89417798246,1516.37535015879,1495.26120577392,1504.52972739897,350960
17/08/2016,1503.48984448494,1523.38325675334,1484.59110282996,1514.612070435,296849
18/08/2016,1521.3939155265,1537.17300843939,1516.96311006672,1530.61722485094,413415
19/08/2016,1528.175760618,1544.49740113821,1520.9417925204,1529.26085583264,343996
22/08/2016,1530.57201255033,1533.6012366912,1496.527150191,1501.90741396359,198770
23/08/2016,1495.6229041788,1520.76094331796,1473.920999886,1496.21066408673,308683
24/08/2016,1485.6761980446,1499.87286043614,1482.963460008,1489.65488049828,133853
25/08/2016,1492.9101661422,1506.56428092642,1483.95813062142,1488.20808687876,192518
26/08/2016,1490.37827730804,1504.12281669348,1467.36521629755,1481.33581718604,132820
29/08/2016,1481.1549679836,1484.63631513057,1467.99818850609,1478.39701764639,118427
30/08/2016,1483.4155830141,1532.696990679,1483.00867230861,1526.90981620092,293777
31/08/2016,1526.90981620092,1559.824371045,1526.90981620092,1546.07983165956,612017
01/09/2016,1508.2823483496,1536.3139747278,1508.2823483496,1525.96035788811,460835
02/09/2016,1528.44703442166,1533.6012366912,1505.93130871788,1509.68392966851,233411
06/09/2016,1523.654530557,1544.67825034065,1513.2557014167,1536.17833782597,283811
07/09/2016,1538.1224667522,1543.36709362296,1521.03221712162,1533.91772279547,246479
08/09/2016,1525.64387178384,1550.781910923,1522.34337383931,1530.66243715155,261065
09/09/2016,1530.8884986546,1530.8884986546,1493.09101534464,1495.03514427087,287571
12/09/2016,1482.963460008,1482.963460008,1419.89230065705,1430.87888970528,256445
14/09/2016,1432.3256833248,1471.11783724818,1431.10495120833,1464.878539764,282022
15/09/2016,1460.40252200361,1468.35988691097,1440.19262363094,1456.92117485664,226222
16/09/2016,1469.399769825,1482.87303540678,1458.91051608348,1470.57528964086,250388
19/09/2016,1479.3464759592,1499.2398882276,1475.86512881223,1494.49259666355,256936
20/09/2016,1493.8144121544,1497.70267000686,1469.8518928311,1476.00076571406,276332
21/09/2016,1475.2773689043,1488.16287457815,1469.44498212561,1473.24281537685,205138
22/09/2016,1486.5804440568,1510.9950863862,1482.963460008,1506.51906862581,314131
23/09/2016,1511.8993323984,1511.8993323984,1456.46905185054,1462.1658017274,268908
26/09/2016,1454.20843682004,1463.5221707457,1440.82559583948,1456.69511335359,244376
27/09/2016,1457.91584547006,1468.4955238128,1450.4106035688,1454.38928602248,148821
28/09/2016,1451.314849581,1467.5912778006,1449.5063575566,1461.39719261703,123374
29/09/2016,1464.878539764,1471.56996025428,1426.31244734367,1436.30436577848,718082
30/09/2016,1425.31777673025,1457.50893476457,1425.31777673025,1446.65798261817,155560
03/10/2016,1460.357309703,1482.0592139958,1451.314849581,1475.68427960979,151874
04/10/2016,1477.26671013114,1486.03789644948,1466.6870317884,1480.34114657262,354672
05/10/2016,1482.963460008,1490.10700350438,1467.1391547945,1481.1549679836,264589
06/10/2016,1484.7719520324,1494.7186581666,1464.15514295424,1473.69493838295,252352
07/10/2016,1472.92632927258,1474.55397209454,1454.4797106237,1469.76146822988,262250
10/10/2016,1472.83590467136,1513.7078244228,1468.31467461036,1508.7344713557,420386
13/10/2016,1501.048380252,1501.048380252,1467.09394249389,1475.77470421101,216022
14/10/2016,1479.3464759592,1492.9101661422,1473.96621218661,1483.18952151105,182239
17/10/2016,1483.8677060202,1487.39426546778,1445.16597669804,1451.04357577734,326387
18/10/2016,1453.1233416054,1463.0700477396,1438.2032824041,1461.2615557152,295645
19/10/2016,1464.69769056156,1471.2082618494,1452.58079399808,1456.33341494871,158539
20/10/2016,1464.878539764,1471.93165865916,1451.13400037856,1455.33874433529,145915
21/10/2016,1457.6445716664,1459.4530636908,1394.21171391057,1416.18489200703,1607644
24/10/2016,1410.80462823444,1434.76714755774,1402.71162642525,1415.95883050398,337777
25/10/2016,1417.8577471296,1417.8577471296,1399.41112848072,1403.07332483013,210532
26/10/2016,1398.28082096547,1400.6770728978,1388.017628727,1395.2515968246,182378
27/10/2016,1392.538858788,1397.60263645632,1369.11888707202,1378.975168605,454542
28/10/2016,1380.46717452513,1385.3048906904,1364.14553400492,1371.46992670374,143281
01/11/2016,1369.66143467934,1382.32087885014,1355.4647722878,1359.85036544697,227928
02/11/2016,1340.9968360926,1367.2199704464,1340.9968360926,1345.65370305543,192484
03/11/2016,1345.74412765665,1375.76509526169,1345.20158004933,1365.50190302322,356296
04/11/2016,1366.94869664274,1380.19590072147,1332.94904658402,1347.37177047861,362809
07/11/2016,1355.64562149024,1371.7412005074,1341.22289759565,1345.20158004933,252525
08/11/2016,1349.04462560118,1367.2199704464,1346.91964747251,1363.51256179638,205365
09/11/2016,1312.19660060403,1326.5288998974,1227.9660845676,1315.85879695344,570189
10/11/2016,1329.241637934,1353.6562802634,1311.20192999061,1317.30559057296,379958
11/11/2016,1310.16204707658,1310.16204707658,1258.21311367569,1266.35132778549,281691
15/11/2016,1262.41785763242,1294.83507716979,1201.2908272077,1206.76151558151,1136295
16/11/2016,1219.8278704578,1243.338266775,1182.61814705577,1210.64977343397,412210
17/11/2016,1210.69498573458,1210.69498573458,1170.998585799,1176.78576027708,279526
18/11/2016,1180.9452919332,1192.20315478509,1167.3816017502,1184.29100217834,204142
21/11/2016,1189.083506043,1190.34945046008,1144.00684233483,1150.42698902145,395665
22/11/2016,1159.2433876404,1172.8070778234,1136.23032662991,1169.1900937746,274371
23/11/2016,1180.9452919332,1190.80157346618,1154.45088377574,1178.00649239355,267500
24/11/2016,1177.3283078844,1207.168426287,1158.42956622942,1198.26160306683,388251
25/11/2016,1203.5514422382,1203.5514422382,1174.38950834475,1184.01972837468,328988
28/11/2016,1187.18458941738,1199.84403358818,1179.95062131978,1191.52497027594,262470
29/11/2016,1194.59940671742,1211.50880714556,1181.44262723991,1193.604736104,215852
30/11/2016,1198.125966165,1225.02728502795,1196.49832334304,1213.85984677728,358245
01/12/2016,1219.91829505902,1225.16292192978,1199.9344581894,1209.8811643236,231448
02/12/2016,1206.08333107236,1209.8811643236,1191.70581947838,1198.75893837354,189494
05/12/2016,1204.77217435467,1218.24543993645,1192.51964088936,1211.689656348,189012
06/12/2016,1212.81996386325,1227.42353696028,1211.689656348,1221.22945177671,150509
07/12/2016,1222.76666999745,1230.58839800298,1218.42628913889,1220.73211647,317740
08/12/2016,1222.72145769684,1240.08298113108,1221.6363624822,1228.55384447553,189040
09/12/2016,1231.80913011945,1252.380726897,1225.75068183771,1247.09088772563,213389
12/12/2016,1241.0776517445,1244.01645128415,1212.72953926203,1217.02470781998,174756
13/12/2016,1219.55659665414,1220.64169186878,1201.01955340404,1211.46359484495,160886
14/12/2016,1211.73486864861,1214.4023943846,1184.65270058322,1187.68192472409,244083
15/12/2016,1180.9452919332,1200.92912880282,1179.90540901917,1189.03829374239,240587
16/12/2016,1190.71114886496,1192.2483670857,1160.19284595321,1170.22997668863,359428
19/12/2016,1170.22997668863,1172.58101632035,1147.98552478851,1155.35512978794,320880
20/12/2016,1152.73281635256,1174.6155698478,1150.2009275184,1171.13422270083,128333
21/12/2016,1175.56502816061,1188.26968463202,1170.998585799,1175.51981586,189869
22/12/2016,1174.43472064536,1180.13147052222,1162.13697487944,1170.45603819168,195979
23/12/2016,1171.94804411181,1180.041045921,1162.4082486831,1172.17410561486,167352
26/12/2016,1169.77785368253,1170.998585799,1155.98810199648,1161.14230426602,128460
27/12/2016,1161.0518796648,1172.8070778234,1156.80192340746,1170.81773659656,123749
28/12/2016,1160.41890745626,1180.041045921,1160.41890745626,1170.81773659656,276849
29/12/2016,1170.998585799,1188.81223223934,1169.55179217948,1184.51706368139,283456
30/12/2016,1185.64737119664,1208.0726722992,1184.562275982,1203.59665453881,162248
02/01/2017,1211.689656348,1227.46874926089,1210.7854103358,1222.45018389318,194806
03/01/2017,1229.68415199078,1229.68415199078,1208.66043220713,1214.89972969131,167153
04/01/2017,1218.65235064194,1221.6363624822,1189.21914294483,1193.06218849668,204877
05/01/2017,1203.0993192321,1210.7854103358,1193.69516070522,1205.22429736077,362924
06/01/2017,1209.8811643236,1219.91829505902,1202.647196226,1206.17375567358,247931
09/01/2017,1215.03536659314,1215.03536659314,1190.4398750613,1200.70306729977,135067
10/01/2017,1204.4556882504,1209.29340441567,1188.22447233141,1193.24303769912,166426
11/01/2017,1198.125966165,1224.3491005188,1193.604736104,1219.55659665414,399543
12/01/2017,1227.0618385554,1230.6788226042,1204.77217435467,1213.13644996752,282105
13/01/2017,1216.03003720656,1220.73211647,1200.56743039794,1202.1950732199,101419
16/01/2017,1203.5514422382,1211.59923174678,1198.125966165,1203.5514422382,107466
17/01/2017,1205.3599342626,1211.59923174678,1189.083506043,1201.65252561258,208483
18/01/2017,1209.65510282055,1224.16825131636,1203.5514422382,1220.46084266634,503533
19/01/2017,1221.6363624822,1236.96333238899,1213.81463447667,1230.72403490481,561898
20/01/2017,1227.87565996638,1234.295806653,1189.083506043,1199.43712288269,380376
23/01/2017,1199.16584907903,1214.94494199192,1199.16584907903,1206.89715248334,205914
24/01/2017,1210.7854103358,1231.5830686164,1209.06734291262,1228.50863217492,834505
25/01/2017,1231.1309456103,1277.6996152386,1223.08315610172,1265.40186947268,743286
27/01/2017,1284.029337324,1302.114257568,1277.6996152386,1293.65955735393,617354
30/01/2017,1291.98670223136,1302.114257568,1276.7953692264,1291.62500382648,215574
31/01/2017,1279.73416876605,1297.50260290578,1271.59595465625,1278.1517382447,186852
01/02/2017,1280.4123532752,1334.80275090903,1277.2474922325,1327.93048121631,399235
02/02/2017,1329.241637934,1329.241637934,1286.83249996182,1294.74465256857,305773
03/02/2017,1293.071797446,1301.52649766007,1273.22359747821,1287.55589677158,645997
06/02/2017,1276.88579382762,1358.85569483355,1267.7529091044,1338.41973495783,1276805
07/02/2017,1341.62980830114,1341.62980830114,1306.99718603388,1316.76304296564,290474
08/02/2017,1317.39601517418,1359.9860023488,1317.39601517418,1353.74670486462,649755
09/02/2017,1353.79191716523,1367.26518274701,1336.11390762672,1343.2574511231,373250
10/02/2017,1345.02073084689,1353.61106796279,1333.3107449889,1344.56860784079,152607
13/02/2017,1349.1350502024,1358.44878412806,1322.09809443762,1345.11115544811,232611
14/02/2017,1342.805328117,1344.6138201414,1321.91724523518,1325.21774317971,229223
15/02/2017,1325.80550308764,1335.66178462062,1297.68345210822,1304.73657100338,266161
16/02/2017,1309.07695186194,1319.83747940712,1297.90951361127,1316.44655686137,166282
17/02/2017,1320.199177812,1333.40116959012,1313.05563431562,1325.35338008154,137686
20/02/2017,1326.80017370106,1336.38518143038,1316.17528305771,1320.78693771993,151885
21/02/2017,1313.4173327205,1333.3107449889,1309.52907486804,1326.93581060289,218786
22/02/2017,1329.241637934,1335.5713600194,1305.18869400948,1308.98652726072,237273
23/02/2017,1310.16204707658,1314.68327713758,1291.21809312099,1300.39619014482,383587
27/02/2017,1305.23390631009,1305.23390631009,1275.71027401176,1281.7687222935,241883
28/02/2017,1286.42558925633,1287.60110907219,1268.38588131294,1276.3432462203,554038
01/03/2017,1280.4123532752,1285.8378293484,1271.77680385869,1274.03741888919,338182
02/03/2017,1281.90435919533,1301.07437465397,1267.43642300013,1273.04274827577,412473
03/03/2017,1270.465647141,1281.22617468618,1257.71577836898,1260.24766720314,239017
06/03/2017,1264.1359250556,1272.63583757028,1255.59080024031,1260.02160570009,151011
07/03/2017,1261.423187019,1261.423187019,1250.5722348726,1254.50570502567,290023
08/03/2017,1258.39396287813,1274.0826311898,1253.55624671286,1264.09071275499,637044
09/03/2017,1254.59612962689,1288.00801977768,1253.91794511774,1267.70769680379,583817
10/03/2017,1272.2741391654,1279.508107263,1262.28222073059,1265.94441708,279160
14/03/2017,1288.550567385,1293.02658514539,1273.67572048431,1279.86980566788,568073
15/03/2017,1289.4548133972,1294.38295416369,1282.2208452996,1284.39103572888,230384
16/03/2017,1297.55822333775,1299.4651953225,1288.5682125525,1291.292458245,284330
17/03/2017,1294.47074488625,1296.65014144025,1274.31132676175,1281.75759832125,248632
20/03/2017,1287.16068561138,1287.16068561138,1276.30910693625,1279.21496900825,226054
21/03/2017,1281.3035573725,1290.565992727,1276.80855197987,1283.16512526237,165807
22/03/2017,1279.39658538775,1282.0300228905,1256.64913385537,1258.964742694,157023
23/03/2017,1261.3257556275,1275.58264141825,1253.516251309,1271.99571792313,195943
24/03/2017,1271.677889259,1280.395475475,1265.04889140725,1268.09096576388,199030
27/03/2017,1268.09096576388,1274.0389021925,1263.00570713787,1268.408794428,362440
28/03/2017,1268.408794428,1292.83619747075,1268.408794428,1286.933665137,300560
29/03/2017,1288.5682125525,1303.18833110225,1286.7520487575,1292.51836880662,314236
30/03/2017,1293.471854799,1299.01115437375,1282.66568021875,1288.52280845763,405551
31/03/2017,1291.38326643475,1316.718751375,1291.38326643475,1313.13182787987,425733
03/04/2017,1334.880389325,1340.692113469,1321.71320181125,1327.57033005012,441124
05/04/2017,1327.93356280912,1341.2369626075,1319.57920935213,1335.0620057045,282291
06/04/2017,1328.75083651688,1357.53703266763,1324.48285159863,1352.81500680063,286721
07/04/2017,1343.9612083,1352.58798632625,1327.11628910138,1333.15503371975,186840
10/04/2017,1336.24251217125,1342.145044505,1330.83942488113,1338.3311005355,161606
11/04/2017,1333.06422553,1356.26571801113,1324.02881064987,1352.95121908525,231632
12/04/2017,1346.09520075912,1369.16048095562,1340.32888071,1357.17379990862,320691
13/04/2017,1353.042027275,1373.01982902,1350.54480205687,1356.81056714963,567719
17/04/2017,1356.1295057265,1375.51705423812,1339.4207988125,1365.028708322,559903
18/04/2017,1366.52704345287,1379.78503915637,1345.86818028475,1355.63006068287,356304
19/04/2017,1358.3089022805,1378.37751221525,1348.91025464138,1372.42957578663,457047
20/04/2017,1372.1117471225,1382.100647995,1366.57244754775,1372.15715121738,279143
21/04/2017,1370.70422018138,1372.61119216612,1349.409699685,1357.99107361638,300211
24/04/2017,1378.468320405,1467.097113601,1374.42735596112,1459.2876092825,2098030
25/04/2017,1462.05725906988,1465.55337437525,1441.71622456588,1459.56003385175,539573
26/04/2017,1459.56003385175,1477.267630853,1444.84910711225,1454.383967036,526758
27/04/2017,1455.6552816925,1493.65850910287,1442.98753922238,1485.62198431,481629
28/04/2017,1477.13141856838,1484.7139024125,1458.42493147987,1477.04061037862,373117
02/05/2017,1475.6330834375,1475.6330834375,1425.688579075,1446.61986681237,357316
03/05/2017,1440.44490990937,1471.09267395,1440.44490990937,1460.69513622363,267323
04/05/2017,1465.55337437525,1481.98965672,1456.51795949513,1474.77040563488,373695
05/05/2017,1474.77040563488,1516.45136473013,1463.19236144175,1507.55216213463,586030
08/05/2017,1530.20880547725,1595.22746933825,1530.20880547725,1553.95514709687,1432166
09/05/2017,1544.6473076475,1569.93738849288,1540.56093910875,1544.828924027,563503
10/05/2017,1548.2796352375,1554.00055119175,1519.765863656,1534.97623543913,320293
11/05/2017,1541.923061955,1564.57970529762,1526.4856696975,1534.02274944675,252482
12/05/2017,1536.38376238025,1543.69382165513,1503.9652386395,1525.44137551537,279447
15/05/2017,1527.5753679745,1552.820044725,1523.034958487,1527.30294340525,218344
16/05/2017,1528.39264168225,1580.06250165,1528.39264168225,1570.66385401088,646805
17/05/2017,1570.52764172625,1570.52764172625,1534.74921496475,1538.33613845987,351398
18/05/2017,1529.11910720025,1535.29406410325,1511.50231838875,1516.860001584,189887
19/05/2017,1521.94526021,1547.82559428875,1512.864441235,1521.4004110715,240074
22/05/2017,1537.33724837263,1537.33724837263,1467.73277092925,1477.31303494787,309082
23/05/2017,1484.7139024125,1495.6108851825,1456.15472673612,1477.90328818125,339377
24/05/2017,1477.630863612,1489.16350371025,1430.2289885625,1437.44823964763,383499
25/05/2017,1434.76939805,1482.8977386175,1426.9598937315,1470.82024938075,547632
26/05/2017,1466.5522644625,1488.25542181275,1457.69846596187,1482.30748538412,192687
29/05/2017,1482.98854680725,1501.967458465,1468.77706511138,1475.088234299,277804
30/05/2017,1474.5433851605,1490.84345522062,1448.43603060737,1484.85011469713,300631
31/05/2017,1485.62198431,1504.6917041575,1478.85677417362,1486.57547030237,372747
01/06/2017,1482.1712730995,1511.32070200925,1481.67182805588,1505.69059424475,415312
02/06/2017,1509.45913411937,1518.26752852513,1488.3462300025,1491.9785575925,185523
05/06/2017,1490.1623937975,1505.599786055,1482.08046490975,1494.43037871575,269501
06/06/2017,1497.245432598,1502.55771169838,1450.388406687,1459.2876092825,212244
07/06/2017,1458.379527385,1471.09267395,1452.931036,1463.96423105463,243646
08/06/2017,1471.09267395,1474.72500154,1457.38063729775,1470.22999614738,136028
09/06/2017,1468.3684282575,1475.6330834375,1453.02184418975,1469.95757157813,185520
12/06/2017,1464.82690885725,1475.17904248875,1457.4714454875,1460.64973212875,208917
13/06/2017,1468.3684282575,1490.93426341038,1460.24109527488,1467.2787299805,493750
14/06/2017,1464.7361006675,1470.1845920525,1438.85576658875,1451.02406401525,308239
15/06/2017,1448.3906265125,1466.5522644625,1440.7627385735,1463.91882695975,178088
16/06/2017,1462.011854975,1496.01952203638,1453.8391178975,1487.9829972435,337111
19/06/2017,1492.88663949,1504.6917041575,1482.8977386175,1490.707242936,188158
20/06/2017,1493.613105008,1504.3284713985,1480.44591749425,1500.74154790338,200634
21/06/2017,1496.20113841587,1508.3240317475,1487.48355219988,1505.32736148575,246110
22/06/2017,1507.41594985,1520.26530869963,1494.702803285,1499.2432127725,575938
23/06/2017,1501.87665027525,1503.73821816513,1476.904398094,1486.25764163825,171707
27/06/2017,1490.1623937975,1491.9785575925,1425.77938726475,1433.45267929863,357014
28/06/2017,1428.4128247675,1445.57557263025,1399.58122452188,1434.81480214487,693964
29/06/2017,1445.34855215588,1463.73721058025,1427.59555105975,1434.72399395513,473658
30/06/2017,1428.63984524188,1433.8613161525,1412.47598746638,1423.91781937488,271195
03/07/2017,1425.59777088525,1444.48587435325,1422.91892928763,1441.670820471,441205
04/07/2017,1445.303148061,1458.06169872088,1425.688579075,1435.35965128338,193433
05/07/2017,1435.859096327,1452.0229541025,1427.55014696488,1447.89118146888,339033
06/07/2017,1450.79704354088,1472.40939270138,1442.03405323,1463.51019010588,282561
07/07/2017,1462.738320493,1478.22111684538,1456.56336359,1461.42160174162,637713
10/07/2017,1466.77928493688,1484.7139024125,1419.60443036175,1478.44813731975,58983
11/07/2017,1482.80693042775,1504.60089596775,1476.7227817145,1499.061596393,340155
12/07/2017,1543.73922575,1552.820044725,1484.7139024125,1549.14231304013,715522
13/07/2017,1550.32281950688,1563.12677426162,1534.658406775,1546.96291648612,436829
14/07/2017,1544.6473076475,1606.98712991088,1542.649527473,1593.77453830225,787831
17/07/2017,1599.1322214975,1613.57072366775,1566.48667728238,1586.7823076915,1021434
18/07/2017,1634.5474155,1642.7201525775,1586.4190749325,1597.77009865125,2131367
19/07/2017,1605.35258249537,1612.07238853688,1566.53208137725,1575.1588594035,433169
20/07/2017,1582.74134324763,1596.5895921845,1548.461251617,1554.63620852,472443
21/07/2017,1560.084699905,1566.48667728238,1539.60745311638,1551.5487300685,352413
24/07/2017,1557.3604542125,1579.1544197525,1551.09468911975,1566.30506090287,356863
25/07/2017,1597.05814038075,1597.05814038075,1565.16267308502,1577.50046129397,338103
26/07/2017,1576.4951600325,1583.21240027959,1551.77388810272,1559.4507340994,387084
27/07/2017,1564.6143269424,1594.22501864388,1560.59312189652,1582.8925316964,913927
28/07/2017,1589.10712131276,1606.6541978766,1577.4090702702,1582.16140350624,483594
31/07/2017,1586.5481726472,1607.5681081143,1579.51106381691,1583.98922398164,315048
01/08/2017,1592.9455443111,1601.1707364504,1582.52696760132,1588.14751556317,217585
02/08/2017,1576.4951600325,1622.1906719175,1565.07128206125,1619.54033222817,750288
03/08/2017,1624.9324026306,1661.30603009106,1606.6541978766,1654.72587637962,891266
04/08/2017,1639.09801131495,1678.8531066549,1639.09801131495,1657.2391295333,572886
07/08/2017,1661.4888121386,1669.7140042779,1640.51457218339,1660.8947704841,257138
08/08/2017,1660.8947704841,1679.35575728564,1638.18410107725,1656.14243724806,384643
09/08/2017,1654.13183472512,1673.3696452287,1639.00662029118,1662.85967749515,299512
10/08/2017,1657.74178016403,1657.74178016403,1617.621120729,1623.74431932159,335802
11/08/2017,1612.96017851673,1639.05231580307,1597.5150954996,1608.98466898274,401900
14/08/2017,1612.86878749296,1639.09801131495,1600.2568262127,1631.14699224696,582994
16/08/2017,1631.87812043712,1660.34642434148,1619.81450529948,1655.27422252224,378840
17/08/2017,1657.8331711878,1667.79479277873,1618.85489954989,1626.85161412977,360577
18/08/2017,1620.91119758472,1649.56228353662,1612.22905032657,1639.82913950511,274644
21/08/2017,1653.2636199993,1656.9192609501,1631.42116531827,1638.27549210102,326985
22/08/2017,1644.03312659853,1649.15102392965,1619.54033222817,1635.25958831661,452387
23/08/2017,1633.1575947699,1650.5218892862,1628.95360767648,1646.77485731163,220709
24/08/2017,1639.5549664338,1648.32850471572,1622.23636742938,1628.13108846255,245230
28/08/2017,1630.78142815188,1674.19216444263,1628.54234806952,1659.38681859189,512719
29/08/2017,1645.03842786,1660.30072882959,1632.28938004408,1646.40929321655,396845
30/08/2017,1662.4027223763,1672.455734991,1650.61328030997,1655.27422252224,206085
31/08/2017,1657.8331711878,1661.07755253164,1639.09801131495,1645.26690541943,351473
01/09/2017,1639.5549664338,1668.8000940402,1639.5549664338,1661.53450765049,270976
04/09/2017,1666.69810049349,1666.69810049349,1613.41713363558,1618.62642199047,470091
05/09/2017,1619.81450529948,1654.68018086774,1607.06545748357,1649.56228353662,550555
06/09/2017,1644.1245176223,1659.6609916632,1638.27549210102,1651.52719054767,413793
07/09/2017,1651.25301747636,1656.87356543822,1629.04499870025,1632.92911721047,301684
08/09/2017,1639.00662029118,1647.96294062064,1627.90261090312,1637.04171328013,175185
11/09/2017,1648.1000271563,1654.177530237,1638.18410107725,1642.79934777763,201484
12/09/2017,1642.79934777763,1697.67965755152,1642.2966971469,1691.87632754212,686528
13/09/2017,1688.9061192696,1708.96644898711,1679.94979894014,1685.02200075938,518764
14/09/2017,1682.5087476057,1695.3034909335,1669.7140042779,1686.02730202084,220654
15/09/2017,1681.594837368,1681.594837368,1655.13713598659,1663.95636978039,322787
18/09/2017,1669.89678632544,1688.49485966264,1665.19014860129,1668.66300750455,199639
19/09/2017,1674.92329263279,1675.92859389426,1656.0053507124,1660.75768394844,201939
20/09/2017,1666.0583633271,1667.79479277873,1625.02379365437,1632.28938004408,417936
21/09/2017,1633.11189925802,1635.25958831661,1592.44289368037,1599.16013392746,581400
22/09/2017,1595.00184234593,1595.6872750242,1535.369199336,1542.95465430891,386853
25/09/2017,1542.6804812376,1546.3361221884,1485.19552728627,1492.09554958091,604055
26/09/2017,1487.8458669756,1506.94659094353,1478.15841845598,1491.59289895017,984590
27/09/2017,1502.4684307788,1520.42676694961,1443.978175566,1452.88880038358,657782
28/09/2017,1458.6007393692,1525.77314184015,1453.16297345488,1504.15916471854,1985462
29/09/2017,1517.090994582,1534.4552890983,1501.78299810052,1514.25787284513,642879
03/10/2017,1526.32148798277,1531.7135583852,1500.6406103034,1505.34724802756,468889
04/10/2017,1507.951892205,1518.9188150574,1492.96376430672,1508.91149795459,279015
05/10/2017,1511.42475110826,1560.45603536087,1509.87110370417,1553.78449062566,677150
06/10/2017,1558.17125976662,1597.69787754714,1557.85139118342,1589.83824950292,1083633
09/10/2017,1590.203813598,1608.29923630446,1573.47925624809,1579.37397728126,399398
10/10/2017,1577.4090702702,1599.342915975,1577.4090702702,1584.76604768368,307959
11/10/2017,1594.7733647865,1598.4290057373,1560.27325331333,1567.76731726246,232277
12/10/2017,1571.19448065384,1596.6011852619,1563.74611221659,1591.16341934758,250493
13/10/2017,1594.7733647865,1621.2767616798,1585.6342624095,1617.66681624089,342499
16/10/2017,1623.1045821552,1642.20530612313,1617.66681624089,1635.62515241169,407115
17/10/2017,1635.899325483,1661.4888121386,1614.92508552779,1638.18410107725,1224581
18/10/2017,1654.177530237,1654.22322574888,1624.74962058306,1630.18738649737,493200
23/10/2017,1617.89529380031,1635.899325483,1594.68197376273,1627.6741333437,318547
24/10/2017,1637.7271459584,1650.61328030997,1621.00258860849,1624.65822955929,300472
25/10/2017,1631.37546980638,1657.78747567592,1631.3297742945,1646.13512014524,395507
26/10/2017,1648.41989573949,1651.34440850013,1623.60723278593,1628.99930318837,369959
27/10/2017,1632.19798902032,1646.82055282352,1620.3628514421,1629.63904035476,209531
30/10/2017,1640.4688766715,1672.41003947912,1635.12250178096,1662.90537300704,342673
31/10/2017,1664.2305428517,1678.8531066549,1649.6079790485,1653.72057511815,230679
01/11/2017,1658.7470814255,1676.93389515573,1658.7470814255,1666.37823191029,242596
02/11/2017,1674.87759712091,1677.0252861795,1641.7026554924,1644.49008171738,285996
03/11/2017,1649.69937007227,1660.98616150787,1640.4688766715,1649.79076109604,175743
06/11/2017,1645.9523380977,1658.15303977099,1637.7271459584,1648.41989573949,150563
07/11/2017,1654.04044370134,1659.79807819886,1623.42445073839,1635.899325483,280958
08/11/2017,1644.03312659853,1652.66957834479,1622.46484498881,1633.88872296006,216455
09/11/2017,1633.1575947699,1639.87483501699,1603.22703448522,1609.03036449462,246612
10/11/2017,1603.77538062784,1622.23636742938,1594.7733647865,1603.27272999711,326910
13/11/2017,1599.342915975,1620.22576490644,1590.61507320497,1605.51181007948,252028
14/11/2017,1605.51181007948,1625.8463128683,1584.17200602918,1592.99123982298,507067
15/11/2017,1589.2899033603,1630.09599547361,1581.064711221,1618.39794443104,287280
16/11/2017,1624.9324026306,1648.6940688108,1623.15027766708,1641.06291832601,350500
17/11/2017,1648.51128676326,1658.83847244927,1605.19194149628,1611.26944457699,333601
20/11/2017,1595.27601541723,1603.18133897334,1556.57191685064,1560.09047126579,430562
21/11/2017,1562.42094237192,1576.4951600325,1549.58050353224,1558.49112834981,421133
22/11/2017,1562.786506467,1584.7203521718,1560.0447757539,1573.98190687882,243579
23/11/2017,1579.2368907456,1582.48127208943,1560.0447757539,1564.84280450182,205184
24/11/2017,1567.3560576555,1574.62164404522,1548.1639426638,1551.54541054329,417662
27/11/2017,1548.94076636584,1551.8195836146,1530.7996481475,1547.52420549741,731696
28/11/2017,1552.7334938523,1552.7334938523,1532.6274686229,1536.51158713312,294470
29/11/2017,1536.19171854993,1549.62619904412,1530.7996481475,1537.65397493025,254772
30/11/2017,1529.97712893357,1545.37651643882,1518.96451056929,1524.31088545983,338546
01/12/2017,1528.42348152948,1558.81099693301,1526.32148798277,1532.30760003971,335363
04/12/2017,1535.369199336,1556.20635275556,1527.1440071967,1548.20963817569,567295
05/12/2017,1547.2500324261,1558.58251937358,1530.7996481475,1552.00236566214,511893
06/12/2017,1546.3361221884,1554.5613143277,1537.74536595402,1544.59969273677,386630
07/12/2017,1542.77187226137,1564.6143269424,1542.6804812376,1556.80039441007,165606
08/12/2017,1560.9586859916,1608.52771386389,1555.97787519614,1596.55548975002,317725
11/12/2017,1600.34821723647,1621.59663026299,1579.19119523372,1583.62365988656,578101
12/12/2017,1585.6342624095,1593.35680391807,1555.84078866048,1563.01498402643,336179
13/12/2017,1560.50173087275,1585.54287138573,1550.08315416297,1559.1308655162,1168523
14/12/2017,1566.80771151288,1573.70773380752,1531.85064492086,1542.86326328514,743599
15/12/2017,1558.07986874284,1560.77590394406,1543.68578249907,1550.44871825805,199962
18/12/2017,1542.31491714252,1561.55272764611,1512.97839851235,1550.76858684125,658326
19/12/2017,1558.03417323096,1584.62896114803,1552.13945219779,1581.33888429231,274994
20/12/2017,1577.4090702702,1590.11242257423,1572.47395498662,1578.50576255544,134650
21/12/2017,1570.14348388049,1595.6872750242,1569.13818261901,1589.15281682465,170758
22/12/2017,1597.5150954996,1597.5150954996,1569.22957364279,1573.43356073621,185422
26/12/2017,1573.43356073621,1594.54488722707,1563.24346158585,1592.12302509717,184518
27/12/2017,1590.34090013366,1597.5150954996,1576.86072412758,1586.36539059966,199078
28/12/2017,1587.4620828849,1605.92306968644,1576.31237798496,1598.10913715411,542581
29/12/2017,1603.82107613973,1617.621120729,1597.05814038075,1607.01976197168,258255
01/01/2018,1612.09196379092,1612.09196379092,1576.4951600325,1582.29849004189,123565
02/01/2018,1586.73095469474,1595.50449297666,1576.4951600325,1593.12832635864,277110
03/01/2018,1591.20911485947,1626.760223106,1590.29520462177,1621.82510782242,194666
04/01/2018,1626.71452759412,1652.3497097616,1617.621120729,1646.27220668089,278240
05/01/2018,1646.04372912147,1663.68219670908,1641.01722281412,1654.13183472512,312489
08/01/2018,1659.6609916632,1670.58221900372,1645.03842786,1667.8861838025,189168
09/01/2018,1666.0583633271,1677.0252861795,1639.46357541003,1656.05104622429,290610
10/01/2018,1656.05104622429,1666.0583633271,1646.31790219278,1660.16364229394,175749
11/01/2018,1667.8861838025,1667.93187931439,1643.71325801533,1646.95763935917,138505
12/01/2018,1649.6079790485,1663.316632614,1639.5549664338,1649.56228353662,191817
15/01/2018,1654.08613921323,1676.52263554877,1638.13840556537,1672.455734991,269413
16/01/2018,1677.0252861795,1697.54257101587,1668.89148506397,1690.96241730443,386131
17/01/2018,1690.733939745,1692.97301982737,1668.98287608774,1682.05179248685,179153
18/01/2018,1682.05179248685,1692.5617602204,1666.51531844595,1680.6809271303,733461
19/01/2018,1670.85639207503,1678.25906500039,1655.0914404747,1671.99877987215,267132
22/01/2018,1660.11794678205,1674.78620609713,1650.06493416735,1669.89678632544,236750
23/01/2018,1667.8861838025,1667.8861838025,1628.81652114082,1636.03641201866,248086
24/01/2018,1633.88872296006,1638.36688312479,1583.02961823206,1587.91903800375,516780
25/01/2018,1590.11242257423,1602.45021078318,1571.925608844,1577.77463436528,604042
29/01/2018,1585.77134894516,1603.86677165162,1580.88192917346,1589.01573028899,214335
30/01/2018,1579.2368907456,1590.203813598,1573.7534293194,1579.32828176937,150137
31/01/2018,1579.32828176937,1588.28460209883,1553.69309960189,1567.58453521492,335683
01/02/2018,1574.6673395571,1594.63627825084,1549.16924392527,1587.4620828849,300979
02/02/2018,1577.31767924643,1580.10510547142,1530.89103917127,1535.18641728846,262985
05/02/2018,1523.4883662459,1523.4883662459,1474.04582238633,1499.86378660136,486961
06/02/2018,1457.6868291315,1499.36113597062,1430.2695220005,1479.57497932442,375432
07/02/2018,1486.9319567379,1503.24525448085,1440.13975256766,1450.74111132498,286280
08/02/2018,1452.98019140735,1560.27325331333,1433.28542578491,1547.47850998553,1516076
09/02/2018,1509.7797126804,1539.39040438188,1508.04328322877,1517.95920930782,478965
12/02/2018,1533.5413788606,1539.9387505245,1503.3823410165,1509.36845307343,252902
14/02/2018,1509.7797126804,1518.09629584347,1480.534585074,1489.39951437969,206639
15/02/2018,1486.52069713093,1509.13997551401,1472.40078395847,1481.72266838301,543661
16/02/2018,1493.3293284018,1518.0049048197,1489.81077398666,1508.50023834762,523625
19/02/2018,1513.29826709555,1521.6605457705,1481.4484953117,1493.05515533049,259386
20/02/2018,1502.4684307788,1510.14527677548,1482.3624055494,1499.1326584112,247989
21/02/2018,1513.93800426194,1518.9188150574,1497.8988795903,1503.61081857593,322498
22/02/2018,1494.2432386395,1499.86378660136,1477.7928543609,1491.82137650959,413249
23/02/2018,1489.673687451,1515.35456513037,1487.43460736863,1509.27706204967,301333
26/02/2018,1516.90821253446,1531.25660326635,1510.37375433491,1518.05060033158,137471
27/02/2018,1512.5214433935,1517.090994582,1484.1902260248,1492.23263611656,333670
28/02/2018,1478.7067645986,1494.38032517516,1476.37629349247,1483.32201129898,208350
01/03/2018,1485.01274523873,1501.46312951733,1484.82996319119,1493.14654635426,128434
05/03/2018,1486.38361059528,1490.67898871247,1456.31596377495,1467.87692828186,190051
06/03/2018,1475.69086081419,1477.7928543609,1454.0311881807,1457.96100220281,238297
07/03/2018,1453.25436447866,1457.50404708396,1434.839073189,1439.59140642504,221080
08/03/2018,1441.2364448529,1448.27355368319,1409.93501921168,1411.94562173462,296149
09/03/2018,1420.2165093858,1420.2165093858,1396.4548432056,1399.97339762074,289181
12/03/2018,1404.40586227359,1429.40130727469,1390.0574715417,1425.60857978823,270932
13/03/2018,1439.54571091316,1445.8059960414,1423.32380419398,1439.72849296069,441704
14/03/2018,1432.69138413041,1483.68757539407,1430.2695220005,1473.2233031724,296145
15/03/2018,1477.56437680147,1477.7928543609,1458.69213039297,1465.13519756876,227343
16/03/2018,1462.16498929623,1468.88222954333,1419.02842607679,1432.96555720172,253481
19/03/2018,1436.20993854555,1438.22054106849,1403.35486550024,1428.35031050133,195095
20/03/2018,1423.55228175341,1438.03775902095,1395.5409329679,1420.94763757596,339628
21/03/2018,1422.50128498005,1438.72319169923,1411.76283968708,1424.23771443168,216483
22/03/2018,1423.8721503366,1435.7529834267,1407.28467952234,1416.01252229238,319159
23/03/2018,1398.60253226419,1407.19328849857,1386.99587224541,1396.95749383634,208904
26/03/2018,1398.282663681,1406.87341991538,1391.29125036259,1401.16148092976,240635
27/03/2018,1408.56415385512,1414.41317937641,1383.6600998778,1392.7992022548,249518
28/03/2018,1381.8322794024,1389.96608051793,1369.90575080042,1377.71968333275,835875
02/04/2018,1379.45611278438,1411.9913172465,1379.45611278438,1404.63433983302,420761
03/04/2018,1401.9383046318,1427.5277912874,1401.9383046318,1420.94763757596,201412
04/04/2018,1420.2165093858,1441.09935831724,1394.48993619454,1398.282663681,171614
05/04/2018,1417.84034276778,1425.42579774069,1404.58864432113,1418.70855749359,198303
06/04/2018,1423.8721503366,1426.56818553782,1410.02641023544,1419.53107670753,119196
09/04/2018,1419.21120812433,1424.92314710996,1403.44625652401,1408.60984936701,175732
10/04/2018,1421.95293883743,1421.95293883743,1399.60783352567,1406.64494235596,112086
11/04/2018,1400.01909313263,1410.62045188995,1389.23495232777,1401.52704502483,319761
12/04/2018,1394.71841375397,1400.47604825148,1389.143561304,1393.66741698062,248295
13/04/2018,1396.4548432056,1411.9913172465,1390.60581768432,1404.17738471417,247502
16/04/2018,1399.83631108509,1446.58281974345,1398.282663681,1440.77948973405,223315
17/04/2018,1451.01528439629,1462.25638032,1437.16954429513,1450.32985171802,301195
18/04/2018,1461.3424700823,1464.72393796179,1427.48209577552,1438.03775902095,489407
19/04/2018,1466.8259315085,1488.7597772133,1426.6138810497,1436.07285200989,871706
20/04/2018,1432.82847066606,1448.5477267545,1418.93703505302,1427.20792270421,280273
23/04/2018,1425.699970812,1445.62321399386,1418.3886889104,1430.54369507181,302886
24/04/2018,1434.839073189,1445.76030052952,1423.36949970587,1427.5277912874,171800
25/04/2018,1426.52249002593,1441.87618201929,1415.60126268542,1432.69138413041,316302
26/04/2018,1438.31193209226,1438.31193209226,1403.99460266663,1412.35688134158,331931
27/04/2018,1418.29729788663,1429.76687136977,1413.40787811493,1425.33440671692,228633
30/04/2018,1430.13243546485,1462.16498929623,1428.4417015251,1450.51263376556,265415
02/05/2018,1448.04507612377,1457.96100220281,1415.37278512599,1423.09532663456,271941
03/05/2018,1422.9582400989,1428.57878806076,1400.20187518017,1405.41116353506,191433
04/05/2018,1409.20389102152,1415.37278512599,1392.38794264783,1396.22636564618,218311
07/05/2018,1398.282663681,1409.2495865334,1385.25944279377,1392.34224713595,286007
08/05/2018,1394.80980477774,1399.1965739187,1384.84818318681,1387.90978248311,199827
09/05/2018,1389.96608051793,1394.39854517077,1371.13952962131,1379.68459034381,387123
10/05/2018,1380.9183691647,1384.71109665116,1355.83153313984,1365.24480858814,241543
11/05/2018,1369.9514463123,1369.9514463123,1335.54272586289,1340.29505909893,361860
14/05/2018,1338.96988925427,1351.35337297511,1315.39100512161,1326.26653695024,380794
15/05/2018,1323.06785111829,1327.45462025925,1284.0438839685,1290.12138704921,589518
16/05/2018,1286.69422365783,1302.09361116307,1278.05777191157,1289.34456334716,377122
17/05/2018,1294.1479676772,1311.698868024,1290.4530412884,1293.6861018786,331066
18/05/2018,1293.6861018786,1298.25857328474,1261.1245630773,1269.53052061182,432586
21/05/2018,1273.8258725388,1274.65723097628,1221.72741045672,1241.58763979652,380473
22/05/2018,1239.83254976184,1241.40289347708,1212.90577370346,1224.22148576916,534896
23/05/2018,1219.5566412033,1227.59310609894,1208.33330229732,1213.5523858215,582944
24/05/2018,1219.325708304,1247.03765622,1191.613760388,1231.14947274816,691073
25/05/2018,1231.7960848662,1234.05922727934,1208.4718620369,1221.95834335602,395131
28/05/2018,1223.85199313028,1233.82829438004,1214.707050318,1221.635037297,750519
29/05/2018,1220.29562648106,1235.67575757444,1201.95955427664,1210.088392332,894054
30/05/2018,1200.85107636,1216.64688667212,1198.35700104756,1209.53415337368,994798
31/05/2018,1214.707050318,1259.9698985808,1203.25277851272,1251.28682156712,3873328
01/06/2018,1257.1987037892,1266.4360197612,1216.13883429366,1225.51471000524,829344
04/06/2018,1240.5715350396,1250.2707168102,1203.8532040509,1208.28711571746,558346
05/06/2018,1205.7006672453,1206.99389148138,1168.520470458,1187.04128898186,759372
06/06/2018,1186.995102402,1218.67909618596,1173.6009942426,1215.58459533534,592872
07/06/2018,1225.60708316496,1235.76813073416,1211.52017630766,1216.04646113394,428248
08/06/2018,1213.7833187208,1224.45241866846,1205.9316001446,1214.79942347772,326601
11/06/2018,1215.53840875548,1236.69186233136,1211.28924340836,1219.51045462344,356878
12/06/2018,1220.2494399012,1227.96259873782,1206.90151832166,1215.35366243604,233538
13/06/2018,1216.83163299156,1246.48341726168,1211.52017630766,1229.44056929334,514188
14/06/2018,1229.4867558732,1231.61133854676,1204.91549538768,1207.50194385984,250892
15/06/2018,1209.76508627298,1214.61467715828,1196.232418374,1202.79091271412,472050
18/06/2018,1203.06803219328,1210.04220575214,1186.0713708048,1201.22056899888,293333
19/06/2018,1197.6180157698,1197.6180157698,1178.08109248902,1186.57942318326,312768
20/06/2018,1193.4612235824,1193.4612235824,1172.03065052736,1177.94253274944,306583
21/06/2018,1182.376444416,1182.376444416,1164.73317090948,1173.18531502386,368454
22/06/2018,1174.9865916384,1204.26888326964,1164.04037221158,1195.90911231498,603226
25/06/2018,1198.0798815684,1230.77998010928,1198.0798815684,1215.21510269646,547839
26/06/2018,1215.44603559576,1263.57245180988,1211.98204210626,1254.05801635872,1215478
27/06/2018,1260.80125701828,1264.49618340708,1202.74472613426,1208.97991441536,572379
28/06/2018,1209.1646607348,1225.14521736636,1182.376444416,1192.86079804422,1265912
29/06/2018,1200.34302398154,1254.6584418969,1198.0798815684,1237.70796708828,1031272
02/07/2018,1237.75415366814,1237.75415366814,1212.397721325,1219.46426804358,388433
03/07/2018,1217.4782451096,1240.5715350396,1202.6985395544,1231.19565932802,284242
04/07/2018,1232.2579506648,1255.8131063934,1230.1795545711,1247.82282807762,389155
05/07/2018,1248.8851194144,1296.9191624688,1248.8851194144,1283.70980062884,1142325
06/07/2018,1285.74201014268,1305.41749316304,1265.512288164,1268.93009507364,857368
09/07/2018,1271.9784093444,1289.0674438926,1266.52839292092,1270.86993142776,315690
10/07/2018,1273.64112621936,1288.605578094,1258.1224353864,1266.4360197612,511695
11/07/2018,1269.2072145528,1271.0546777472,1245.37493934504,1256.78302457046,437187
12/07/2018,1258.1224353864,1281.95471059416,1239.6478034424,1247.03765622,674141
13/07/2018,1255.16649427536,1260.893630178,1227.50073293922,1235.62957099458,338657
16/07/2018,1239.46305712296,1239.46305712296,1164.22511853102,1170.22937391282,474561
17/07/2018,1172.86200896484,1195.12394045736,1159.88358002418,1190.08960325262,532624
18/07/2018,1195.3086867768,1206.3934659432,1177.94253274944,1193.18410410324,502781
19/07/2018,1196.04767205456,1198.21844130798,1168.520470458,1177.2959206314,327469
20/07/2018,1198.0798815684,1198.0798815684,1170.96835919058,1194.3849551796,272055
23/07/2018,1196.232418374,1218.95621566512,1165.7492756664,1210.82737760976,862923
24/07/2018,1293.22423608,1384.4427313035,1293.22423608,1362.9659716686,7518029
25/07/2018,1371.0486231441,1380.42449885568,1335.76207613106,1357.56214182498,1718412
26/07/2018,1360.6566426756,1426.2415860768,1358.8091794812,1406.56610305644,1890074
27/07/2018,1413.309343716,1433.6314388544,1398.66819790038,1417.928001702,665993
30/07/2018,1420.42207701444,1420.42207701444,1386.56731397706,1389.10757586936,995382
31/07/2018,1393.9109801748,1417.928001702,1382.3643352098,1413.0784108167,401888
01/08/2018,1417.928001702,1444.4852851215,1409.66060390706,1414.55638137222,610695
02/08/2018,1414.55638137222,1426.98057135456,1399.6843026573,1423.56276444492,456730
03/08/2018,1428.0890492712,1436.1717007467,1393.58767411578,1402.82499008778,373196
06/08/2018,1411.83137316048,1413.12459739656,1384.71985078266,1407.7669541328,384285
07/08/2018,1412.3856121188,1441.021291632,1410.5381489244,1421.29962203178,577506
08/08/2018,1417.928001702,1434.69373019118,1405.9194909384,1419.12885277836,498533
09/08/2018,1420.79156965332,1456.7247287844,1420.79156965332,1450.9514063019,691430
10/08/2018,1454.87726559,1463.6527157634,1418.11274802144,1427.44243715316,687891
13/08/2018,1423.4703912852,1423.4703912852,1397.144040765,1406.6122896363,358626
14/08/2018,1411.4618805216,1454.83107901014,1406.05805067798,1444.30053880206,684203
16/08/2018,1429.9365124656,1444.7162180208,1415.43392638956,1440.14374661466,394082
17/08/2018,1443.05350114584,1479.49471265538,1435.0170362502,1472.38197935694,664502
20/08/2018,1479.72564555468,1503.41936102286,1465.91585817654,1477.32394340196,921054
21/08/2018,1481.6654819088,1525.03468039734,1481.6654819088,1514.73507308856,1068497
23/08/2018,1515.10456572744,1522.26348560574,1480.7417503116,1510.5320943213,755388
24/08/2018,1514.919819408,1530.6232565604,1504.94351815824,1515.70499126562,597273
27/08/2018,1523.2334037828,1529.19147258474,1511.87150513724,1526.09697173412,369088
28/08/2018,1532.33216001522,1542.21608810526,1493.6739926724,1499.81680779378,874234
29/08/2018,1500.1401138528,1504.57402551936,1482.77395982544,1490.4409320822,649213
30/08/2018,1491.68796973842,1507.43759347068,1485.49896803718,1500.18630043266,968858
31/08/2018,1504.2969060402,1519.538477394,1498.70832987714,1513.7651549115,708924
03/09/2018,1506.6062350332,1550.85297853908,1506.6062350332,1535.33428770612,787758
04/09/2018,1527.8520617688,1530.6232565604,1455.8009971872,1467.20908241262,614902
05/09/2018,1461.805252569,1473.351897534,1405.59618487938,1430.12125878504,810463
06/09/2018,1444.67003144094,1481.94260138796,1425.3178544796,1438.80433579872,679382
07/09/2018,1441.021291632,1461.3433867704,1420.19114411514,1452.05988421854,520819
10/09/2018,1441.9450232292,1454.13828031224,1406.42754331686,1411.9237463202,353051
11/09/2018,1418.71317355962,1430.8602440628,1400.56184767464,1403.51778878568,350877
12/09/2018,1412.3856121188,1440.83654531256,1391.41690486236,1435.84839468768,537350
14/09/2018,1442.96112798612,1495.5214558668,1442.96112798612,1480.0489516137,837785
17/09/2018,1466.70103003416,1490.9027978808,1449.38106258666,1465.7311118571,609930
18/09/2018,1460.4196551732,1473.351897534,1441.06747821186,1450.4895405033,530928
19/09/2018,1446.14800199646,1463.14466338494,1436.58737996544,1444.43909854164,270149
21/09/2018,1446.5636812152,1456.63235562468,1323.75356536746,1422.17716704912,528944
24/09/2018,1413.40171687572,1430.8602440628,1387.99909795272,1410.95382814314,549183
25/09/2018,1400.3771013552,1450.99759288176,1386.5211273972,1444.53147170136,710520
26/09/2018,1450.99759288176,1470.67307590212,1431.78397566,1461.48194650998,589965
27/09/2018,1466.8857763536,1503.74266708188,1429.28990034756,1442.1759561285,1654129
28/09/2018,1449.28868942694,1468.40993348898,1416.40384456662,1433.95474491342,883949
01/10/2018,1437.3263652432,1467.07052267304,1406.75084937588,1453.58404135392,854187
03/10/2018,1446.28656173604,1446.5636812152,1380.5168720154,1394.55759229284,545265
04/10/2018,1370.8176902448,1418.1589346013,1350.4955951064,1411.36950736188,963587
05/10/2018,1399.453369758,1403.1482961468,1353.40534963758,1365.82953961992,897662
08/10/2018,1357.885447884,1370.8176902448,1327.03281253752,1362.18079981098,734973
09/10/2018,1372.6651534392,1379.96263305708,1335.34639691232,1354.05196175562,522994
10/10/2018,1344.12184708572,1369.52446600872,1336.59343456854,1352.01975224178,615900
11/10/2018,1319.0887208016,1336.36250166924,1298.3047598646,1325.37009566256,609776
12/10/2018,1341.11971939482,1394.6037788727,1336.91674062756,1388.55333691104,661327
15/10/2018,1387.49104557426,1414.09451557362,1351.4193267036,1406.98178227518,809618
16/10/2018,1406.98178227518,1460.37346859334,1393.95716675466,1434.92466309048,885505
17/10/2018,1453.0298023956,1457.6484603816,1402.36312428918,1422.26954020884,799424
19/10/2018,1367.122763856,1367.122763856,1301.5378204548,1315.76328705168,2009651
22/10/2018,1315.76328705168,1322.3217813918,1299.32086462152,1313.68489095798,586762
23/10/2018,1302.36917889228,1302.36917889228,1270.13094615,1275.6733357332,994439
24/10/2018,1283.80217378856,1299.6903572604,1256.274972192,1276.87418680956,1111875
25/10/2018,1256.5059050913,1274.65723097628,1254.15038951844,1263.29533233072,725333
26/10/2018,1265.512288164,1265.512288164,1240.75628135904,1246.71435016098,475607
29/10/2018,1250.7325826088,1259.46184620234,1236.1838099529,1247.40714885888,992224
30/10/2018,1252.8109787025,1261.8173617752,1234.29016017864,1242.32662507428,627050
31/10/2018,1246.1139246228,1277.93647814634,1221.68122387686,1269.94619983056,2838967
01/11/2018,1278.4445305248,1304.49376156584,1272.99451410132,1298.48950618404,480091
02/11/2018,1304.40138840612,1361.5803742728,1303.3852836492,1340.7964133358,654747
05/11/2018,1336.6396211484,1367.3536967553,1311.88361434344,1361.90368033182,513311
06/11/2018,1366.1990322588,1375.71346770996,1331.83621684296,1337.05530036714,363874
09/11/2018,1346.24642975928,1359.31723185966,1339.73412199902,1352.38924488066,371527
12/11/2018,1353.22060331814,1360.70282925546,1322.82983377026,1328.97264889164,307104
13/11/2018,1325.554841982,1353.59009595702,1315.3937944128,1346.06168343984,458083
14/11/2018,1350.4955951064,1373.5888850364,1339.41081594,1361.48800111308,711063
15/11/2018,1365.2753006616,1402.2245645496,1341.0273462351,1398.11395894206,705817
16/11/2018,1401.11608663296,1411.4618805216,1378.39228934184,1386.89062003608,651765
19/11/2018,1387.99909795272,1406.88940911546,1368.41598809208,1387.12155293538,921530
20/11/2018,1377.2838114252,1384.02705208476,1355.39137257156,1357.83926130414,462997
21/11/2018,1362.50410587,1390.30842694572,1351.60407302304,1382.91857416812,444633
22/11/2018,1383.7499326056,1384.30417156392,1340.01124147818,1345.4150713218,733505
26/11/2018,1350.0337293078,1354.69857387366,1320.0124523988,1329.34214153052,1177139
27/11/2018,1323.9383116869,1343.38286180796,1321.53660953418,1334.93071769358,564890
28/11/2018,1339.36462936014,1344.9532055232,1323.84593852718,1327.35611859654,510905
29/11/2018,1338.39471118308,1359.08629896036,1326.61713331878,1352.15831198136,994648
30/11/2018,1351.60407302304,1383.7499326056,1351.60407302304,1372.2032876406,600458
03/12/2018,1382.8262010084,1413.309343716,1370.91006340452,1401.11608663296,720915
04/12/2018,1403.1482961468,1412.89366449726,1386.5211273972,1393.86479359494,405000
05/12/2018,1389.2923221888,1391.6016511818,1354.05196175562,1358.94773922078,514306
06/12/2018,1350.4955951064,1350.4955951064,1308.78911349282,1315.20904809336,330634
07/12/2018,1317.2412576072,1337.24004668658,1317.2412576072,1332.99088133946,306417
10/12/2018,1311.37556196498,1323.52263246816,1291.6077057849,1304.12426892696,269544
11/12/2018,1279.368262122,1330.03494022842,1279.368262122,1323.56881904802,449179
12/12/2018,1331.3281644645,1376.31389324814,1321.12093031544,1371.92616816144,520131
13/12/2018,1385.08934342154,1396.6821749664,1368.55454783166,1386.38256765762,513401
14/12/2018,1413.7712095146,1424.07081682338,1376.360079828,1383.42662654658,904595
17/12/2018,1389.2923221888,1398.43726500108,1381.02492439386,1387.4448589944,314649
18/12/2018,1385.41264948056,1394.834711772,1376.68338588702,1386.7520602965,360523
19/12/2018,1400.3771013552,1453.0298023956,1392.9872485776,1426.14921291708,1203558
20/12/2018,1420.97631597276,1442.8687548264,1412.24705237922,1420.0063977957,571408
21/12/2018,1417.83562854228,1421.6229280908,1368.0464954532,1376.40626640786,815286
24/12/2018,1366.1990322588,1372.61896685934,1329.57307442982,1337.24004668658,602271
26/12/2018,1332.29808264156,1372.6651534392,1312.71497278092,1366.56852489768,597239
27/12/2018,1384.6736642028,1384.6736642028,1342.96718258922,1347.90914663424,554317
28/12/2018,1353.266789898,1379.1312746196,1353.266789898,1366.84564437684,578740
31/12/2018,1372.6651534392,1396.58980180668,1358.67061974162,1393.07962173732,791436
01/01/2019,1401.20845979268,1401.20845979268,1362.50410587,1375.25160191136,840791
02/01/2019,1374.37405689402,1387.39867241454,1364.85962144286,1370.77150366494,669181
03/01/2019,1370.77150366494,1378.85415514044,1335.16165059288,1341.4892120337,451970
04/01/2019,1346.8006687176,1360.6566426756,1327.91035755486,1357.05408944652,532734
07/01/2019,1368.9702270504,1385.3664629007,1359.54816475896,1365.22911408174,438357
08/01/2019,1370.8176902448,1374.050750835,1356.40747732848,1367.49225649488,312812
09/01/2019,1370.8176902448,1371.741421842,1333.1756276589,1343.24430206838,363164
10/01/2019,1344.2604068253,1351.23458038416,1333.8684263568,1337.37860642616,277837
11/01/2019,1344.029473926,1355.1142530924,1339.78030857888,1347.40109425578,337374
14/01/2019,1350.40322194668,1353.45153621744,1336.68580772826,1348.27863927312,326989
15/01/2019,1353.266789898,1384.11942524448,1353.266789898,1370.30963786634,551514
16/01/2019,1375.15922875164,1388.3685905916,1359.31723185966,1361.53418769294,419240
17/01/2019,1370.8176902448,1372.11091448088,1339.68793541916,1344.16803366558,467164
18/01/2019,1356.0379846896,1356.0379846896,1325.554841982,1329.9425670687,335850
21/01/2019,1334.69978479428,1338.99513672126,1315.25523467322,1320.28957187796,349933
22/01/2019,1320.0124523988,1335.2540237526,1309.94377798932,1326.80187963822,293897
23/01/2019,1326.80187963822,1343.1057423288,1316.31752601,1320.79762425642,314654
24/01/2019,1323.61500562788,1330.173499968,1302.55392521172,1311.42174854484,343178
25/01/2019,1318.53448184328,1326.4785735792,1261.17074965716,1270.13094615,533516
28/01/2019,1271.0546777472,1273.77968595894,1243.94315536938,1253.7347102997,469918
29/01/2019,1253.68852371984,1271.23942406664,1244.728327227,1255.95166613298,445525
30/01/2019,1265.0504223654,1288.605578094,1237.24610128968,1280.84623267752,572247
31/01/2019,1284.95683828506,1319.82770607936,1284.95683828506,1314.79336887462,837929
01/02/2019,1308.28106111436,1337.5633527456,1294.3789005765,1307.58826241646,568663
04/02/2019,1303.3852836492,1308.65055375324,1283.986920108,1298.85899882292,531657
05/02/2019,1293.22423608,1326.89425279794,1252.76479212264,1282.87844219136,2027916
06/02/2019,1297.56577458684,1306.1564784408,1269.2072145528,1294.56364689594,1287668
07/02/2019,1300.05984989928,1331.74384368324,1294.65602005566,1313.17683857952,829367
08/02/2019,1310.7751364268,1328.3260367736,1282.97081535108,1289.02125731274,562187
11/02/2019,1289.5293096912,1292.71618370154,1260.33939121968,1263.94194444876,1133028
12/02/2019,1263.6648249696,1278.30597078522,1252.99572502194,1270.03857299028,686009
13/02/2019,1278.4445305248,1282.1394569136,1260.4317643794,1266.80551240008,701324
14/02/2019,1263.6648249696,1269.99238641042,1247.36096227902,1257.10633062948,619832
15/02/2019,1255.07412111564,1272.48646172286,1242.51137139372,1249.30079863314,605756
18/02/2019,1246.1139246228,1253.45759082054,1224.8680978872,1230.13336799124,564158
19/02/2019,1228.563024276,1261.8173617752,1227.6392926788,1249.90122417132,732142
20/02/2019,1256.274972192,1285.8343833024,1256.274972192,1277.058933129,706935
21/02/2019,1285.8343833024,1291.3767728856,1276.5970673304,1283.10937509066,517181
22/02/2019,1285.51107724338,1285.51107724338,1266.71313924036,1278.16741104564,576103
25/02/2019,1284.54115906632,1286.57336858016,1264.03431760848,1271.19323748678,751219
26/02/2019,1260.893630178,1287.6818464968,1249.85503759146,1278.76783658382,1019520
27/02/2019,1286.85048805932,1346.15405659956,1284.12547984758,1316.45608574958,1576764
28/02/2019,1323.0145800897,1327.35611859654,1305.32512000332,1313.82345069756,860145
01/03/2019,1313.82345069756,1385.68976895972,1311.97598750316,1368.69310757124,1200767
05/03/2019,1381.74870706224,1432.75879971008,1372.7030416384,1428.56235698768,1391740
06/03/2019,1429.5881540976,1456.53864180368,1429.5881540976,1449.54457059968,2035880
07/03/2019,1445.44138216,1465.81744293432,1433.3183254064,1450.15072343736,757839
08/03/2019,1450.24397772008,1473.37103983464,1440.778668024,1468.33530856776,847268
11/03/2019,1469.59424138448,1501.393951792,1458.21721889264,1496.0318305356,1018321
12/03/2019,1503.72530886,1517.10729843032,1480.59824674544,1485.02782517464,826847
13/03/2019,1480.8780095936,1493.37408347808,1460.40869453656,1465.39779866208,893127
14/03/2019,1466.8898671856,1478.82641537376,1431.453239752,1435.46317390896,717808
15/03/2019,1436.5822253016,1454.11403045296,1423.47999857944,1428.51572984632,834141
18/03/2019,1437.88778525968,1454.766810432,1429.30839124944,1444.41558505008,655422
19/03/2019,1459.80254169888,1471.97222559384,1442.73700796112,1459.61603313344,634111
20/03/2019,1467.72915573008,1470.71329277712,1446.42055212856,1454.95331899744,858280
22/03/2019,1459.429524568,1489.83042073472,1450.3372320028,1476.16866831624,1223995
25/03/2019,1460.64183024336,1484.6081809024,1457.5644389136,1469.59424138448,697053
26/03/2019,1476.96132971936,1482.743095248,1450.15072343736,1464.88490010712,667934
27/03/2019,1477.1478382848,1505.1241231008,1463.01981445272,1494.44650772936,1328748
28/03/2019,1495.7986948288,1519.48528263968,1479.9454667664,1508.66778584416,942173
29/03/2019,1513.5170085456,1566.53206827192,1493.18757491264,1553.89611296336,1424985
01/04/2019,1560.1441499056,1607.14430839648,1527.17876096408,1535.80478211568,1576508
02/04/2019,1537.66986777008,1556.4139785968,1500.4614089648,1508.24814157192,1277444
03/04/2019,1518.08646839888,1534.032950744,1506.70944590704,1515.00907706912,680202
04/04/2019,1519.95155405328,1540.70063195848,1507.6886158756,1518.97238408472,1282592
05/04/2019,1524.707522472,1557.346521424,1524.14799677568,1552.17090873304,912756
08/04/2019,1562.00923556,1566.671949696,1525.6400652992,1529.74325373888,586864
09/04/2019,1528.4376937808,1546.57565176984,1510.719380064,1542.70559903696,592582
10/04/2019,1541.12027623072,1544.19766756048,1520.044808336,1526.24621813688,559285
11/04/2019,1534.032950744,1567.83762823,1525.68669244056,1562.84852410448,752787
12/04/2019,1562.84852410448,1571.84756238696,1541.4932933616,1544.66393897408,824524
15/04/2019,1551.7512644608,1566.671949696,1546.43577034576,1560.47053989512,566999
16/04/2019,1566.671949696,1596.0470487528,1563.8743212144,1588.1204347216,857287
18/04/2019,1590.73155463776,1594.4150988052,1566.671949696,1584.80990768504,484644
22/04/2019,1578.7950064496,1581.40612636576,1548.021093152,1550.8187216336,393501
23/04/2019,1559.2116070784,1569.42295103624,1540.74725909984,1549.55978881688,948717
24/04/2019,1515.3820942,1515.3820942,1464.092238704,1497.6637804832,4505591
25/04/2019,1497.6637804832,1552.4506715812,1494.8661520016,1513.5170085456,2274945
26/04/2019,1518.1797226816,1530.67579656608,1513.84339853512,1525.03391246152,621829
30/04/2019,1529.370236608,1538.04288490096,1493.04769348856,1521.95652113176,743663
02/05/2019,1518.1797226816,1533.24028934088,1497.85028904864,1504.28483455632,607543
03/05/2019,1510.62612578128,1527.36526952952,1502.00010462968,1523.68172536208,389859
06/05/2019,1508.1548872892,1518.31960410568,1497.94354333136,1511.09239719488,458714
07/05/2019,1514.58943279688,1527.41189667088,1482.88297667208,1489.17764075568,427581
08/05/2019,1493.0010663472,1498.54969616904,1458.07733746856,1485.72723229504,947559
09/05/2019,1481.8105524208,1496.59135623192,1460.45532167792,1488.66474220072,562583
10/05/2019,1487.405809384,1506.01003878664,1484.98119803328,1494.25999916392,594386
13/05/2019,1494.58638915344,1504.6578516872,1468.75495284,1476.2152954576,524426
14/05/2019,1470.6200384944,1480.69150102816,1459.1963888612,1466.23708720656,715309
15/05/2019,1476.12204117488,1476.2152954576,1438.30742953192,1449.6378248824,594206
16/05/2019,1447.35309495576,1482.23019669304,1437.0484967152,1476.54168544712,546048
17/05/2019,1469.2212242536,1505.73027593848,1464.18549298672,1498.22330617952,463571
20/05/2019,1524.707522472,1568.7701710572,1522.8424368176,1550.77209449224,587879
21/05/2019,1557.346521424,1567.6044925232,1487.8720807976,1501.25407036792,997742
22/05/2019,1511.46541432576,1524.2412510584,1498.64295045176,1506.056665928,580879
23/05/2019,1528.204558074,1566.85845826144,1512.16482144616,1529.18372804256,963817
24/05/2019,1540.51412339304,1594.04208167432,1527.5051509536,1589.89226609328,894742
27/05/2019,1590.9180632032,1646.12459857344,1585.32280624,1641.08886730656,960403
28/05/2019,1639.4102902176,1649.71488845816,1621.458840794,1632.60272757904,532952
29/05/2019,1622.1582479144,1627.5203691708,1596.32681160096,1605.41910416616,525569
30/05/2019,1602.01532284688,1616.00346525488,1586.44185763264,1592.92303028168,611129
31/05/2019,1598.3784058208,1603.46076422904,1557.346521424,1572.2672066592,624323
03/06/2019,1582.38529633432,1612.3665482288,1564.8068640416,1608.82288548544,676566
04/06/2019,1594.648234512,1618.75446659512,1539.1619362936,1545.82961750808,1180729
06/06/2019,1558.23243710984,1559.39811564384,1476.26192259896,1484.74806232648,1247192
07/06/2019,1485.5407237296,1509.64695581272,1468.33530856776,1488.8046236248,944400
10/06/2019,1500.36815468208,1505.91678450392,1477.1478382848,1482.18356955168,433071
11/06/2019,1484.93457089192,1493.0010663472,1477.1478382848,1482.41670525848,472845
12/06/2019,1482.41670525848,1485.5407237296,1466.423595772,1472.53175129016,298942
13/06/2019,1470.6200384944,1478.5466525256,1458.4969817408,1476.35517688168,482531
14/06/2019,1478.080381112,1482.32345097576,1434.15761395088,1444.5088393328,321569
17/06/2019,1440.87192230672,1444.5088393328,1403.476954936,1407.34700766888,504871
18/06/2019,1404.45612490456,1428.6556112704,1400.39956360624,1422.5940828936,492116
19/06/2019,1431.453239752,1436.06932674664,1386.78443832912,1392.84596670592,486128
20/06/2019,1392.5195767164,1442.1774822648,1370.93121026672,1435.8828181812,719154
21/06/2019,1436.02269960528,1442.45724511296,1413.82818031792,1429.07525554264,507105
24/06/2019,1426.790525616,1448.09912921752,1415.08711313464,1433.87785110272,536701
25/06/2019,1432.3857825792,1456.53864180368,1423.38674429672,1449.68445202376,475097
26/06/2019,1444.5088393328,1481.8105524208,1442.45724511296,1476.16866831624,699597
27/06/2019,1471.5525813216,1482.64984096528,1462.2271530496,1474.3502098032,719122
28/06/2019,1480.8780095936,1481.67067099672,1448.33226492432,1456.77177751048,429699
01/07/2019,1459.47615170936,1473.32441269328,1450.15072343736,1457.28467606544,325337
02/07/2019,1463.90573013856,1472.4851241488,1458.0307103272,1467.63590144736,268464
03/07/2019,1471.45932703888,1475.79565118536,1453.27474190848,1458.54360888216,432234
04/07/2019,1461.20135593968,1482.743095248,1458.54360888216,1470.3869027876,839957
05/07/2019,1480.41173818,1498.54969616904,1434.2508682336,1442.50387225432,964246
08/07/2019,1437.9810395424,1437.9810395424,1394.94418806712,1400.6793264544,588998
09/07/2019,1402.5444121088,1454.58030186656,1380.76953709368,1449.45131631696,903575
10/07/2019,1449.07829918608,1462.60017018048,1426.51076276784,1432.43240972056,591597
11/07/2019,1436.115953888,1454.67355614928,1432.05939258968,1445.44138216,251282
12/07/2019,1458.4969817408,1482.55658668256,1449.4046891756,1469.12796997088,572210
15/07/2019,1471.13293704936,1491.55562496504,1449.91758773056,1487.1726736772,645141
16/07/2019,1487.21930081856,1510.67275292264,1476.4484311644,1504.05169884952,665025
17/07/2019,1506.9892087552,1516.22138274448,1479.05955108056,1486.79965654632,909835
18/07/2019,1495.7986948288,1500.64791753024,1454.90669185608,1461.38786450512,1475891
19/07/2019,1524.707522472,1536.41093495336,1427.95620415,1439.51973520728,6325502
22/07/2019,1445.44138216,1479.0129239392,1432.3857825792,1474.62997265136,1400234
23/07/2019,1474.44346408592,1491.1359806928,1462.2271530496,1477.94049968792,1217773
24/07/2019,1472.11210701792,1483.06948523752,1458.4969817408,1463.71922157312,594470
25/07/2019,1467.8224100128,1493.84035489168,1463.95235727992,1478.3135168188,906465
26/07/2019,1478.080381112,1481.8105524208,1462.32040733232,1475.23612548904,480420
29/07/2019,1471.59920846296,1488.3383522112,1426.790525616,1432.10601973104,849767
30/07/2019,1433.0851896996,1461.0614745156,1429.21513696672,1436.95524243248,1094582
31/07/2019,1436.95524243248,1458.4969817408,1414.2011974488,1455.13982756288,630274
01/08/2019,1449.82433344784,1451.40965625408,1397.8816979728,1413.08214605616,805812
02/08/2019,1405.62180343856,1431.35998546928,1393.2189838368,1415.08711313464,779585
05/08/2019,1403.476954936,1422.12781148,1385.7586412192,1412.89563749072,529398
06/08/2019,1408.139669072,1453.64775903936,1402.49778496744,1444.55546647416,650598
07/08/2019,1440.778668024,1468.84820712272,1437.60802241152,1452.01580909176,494820
08/08/2019,1456.35213323824,1478.080381112,1433.3183254064,1444.83522932232,702052
09/08/2019,1457.5644389136,1481.20439958312,1457.5644389136,1468.38193570912,642183
13/08/2019,1467.26288431648,1479.75895820096,1434.57725822312,1442.73700796112,419671
14/08/2019,1443.5762965056,1494.77289771888,1443.5762965056,1489.64391216928,688864
16/08/2019,1482.743095248,1487.405809384,1465.07140867256,1484.18853663016,479108
19/08/2019,1491.78876067184,1507.9217515824,1476.40180402304,1481.90380670352,643136
20/08/2019,1481.8105524208,1481.8105524208,1429.63478123896,1436.90861529112,835852
21/08/2019,1441.4780751444,1442.55049939568,1380.6296556696,1385.43225122968,946810
22/08/2019,1383.10089416168,1388.5562697008,1356.10377931424,1365.80222471712,1026298
23/08/2019,1361.512527712,1378.48480716704,1348.31704670712,1369.67227745,807076
26/08/2019,1389.488812528,1397.8816979728,1344.35373969152,1394.151526664,1307793
27/08/2019,1404.4094977632,1439.8461251968,1400.6793264544,1435.74293675712,810651
28/08/2019,1434.2508682336,1445.44138216,1417.465097344,1438.30742953192,643361
29/08/2019,1426.93040704008,1441.7112108512,1393.40549240224,1398.90749508272,815331
30/08/2019,1405.3420405904,1421.70816720776,1383.94018270616,1417.32521591992,814386
03/09/2019,1398.8142408,1402.49778496744,1342.861671168,1353.39940511536,1309422
04/09/2019,1346.54521533544,1351.2545566128,1327.80110450872,1343.74758685384,901586
05/09/2019,1351.2545566128,1367.01453039248,1339.73765269688,1362.58495196328,1183098
06/09/2019,1369.39251460184,1377.3657557744,1355.63750790064,1364.5432919004,464686
09/09/2019,1364.3101561936,1383.8935555648,1359.6474420576,1373.58895732424,364011
11/09/2019,1378.15841717752,1393.2189838368,1376.06019581632,1384.826098392,397144
12/09/2019,1386.6911840464,1407.53351623432,1378.0651628948,1381.60882563816,573898
13/09/2019,1382.0284699104,1428.4224755636,1371.44410882168,1423.66650714488,1164140
16/09/2019,1412.61587464256,1436.02269960528,1401.19222500936,1427.11691560552,877068
17/09/2019,1423.89964285168,1431.453239752,1387.06420117728,1391.02750819288,946418
18/09/2019,1392.7527124232,1408.139669072,1387.6237268736,1390.14159250704,693925
19/09/2019,1388.5562697008,1397.74181654872,1366.36175041344,1379.2308414288,663359
20/09/2019,1386.64455690504,1533.00715363408,1380.72290995232,1523.63509822072,1458383
23/09/2019,1543.358379016,1593.7156916848,1527.5051509536,1562.7086426804,1116441
24/09/2019,1557.346521424,1559.2116070784,1512.5844657184,1539.44169914176,609163
25/09/2019,1537.34347778056,1547.0885503248,1506.61619162432,1523.44858965528,703402
26/09/2019,1530.16289801112,1542.8921076024,1511.60529574984,1535.01212071256,646910
27/09/2019,1532.1678650896,1542.00619191656,1513.56363568696,1524.33450534112,401553
30/09/2019,1522.09640255584,1523.7749796448,1487.45243652536,1499.66874756168,552438
01/10/2019,1502.93264745688,1517.62019698528,1450.15072343736,1469.40773281904,460449
03/10/2019,1458.4969817408,1476.07541403352,1433.3183254064,1441.4780751444,715946
04/10/2019,1452.99497906032,1454.11403045296,1382.54136846536,1387.71698115632,620192
07/10/2019,1395.0840694912,1395.22395091528,1333.67612432008,1338.29221131472,1135461
09/10/2019,1333.536242896,1374.52150015144,1320.90028758744,1368.13358178512,1260259
10/10/2019,1361.32601914656,1364.12364762816,1322.43898325232,1326.91518882288,721330
11/10/2019,1333.90926002688,1352.51348942952,1325.6096288648,1345.75255393232,678797
14/10/2019,1350.3220137856,1384.54633554384,1347.524385304,1370.23180314632,757992
15/10/2019,1379.2308414288,1403.476954936,1362.72483338736,1396.99578228696,1702459
16/10/2019,1426.790525616,1454.766810432,1409.39860188872,1418.81728444344,3659977
17/10/2019,1422.12781148,1435.09015677808,1405.52854915584,1431.54649403472,1074461
18/10/2019,1432.19927401376,1453.74101332208,1424.9254399616,1448.75190919656,749817
22/10/2019,1447.21321353168,1451.92255480904,1421.00876008736,1431.6863754588,934518
23/10/2019,1434.15761395088,1444.92848360504,1418.3976401712,1423.24686287264,551466
24/10/2019,1432.3857825792,1435.97607246392,1402.82417495696,1416.62580879952,598530
25/10/2019,1421.1952686528,1422.08118433864,1399.7467836272,1415.97302882048,645397
29/10/2019,1427.7230684432,1436.72210672568,1413.2686546216,1427.90957700864,582262
30/10/2019,1428.74886555312,1465.9573243584,1418.58414873664,1428.8887469772,920215
31/10/2019,1437.70127669424,1468.00891857824,1432.618918286,1462.27378019096,712719
01/11/2019,1466.8898671856,1469.31447853632,1424.9254399616,1438.16754810784,887153
04/11/2019,1445.25487359456,1483.2093666616,1438.16754810784,1459.10313457848,1094603
05/11/2019,1455.6993532592,1458.4969817408,1408.51268620288,1412.47599321848,914025
06/11/2019,1417.465097344,1427.90957700864,1400.53944503032,1415.04048599328,885965
07/11/2019,1423.9928971344,1441.85109227528,1417.465097344,1424.13277855848,824638
08/11/2019,1423.80638856896,1439.8461251968,1397.92832511416,1404.78251489408,635287
11/11/2019,1400.58607217168,1415.6000116896,1389.488812528,1402.96405638104,648957
13/11/2019,1403.66346350144,1422.12781148,1384.826098392,1393.2189838368,688971
14/11/2019,1389.488812528,1406.83410911392,1374.14848302056,1386.59792976368,737571
15/11/2019,1387.76360829768,1404.26961633912,1382.9610127376,1385.33899694696,679292
18/11/2019,1389.488812528,1407.30038052752,1385.94514978464,1391.44715246512,644344
19/11/2019,1397.8816979728,1401.51861499888,1381.0959270832,1390.56123677928,514558
20/11/2019,1396.0166123184,1403.05731066376,1381.0959270832,1383.660419858,536347
21/11/2019,1386.6911840464,1394.151526664,1371.7704988112,1373.96197445512,431807
22/11/2019,1373.6355844656,1382.63462274808,1363.56412193184,1370.74470170128,501614
25/11/2019,1378.11179003616,1391.44715246512,1373.72883874832,1377.31912863304,668905
26/11/2019,1378.81119715656,1394.151526664,1378.2982986016,1382.30823275856,1124372
27/11/2019,1386.55130262232,1414.6674688624,1383.75367414072,1399.93329219264,1028570
28/11/2019,1403.476954936,1420.40260724968,1392.42632243368,1414.10794316608,521547
29/11/2019,1411.8698403808,1431.453239752,1408.139669072,1419.47006442248,851825
02/12/2019,1418.3976401712,1442.45724511296,1417.465097344,1428.00283129136,769666
03/12/2019,1436.86198814976,1437.93441240104,1398.90749508272,1406.78748197256,438588
04/12/2019,1389.488812528,1412.38273893576,1380.163384256,1407.30038052752,593104
05/12/2019,1410.84404327088,1418.95716586752,1387.6237268736,1392.2864410096,346512
06/12/2019,1395.0840694912,1400.2130550408,1363.89051192136,1382.494741324,408453
09/12/2019,1383.8935555648,1391.3538981824,1371.3042273976,1374.42824586872,289713
10/12/2019,1375.50067012,1378.95107858064,1335.77434568128,1339.45788984872,544440
11/12/2019,1342.67516260256,1348.9231995448,1306.63238233128,1323.13839037272,871405
12/12/2019,1327.28820595376,1340.9965855136,1320.9469147288,1335.96085424672,386259
13/12/2019,1347.47775816264,1368.87961604688,1334.28227715776,1366.26849613072,563304
16/12/2019,1367.01453039248,1368.0403275024,1329.8060715872,1341.74261977536,748055
17/12/2019,1346.07894392184,1367.1077846752,1341.2297212204,1363.65737621456,731437
18/12/2019,1363.47086764912,1371.21097311488,1341.695992634,1352.56011657088,481280
19/12/2019,1347.524385304,1360.5799848848,1343.7942139952,1354.14543937712,353481
20/12/2019,1354.0521850944,1357.68910212048,1337.21978706344,1348.59680955528,470848
23/12/2019,1346.1255710632,1375.36078869592,1344.027349702,1368.2734632092,557537
24/12/2019,1373.54233018288,1376.47984008856,1353.30615083264,1362.07205340832,372278
26/12/2019,1365.61571615168,1370.837955984,1350.41526806832,1353.77242224624,324912
27/12/2019,1357.7823564032,1370.837955984,1350.92816662328,1353.39940511536,395778
30/12/2019,1357.40933927232,1375.45404297864,1352.56011657088,1355.03135506296,433982
31/12/2019,1356.3835421624,1361.512527712,1344.30711255016,1348.13053814168,581119
01/01/2020,1354.518456508,1358.7148992304,1341.18309407904,1342.95492545072,321092
02/01/2020,1344.7267568224,1400.39956360624,1344.7267568224,1392.33306815096,1503364
03/01/2020,1392.2864410096,1393.2189838368,1368.13358178512,1376.71297579536,568262
06/01/2020,1363.47086764912,1370.69807455992,1334.04914145096,1338.71185558696,408807
07/01/2020,1352.18709944,1366.22186898936,1339.1314998592,1357.7823564032,863805
08/01/2020,1338.198957032,1377.3657557744,1338.198957032,1363.93713906272,981496
09/01/2020,1378.2982986016,1391.30727104104,1371.67724452848,1385.89852264328,685751
10/01/2020,1394.151526664,1422.12781148,1386.9243197532,1409.25872046464,1109054
13/01/2020,1416.39267309272,1427.44330559504,1412.28948465304,1423.20023573128,531138
14/01/2020,1423.9928971344,1430.5206969248,1408.65256762696,1411.77658609808,850556
15/01/2020,1409.91150044368,1430.42744264208,1387.6237268736,1413.5017903284,974275
16/01/2020,1422.31432004544,1426.46413562648,1393.2189838368,1403.29044637056,650073
17/01/2020,1403.0106835224,1419.88970869472,1393.26561097816,1410.33114471592,409435
20/01/2020,1415.41350312416,1415.41350312416,1394.151526664,1396.52951087336,223875
21/01/2020,1394.10489952264,1407.58014337568,1386.6911840464,1395.17732377392,359320
22/01/2020,1406.22795627624,1433.3183254064,1400.77258073712,1421.56828578368,1645875
23/01/2020,1423.293490014,1450.01084201328,1422.12781148,1443.90268649512,1100769
24/01/2020,1447.0733321076,1464.7916458244,1438.16754810784,1460.26881311248,780502
27/01/2020,1450.104096296,1473.04464984512,1439.98600662088,1444.36895790872,535508
28/01/2020,1450.01084201328,1470.20039422216,1430.5206969248,1456.02574324872,696588
29/01/2020,1458.7301174476,1467.8224100128,1440.96517658944,1447.02670496624,405658
30/01/2020,1448.0058749348,1451.40965625408,1422.45420146952,1428.1893398568,415388
31/01/2020,1432.3857825792,1447.3064678144,1398.8142408,1403.10393780512,514199
03/02/2020,1337.2664142048,1369.4391417432,1334.60866714728,1358.29525495816,772603
04/02/2020,1365.05619045536,1404.4094977632,1364.3101561936,1386.9243197532,944148
05/02/2020,1395.5503409048,1395.5503409048,1364.58991904176,1370.65144741856,1005046
06/02/2020,1377.45901005712,1392.93922098864,1361.69903627744,1389.20904967984,820849
07/02/2020,1390.4213553552,1411.4035689672,1387.71698115632,1401.33210643344,1060729
10/02/2020,1396.9491551456,1398.8142408,1348.4569281312,1353.44603225672,1635221
11/02/2020,1362.4450705392,1371.7704988112,1339.73765269688,1342.3953997544,844758
12/02/2020,1349.3894709584,1362.25856197376,1335.54120997448,1351.11467518872,611220
13/02/2020,1353.1196422672,1359.69406919896,1340.15729696912,1342.53528117848,509514
14/02/2020,1350.83491234056,1359.6474420576,1333.11659862376,1343.23468829888,809439
17/02/2020,1347.524385304,1348.96982668616,1320.57389759792,1327.89435879144,571157
18/02/2020,1328.87352876,1332.55707292744,1307.98456943072,1326.40229026792,1094853
19/02/2020,1333.58287003736,1346.1255710632,1326.63542597472,1336.84676993256,426086
20/02/2020,1333.536242896,1353.8190493876,1324.4439503308,1327.42808737784,558883
24/02/2020,1324.11756034128,1340.9965855136,1306.4925009072,1312.27426643584,627609
25/02/2020,1318.6155576608,1321.73957613192,1299.9647011168,1306.58575518992,676341
26/02/2020,1304.6274152528,1322.99850894864,1293.76329131592,1305.0936866664,886570
27/02/2020,1305.0936866664,1312.97367355624,1280.3813017456,1290.03312000712,751373
28/02/2020,1271.38226346312,1272.6878234212,1223.54281642776,1231.74919330712,594201
02/03/2020,1250.02703272024,1264.94771795544,1184.329390544,1197.57149869024,612866
03/03/2020,1201.1151614336,1251.4724741024,1201.1151614336,1245.1778100188,701334
04/03/2020,1249.93377843752,1253.75720402904,1206.85029982088,1236.17877173632,630269
05/03/2020,1239.25616306608,1254.17684830128,1209.64792830248,1214.73028671072,826033
06/03/2020,1173.97816516208,1218.64696658496,1163.8134483456,1213.19159104584,728668
09/03/2020,1190.6240546276,1205.17172273192,1144.74294752936,1164.13983833512,933025
11/03/2020,1159.1507342096,1179.4335407012,1129.542499446,1133.45917932024,875885
12/03/2020,1082.6822223792,1085.43322371944,1009.61749186808,1066.17621433776,1840416
13/03/2020,1006.54010053832,1109.07318438896,951.33356516808,1099.88763754104,1195003
16/03/2020,1052.8408519088,1072.14448843184,1021.134395784,1056.94404034848,1080894
17/03/2020,1064.12462011792,1083.94115519592,1028.64136554296,1048.83091775184,1156487
18/03/2020,1060.48770309184,1067.71491000264,996.98153655952,1006.30696483152,819359
19/03/2020,964.15602904208,1055.4053446836,932.96247147224,1016.42505450664,1213355
20/03/2020,1011.90222179472,1069.1603513848,989.05492252832,1051.81505479888,844048
23/03/2020,964.2492833248,996.65514657,921.3523132736,931.09738581784,574633
24/03/2020,945.5984267808,960.519112016,877.5228003952,883.8174644788,1031126
25/03/2020,865.3997436416,876.21724043712,834.76571176808,856.26082393504,2864843
26/03/2020,859.61797811296,913.891970656,835.5583731712,900.88299821656,2279406
27/03/2020,946.2559721,955.718531821,889.480613774,907.601415639715,1191624
30/03/2020,889.29136257958,907.4594772439,874.387831019005,884.228893128845,896815
31/03/2020,907.4594772439,932.866450094785,887.919291420035,916.44890897885,1283996
01/04/2020,912.94776188208,916.9220369649,897.0506615508,911.670316319745,1020895
03/04/2020,908.405733216,917.67904174258,886.594533059095,910.86599874346,1221295
07/04/2020,923.5458287696,964.04558437548,920.80168645051,955.671219022395,1579268
08/04/2020,946.2559721,974.54902566579,890.663433739125,904.668022126205,2153627
09/04/2020,919.7608048812,960.4498116815,900.64643424478,945.78284411395,2658885
13/04/2020,960.4498116815,1061.79382629341,947.628043259545,1009.89168622373,3572087
15/04/2020,1028.5802416727,1100.4956955523,1019.35424594472,1076.7919834512,2931488
16/04/2020,1084.83515921405,1102.3882074965,1056.82598243988,1086.72767115825,1548843
17/04/2020,1106.1732313849,1129.11993870832,1075.13603550002,1109.76900407888,1614409
20/04/2020,1125.99729400039,1145.67941822007,1107.21411295421,1112.32389520355,1951458
21/04/2020,1104.2807194407,1104.2807194407,1071.58757560465,1075.65647628467,1379968
22/04/2020,1093.06758617132,1177.1424292924,1059.806688752,1163.46903049555,4910652
23/04/2020,1162.9012769123,1171.41758066119,1114.26371994635,1126.47042198644,2072239
24/04/2020,1118.4745590222,1128.8833747153,1089.80300306757,1094.43965733086,1332356
27/04/2020,1107.21411295421,1117.5283030501,1073.52740034745,1076.74467065259,1469480
28/04/2020,1095.7644156918,1095.7644156918,1061.6992006962,1065.95735257065,1094422
29/04/2020,1067.3767365288,1078.731808194,1047.5053611147,1061.88845189062,1998171
30/04/2020,1078.02211621493,1128.69412352088,1075.8930402777,1115.73041670311,1910083
04/05/2020,1069.269248473,1087.62661433174,1057.15717203012,1066.24122936228,960797
05/05/2020,1076.50810665957,1105.65279060025,1065.24766059157,1073.62202594466,2292647
06/05/2020,1083.4630880545,1126.044606799,1080.34044334657,1118.71112301522,2397643
07/05/2020,1115.54116550869,1139.2921904084,1085.4029127973,1090.70194624107,1390594
08/05/2020,1103.3344634686,1115.6357911059,1083.79427764473,1091.79014060898,993476
11/05/2020,1099.5494395802,1124.1047820562,1097.70424043461,1107.30873855142,988418
12/05/2020,1103.14521227418,1109.39050169004,1085.54485119312,1104.84847302396,726718
13/05/2020,1154.432285962,1189.4437569297,1131.01245065253,1143.0299014982,3601199
14/05/2020,1135.50716652,1153.86453237874,1112.32389520355,1125.0983508269,1301098
15/05/2020,1135.50716652,1140.2384463805,1109.9582552733,1130.01888188182,1268081
18/05/2020,1137.3996784642,1137.3996784642,1064.5379686125,1073.57471314606,1191015
19/05/2020,1092.25724127231,1110.4128263099,1082.628553693,1090.72431588654,1149445
20/05/2020,1088.80815915435,1127.6103329814,1083.20340071266,1121.76605494818,972861
21/05/2020,1125.7420801675,1150.41259809458,1120.951688337,1137.81386758036,1009443
22/05/2020,1122.8678450692,1188.017173964,1112.90383006176,1175.65796304131,1632263
26/05/2020,1184.1848604996,1229.02292803308,1184.1848604996,1223.89720877445,2562407
27/05/2020,1233.0468571707,1234.0049355368,1190.12494636942,1206.74760602126,1483250
28/05/2020,1210.43620773074,1224.95109497715,1203.3464278216,1218.86729735242,1132216
29/05/2020,1214.8433682148,1243.53781527949,1208.1847235704,1216.95114062022,1162844
01/06/2020,1229.2145437063,1255.082659591,1219.6816639636,1229.93310248088,1110142
02/06/2020,1228.2564653402,1244.83122107373,1219.44214437208,1233.14266500731,980515
03/06/2020,1238.7953273673,1252.2084244927,1199.5141143572,1208.42424316193,1460107
04/06/2020,1208.42424316193,1223.70559310122,1188.20878963722,1215.89725441751,1305362
05/06/2020,1219.6337600453,1250.2922677605,1218.6756816792,1242.96296825983,1214175
08/06/2020,1259.8730514215,1261.11855329743,1215.8014465809,1220.6397423297,1163493
09/06/2020,1231.1307004385,1239.37017438696,1191.22673649043,1198.02909288975,1238823
10/06/2020,1199.5141143572,1231.03489260189,1199.5141143572,1221.83734028733,1220062
11/06/2020,1211.9691331165,1228.92712019647,1188.78363665688,1192.37643052976,865237
12/06/2020,1130.532471998,1220.5918384114,1130.532471998,1215.60983090768,1161457
15/06/2020,1210.53201556735,1216.759524947,1189.45429151315,1198.46022815449,740591
16/06/2020,1216.759524947,1224.61576754902,1171.49032214878,1187.29861518942,855379
17/06/2020,1183.2267821335,1192.8075657945,1169.43045366166,1180.83158621825,735489
18/06/2020,1178.436390303,1205.50210414532,1173.6459984725,1200.80752015143,644001
19/06/2020,1199.5141143572,1231.03489260189,1193.86145199721,1218.6756816792,904534
22/06/2020,1219.6337600453,1225.19061456868,1204.40031402431,1210.48411164904,498504
23/06/2020,1214.93917605141,1251.92100098287,1210.1008803026,1247.60964833542,1138470
24/06/2020,1249.3341893944,1264.37601974217,1202.3883494555,1212.59188405447,1403063
25/06/2020,1210.0529763843,1228.06484966698,1192.8075657945,1198.65184382771,733630
26/06/2020,1203.3464278216,1240.7114840995,1199.94524962195,1234.57978255646,999776
29/06/2020,1226.2924046897,1239.60969397848,1212.44817229955,1235.15462957612,825890
30/06/2020,1238.7953273673,1279.60946576316,1234.24445512832,1276.39990323672,2752805
01/07/2020,1283.77710665569,1283.825010574,1253.78925379677,1270.3640095303,1411969
02/07/2020,1274.05261123978,1283.825010574,1262.98680611133,1273.14243679198,1008548
03/07/2020,1274.244226913,1281.47771857705,1251.2503461266,1259.8251475032,1019896
06/07/2020,1261.7892081537,1278.98671482519,1252.2084244927,1272.3280701808,1070329
07/07/2020,1272.23226234419,1272.23226234419,1253.02279110388,1258.05270252591,796329
08/07/2020,1258.05270252591,1265.33409810827,1236.49593928866,1257.86108685269,1102284
09/07/2020,1263.7053648859,1277.83702078587,1251.53776963643,1267.44187051369,1366297
10/07/2020,1266.10056080115,1272.3280701808,1251.34615396321,1255.32217918252,832336
13/07/2020,1255.32217918252,1296.75906851635,1255.32217918252,1289.5734807706,1707292
14/07/2020,1285.7411673062,1302.89077005939,1233.0468571707,1239.84921357001,2524366
15/07/2020,1246.4599542961,1258.38802995404,1231.1307004385,1233.0468571707,1351334
16/07/2020,1233.52589635375,1250.2922677605,1200.4721927233,1245.40606809339,1425257
17/07/2020,1249.71742074084,1264.663443252,1243.53781527949,1260.68741803268,1179386
20/07/2020,1260.68741803268,1278.84300307028,1259.39401223845,1274.05261123978,1539079
21/07/2020,1312.61526547531,1364.25568940809,1310.12426172344,1321.42958644343,5958892
22/07/2020,1329.8127721468,1331.05827402273,1303.9446562621,1314.77094179903,1133996
23/07/2020,1317.3577533875,1329.42954080036,1300.1123427977,1303.08238573261,1388277
24/07/2020,1293.98064125466,1302.986577896,1282.8669322079,1287.46570836518,955298
27/07/2020,1296.2800293333,1315.393692737,1281.9088538418,1306.24404434074,1271972
28/07/2020,1310.60330090649,1346.1001043705,1304.9506385465,1341.88455955966,1198590
29/07/2020,1344.47137114813,1367.84848328097,1333.6450856112,1351.80067064879,1634300
30/07/2020,1357.21381341726,1389.88428570127,1352.32761375015,1386.53101141992,1624791
31/07/2020,1393.81240700228,1393.90821483889,1358.5551231298,1365.69280695725,940224
03/08/2020,1363.72874630674,1392.039962025,1350.93840011931,1354.81861750201,1203679
04/08/2020,1360.23176027047,1369.90835176808,1338.53128527831,1342.69892617084,753119
05/08/2020,1341.30971254,1369.57302433995,1331.728928879,1352.71084509659,1079955
06/08/2020,1353.86053913591,1365.2616716925,1341.30971254,1347.24979840982,544735
07/08/2020,1348.0162611027,1363.3934188786,1334.12412479425,1338.62709311492,690559
10/08/2020,1343.32167710881,1349.8845139166,1327.99242325121,1341.54923213153,551253
11/08/2020,1352.23180591354,1374.79455143519,1341.40552037661,1353.33359603455,1072947
12/08/2020,1355.6808880315,1355.6808880315,1333.6450856112,1347.92045326609,646766
13/08/2020,1358.41141137488,1368.0880028725,1333.40556601968,1336.08818544475,895953
14/08/2020,1331.728928879,1357.40542909048,1322.57928048274,1327.22596055833,969191
17/08/2020,1338.4354774417,1338.4354774417,1314.77094179903,1329.42954080036,586864
18/08/2020,1331.728928879,1377.04603559553,1331.728928879,1371.92031633689,1124295
19/08/2020,1379.632847184,1383.4651606484,1365.2616716925,1369.38140866673,712580
20/08/2020,1365.16586385589,1380.49511771349,1352.47132550507,1359.89643284234,431512
21/08/2020,1365.50119128403,1374.8424553535,1357.5970447637,1362.48324443081,404214
24/08/2020,1365.40538344742,1378.6747688179,1358.5551231298,1361.86049349285,426151
25/08/2020,1368.04009895419,1369.0939851569,1340.3516341739,1343.13006143559,660576
26/08/2020,1344.1839476383,1351.22582362913,1328.902597699,1339.24984405288,498770
27/08/2020,1339.48936364441,1356.35154288777,1335.32172275187,1341.3576164583,538452
28/08/2020,1346.29172004372,1360.471279862,1332.78281508171,1337.86063042204,467029
31/08/2020,1334.6031639773,1344.37556331152,1258.0047986076,1266.38798431098,1157597
01/09/2020,1267.5855822686,1288.51959456789,1248.90305412965,1282.53160477977,865323
02/09/2020,1277.1184620113,1304.71111895498,1271.03466438657,1300.92670940888,713412
03/09/2020,1305.38177381125,1308.49552850107,1273.47776422012,1282.00466167841,643146
04/09/2020,1246.79528172423,1272.28016626249,1246.79528172423,1254.1245812249,783809
07/09/2020,1259.8730514215,1287.41780444687,1234.9630139029,1283.68129881908,1963860
08/09/2020,1283.63339490078,1283.63339490078,1248.66353453813,1253.64554204185,749573
09/09/2020,1249.76532465915,1266.29217647437,1235.921092269,1260.73532195099,778883
10/09/2020,1271.80112707945,1298.57941741194,1252.2084244927,1286.93876526382,677822
11/09/2020,1289.71719252551,1297.2381076994,1260.49580235946,1266.14846471945,1148199
14/09/2020,1293.405794235,1325.26189990782,1286.98666918213,1310.02845388683,1717693
15/09/2020,1310.6512048248,1330.7708505129,1294.12435300957,1328.75888594409,847977
16/09/2020,1326.36369002884,1337.90853434034,1318.3158317536,1331.44150536917,1134201
17/09/2020,1330.05229173833,1354.33957831896,1325.16609207121,1350.50726485456,1421787
18/09/2020,1351.8485745671,1377.7645943701,1349.9803217532,1371.77660458198,1270015
21/09/2020,1371.39337323554,1371.39337323554,1308.92666376582,1319.99246889427,437372
22/09/2020,1322.148145218,1335.27381883357,1289.28605726077,1303.60932883397,710190
23/09/2020,1302.986577896,1311.75299494582,1270.79514479504,1297.90876255567,604886
24/09/2020,1282.38789302485,1293.405794235,1239.41807830527,1248.99886196626,629729
25/09/2020,1251.2503461266,1283.58549098247,1241.52585071068,1277.45378943943,753140
28/09/2020,1291.4896375028,1322.86670399257,1284.7830889401,1317.74098473394,743574
29/09/2020,1322.53137656444,1339.96840282746,1301.35784467363,1321.33377860682,1172447
30/09/2020,1327.03434488511,1343.2258692722,1315.34578881869,1335.03429924205,608847
01/10/2020,1350.890496201,1363.3455149603,1337.4773990756,1355.77669586811,850859
05/10/2020,1360.471279862,1369.57302433995,1343.2258692722,1360.23176027047,842753
06/10/2020,1363.53713063352,1387.77651329585,1356.87848598913,1377.42926694197,764167
07/10/2020,1380.01607853044,1440.80615085948,1372.11193201011,1419.63261896867,2432772
08/10/2020,1420.06375423342,1459.77610250827,1406.89017669955,1454.26715190319,1599084
09/10/2020,1448.23125819676,1467.29701768215,1439.0337058822,1444.01571338592,1015633
12/10/2020,1438.17143535271,1465.66828445978,1411.34524110191,1453.3569774554,1468639
13/10/2020,1451.4887246415,1500.25491347599,1444.7821760788,1458.05156144928,2377141
14/10/2020,1458.00365753098,1490.43461022347,1444.01571338592,1484.54242827195,1387898
15/10/2020,1485.9795458211,1496.90163919464,1449.09352872625,1458.57850455064,801821
16/10/2020,1456.279116472,1500.3507213126,1448.99772088964,1495.70404123701,1364130
19/10/2020,1503.2249564109,1508.9734266075,1473.71614273502,1497.14115878617,1643909
20/10/2020,1515.77578300681,1554.09891765081,1496.5184078482,1513.33268317325,6433390
21/10/2020,1518.88953769663,1557.45219193216,1514.7698007224,1552.23066483692,2491967
22/10/2020,1550.1707963498,1567.60782261282,1536.8056031427,1560.7096583769,1839267
23/10/2020,1566.4581285735,1566.74555208333,1528.1349939295,1537.28464232575,1189152
26/10/2020,1537.61996975389,1547.10494557828,1507.53630905835,1512.61412439868,1151016
27/10/2020,1513.57220276478,1628.73322237,1513.57220276478,1613.26025675748,3953879
28/10/2020,1597.64357939005,1609.571655048,1554.09891765081,1570.19463420129,1583118
29/10/2020,1551.1288747159,1588.58973883041,1543.4642477871,1582.64965296059,1386462
30/10/2020,1581.11672757483,1627.67933616729,1555.0090920986,1579.8712256989,2458201
02/11/2020,1579.8712256989,1600.9489497531,1561.667736743,1596.01484616768,1106012
03/11/2020,1602.29025946564,1616.46981928392,1576.0389122345,1591.65558960193,1021590
04/11/2020,1591.3681660921,1611.43990786189,1588.4939309938,1606.07466901173,973399
05/11/2020,1621.0685954412,1631.79907314152,1598.69746559276,1628.15837535034,1203200
06/11/2020,1630.55357126559,1631.27213004016,1580.92511190161,1584.85323320262,1287283
09/11/2020,1598.17052249141,1612.4458901463,1577.9550689667,1599.70344787717,1615110
10/11/2020,1608.6135766819,1625.81108335339,1578.9131473328,1589.73943286973,1349064
11/11/2020,1596.1585579226,1609.47584721139,1579.00895516941,1600.13458314192,2155521
12/11/2020,1603.63156917818,1615.3680291629,1583.08078822533,1604.68545538089,1514164
13/11/2020,1603.8231848514,1613.88300769545,1588.20650748397,1606.07466901173,727938
17/11/2020,1601.23637326293,1651.63129531979,1601.23637326293,1623.75121486628,2626953
18/11/2020,1623.75121486628,1638.12239035778,1602.05073987411,1615.60754875443,1817408
19/11/2020,1603.48785742327,1646.9367113259,1597.49986763514,1609.38003937478,1382091
20/11/2020,1613.4039685124,1642.0984155771,1609.571655048,1616.08658793748,1245196
23/11/2020,1632.5655358344,1683.3436892377,1625.8589872717,1653.21212462385,2654717
24/11/2020,1653.16422070555,1665.66714338316,1620.97278760459,1625.47575592526,1638351
25/11/2020,1638.314006031,1644.0624762276,1590.410087726,1594.96095996498,1045474
26/11/2020,1598.41004208293,1628.73322237,1584.6616175294,1621.54763462425,1115726
27/11/2020,1633.23619069067,1647.894789692,1602.48187513886,1633.5715181188,7926397
01/12/2020,1665.1402002818,1710.1698834885,1634.38588472999,1674.62517610619,3242401
02/12/2020,1671.8467488445,1675.53535055398,1629.97872424593,1656.75701457843,1326419
03/12/2020,1666.81683742247,1669.83478427569,1635.53557876931,1646.07444079641,725291
04/12/2020,1654.21810690826,1660.30190453299,1585.18856063075,1596.11065400429,2540286
07/12/2020,1612.06265879986,1612.06265879986,1569.04494016197,1590.93703082735,1578664
08/12/2020,1599.0327930209,1628.73322237,1595.39209522972,1613.88300769545,2224442
09/12/2020,1623.9428305395,1627.87095184051,1583.7035391633,1587.15262128126,1662078
10/12/2020,1560.7096583769,1580.78140014669,1550.41031594133,1564.20664441317,1873212
11/12/2020,1573.83533199247,1590.36218380769,1537.7157775905,1541.30857146337,1824475
14/12/2020,1551.94324132708,1561.667736743,1542.506169421,1547.3444651698,980845
15/12/2020,1555.9192665464,1570.38624987451,1540.20678134236,1565.93118547214,1169280
16/12/2020,1575.99100831619,1580.63768839178,1556.15878613792,1564.63777967791,821837
17/12/2020,1570.67367338434,1590.26637597108,1565.5000502074,1570.57786554773,1203365
18/12/2020,1577.9550689667,1585.38017630397,1556.8773449125,1579.20057084263,1653822
21/12/2020,1578.9131473328,1578.9131473328,1422.7463736585,1504.51836220513,1990374
22/12/2020,1506.91355812038,1521.33263753019,1456.279116472,1499.34473902819,1350612
23/12/2020,1482.1472323567,1516.6380535363,1476.3987621601,1512.66202831698,1079550
24/12/2020,1619.152438709,1623.36798351984,1537.90739326372,1546.96123382337,3608554
28/12/2020,1546.3384828854,1557.59590368707,1532.92538576,1554.43424507894,1084367
29/12/2020,1563.67970131181,1564.25454833147,1538.29062461016,1548.97319839217,803645
30/12/2020,1551.99114524539,1583.27240389856,1532.92538576,1579.15266692432,1718433
31/12/2020,1578.9131473328,1578.9131473328,1543.12892035896,1549.83546892167,1350169
01/01/2021,1549.40433365692,1563.5838934752,1547.91931218947,1557.93123111521,647892
04/01/2021,1565.5000502074,1579.8712256989,1559.7515800108,1572.58983011654,1446174
05/01/2021,1571.2006164857,1585.85921548703,1560.94917796842,1576.32633574433,1229551
06/01/2021,1588.4939309938,1608.6135766819,1572.2065987701,1604.25432011614,1755315
07/01/2021,1620.35003666662,1647.894789692,1612.63750581952,1632.90086326253,2052711
08/01/2021,1647.894789692,1695.36757273225,1641.2361450476,1687.41552229362,2133816
11/01/2021,1670.8407665601,1723.5829806139,1670.40963129535,1712.133944139,1677994
12/01/2021,1708.2537267563,1737.9541561054,1700.68490766411,1719.84647498611,1505259
13/01/2021,1719.89437890442,1735.75057586337,1696.85259419971,1717.25966339764,922665
14/01/2021,1714.960275319,1729.3314508105,1698.6729430953,1710.64892267155,627682
15/01/2021,1705.379491658,1711.03215401799,1646.21815255132,1667.15216485061,1238841
18/01/2021,1665.1402002818,1673.14015463873,1600.23039097852,1630.17033991915,965219
19/01/2021,1632.18230448796,1648.75706022149,1619.152438709,1640.61339410964,1062139
20/01/2021,1642.1463194954,1646.60138389777,1617.2362819768,1638.3619099493,841615
21/01/2021,1648.27802103844,1654.26601082656,1586.5777742616,1595.91903833107,1486010
22/01/2021,1603.8231848514,1637.30802374659,1583.94305875482,1623.79911878458,1280708
25/01/2021,1652.25404625775,1653.30793246047,1588.4939309938,1593.42803457922,905403
27/01/2021,1588.20650748397,1605.6914376653,1556.11088221962,1569.18865191688,891651
28/01/2021,1550.02708459488,1570.19463420129,1540.68582052541,1564.63777967791,584432
29/01/2021,1576.0389122345,1585.6196958955,1526.60206854374,1536.61398746948,859756
01/02/2021,1556.8773449125,1625.81108335339,1517.78774757562,1614.79318214325,952374
02/02/2021,1628.73322237,1709.2118051224,1620.1584209934,1688.94844767938,1697944
03/02/2021,1695.798707997,1709.1639012041,1647.70317401878,1655.22408919267,893327
04/02/2021,1661.78692600045,1687.55923404854,1644.39780365573,1675.63115839059,952288
05/02/2021,1681.4275325055,1689.0921594343,1643.1043978615,1650.7690247903,1089231
08/02/2021,1663.2240435496,1701.5471781936,1654.6013382547,1689.95442996379,1247842
09/02/2021,1697.57115297428,1704.4214132919,1679.75089536483,1687.79875364007,791259
10/02/2021,1694.8406296309,1726.88835097695,1673.7629055767,1687.89456147667,1419214
11/02/2021,1676.637140675,1714.960275319,1668.9725137462,1701.49927427529,1521543
12/02/2021,1677.5952190411,1737.57092475896,1644.15828406421,1691.72687494108,3673122
15/02/2021,1710.1698834885,1722.6249022478,1692.58914547056,1713.0920225051,911884
16/02/2021,1715.9183536851,1766.26537182365,1710.12197957019,1743.03197144573,1937730
17/02/2021,1743.702626302,1759.9899585257,1731.2476075427,1743.46310671047,860949
18/02/2021,1756.25345289791,1761.04384472841,1700.73281158242,1712.94831075019,634760
19/02/2021,1724.54105898,1726.21769612067,1662.74500436655,1674.09823300483,767848
22/02/2021,1676.44552500178,1681.33172466889,1618.81711128086,1629.06854979813,533284
23/02/2021,1643.00859002489,1652.63727760419,1615.3680291629,1625.90689119,735863
24/02/2021,1636.3978492988,1671.8467488445,1636.3978492988,1658.09832429097,481605
25/02/2021,1668.9725137462,1734.121842641,1657.57138118961,1725.73865693762,1114144
26/02/2021,1705.379491658,1769.5707421867,1640.2301627632,1660.54142412452,2973895
01/03/2021,1680.85268548584,1705.23577990308,1653.35583637877,1700.01425280784,890744
02/03/2021,1704.4214132919,1736.94817382099,1686.26582825431,1697.52324905598,824150
03/03/2021,1709.2118051224,1741.54694997828,1698.86455876852,1721.09197686204,841356
04/03/2021,1699.82263713462,1785.76226657379,1691.24783575802,1775.98986723957,1152626
05/03/2021,1781.0676825799,1814.6004253934,1736.51703855625,1747.96607503115,2338230
08/03/2021,1759.46301542435,1775.70244372974,1737.47511692235,1746.38524572708,757659
09/03/2021,1753.283409963,1778.76829450126,1719.84647498611,1751.22354147588,825196
10/03/2021,1761.81030742129,1766.6965070884,1734.84040141557,1758.1217057118,645527
12/03/2021,1766.60069925179,1770.5288205528,1707.2956483902,1712.70879115867,1032982
15/03/2021,1716.8764320512,1723.34346102237,1668.11024321671,1693.02028073531,715929
16/03/2021,1696.85259419971,1714.72075572747,1687.08019486549,1692.11010628752,530988
17/03/2021,1692.06220236921,1702.45735264139,1649.37981115945,1655.22408919267,871784
18/03/2021,1671.79884492619,1675.6790623089,1639.31998831541,1659.15221049368,933344
19/03/2021,1649.61933075098,1695.798707997,1621.0685954412,1681.4275325055,1091315
22/03/2021,1686.217924336,1795.34305023479,1677.78683471432,1782.025760946,4627665
23/03/2021,1781.97785702769,1844.3008547425,1762.48096227756,1833.52247312387,1921529
24/03/2021,1828.9716008849,1842.67212152013,1808.8519551968,1812.92378825272,1293661
25/03/2021,1828.9716008849,1831.8458359832,1764.49292684637,1772.444977285,981995
26/03/2021,1786.8161527765,1808.8519551968,1770.5288205528,1783.89401375989,572651
30/03/2021,1799.3876682616,1838.9664742695,1793.74044837999,1809.0893024172,621135
31/03/2021,1811.50264424695,1854.02572728714,1802.76634682325,1837.27713498868,672297
01/04/2021,1853.446525248,1853.446525248,1821.54214625871,1847.02703598086,765296
05/04/2021,1841.8624844652,1869.8572496903,1807.20689578999,1828.73390491136,1272161
06/04/2021,1838.86994059631,1856.05293442413,1824.5346901276,1842.29688599456,965415
07/04/2021,1852.96385688205,1886.75064249855,1835.97393040061,1851.95025331356,1643523
08/04/2021,1858.2732089075,1940.326831119,1857.3078721756,1912.95953476964,948277
09/04/2021,1929.7081270681,1952.73140812391,1880.91035527056,1892.78399707293,1376841
12/04/2021,1867.87830938991,1867.87830938991,1795.86418919017,1820.33547534383,810830
13/04/2021,1829.3131069505,1838.91820743291,1793.5956478702,1816.90852994559,531684
15/04/2021,1824.486423291,1830.47151102878,1749.1901582028,1772.98570864414,706453
16/04/2021,1778.24679383299,1836.40833192997,1776.41265404238,1816.52239525282,1061445
19/04/2021,1795.09191980464,1816.66719576261,1763.18754081535,1811.69571159333,1288212
20/04/2021,1911.366729162,1911.366729162,1747.259484739,1762.51180510302,5873433
22/04/2021,1761.69126888091,1785.872954015,1720.47139042878,1768.15902498464,1662315
23/04/2021,1762.60833877621,1790.60310400131,1739.5367908838,1750.05896126151,886188
26/04/2021,1754.9821785942,1787.75536064221,1754.25817604528,1780.80493617253,833521
27/04/2021,1781.38413821167,1802.71807998666,1772.64784078797,1795.28498715103,908739
28/04/2021,1806.1450253849,1819.61147279491,1785.872954015,1807.25516262659,879407
29/04/2021,1815.7983927039,1821.39734574892,1790.6996376745,1811.9853126129,597466
30/04/2021,1804.2143519211,1837.47020233506,1790.74790451109,1817.48773198473,1081167
03/05/2021,1795.526321334,1838.86994059631,1788.96203155708,1832.2091171462,501054
04/05/2021,1845.7238313928,1848.6198415885,1801.3183417254,1804.2143519211,478133
05/05/2021,1810.0063723125,1832.16085030961,1805.27622232619,1823.08668502975,381806
06/05/2021,1829.3131069505,1842.34515283115,1812.13011312268,1830.51977786538,292905
07/05/2021,1837.0358008057,1862.03802216191,1830.326710519,1838.72514008653,641334
10/05/2021,1851.99852015015,1854.4118619799,1815.07439015497,1820.33547534383,575662
11/05/2021,1805.179688653,1853.446525248,1795.76765551698,1843.74489109241,692022
12/05/2021,1837.90460386441,1843.74489109241,1811.9370457763,1817.43946514813,464947
14/05/2021,1828.10643603562,1833.07792020491,1789.7343009426,1811.74397842992,567649
17/05/2021,1812.27491363246,1841.62115028223,1802.66981315006,1837.61500284484,534633
18/05/2021,1849.5851783204,1884.19250015902,1839.98007783799,1872.70499304941,874925
19/05/2021,1872.22232468346,1913.2974026258,1850.5505150523,1860.44521655428,963994
20/05/2021,1872.753259886,1895.43867308565,1854.4118619799,1890.27412156999,696109
21/05/2021,1901.7616286796,1919.04115618061,1891.38425881167,1897.12801236648,674816
24/05/2021,1899.7826883792,1928.64625666301,1885.3026374007,1915.66247761896,657392
25/05/2021,1925.8467801405,1926.23291483326,1885.68877209346,1893.21839860228,501731
26/05/2021,1894.42506951716,1913.20086895261,1889.35705167468,1908.90512049566,444885
27/05/2021,1910.69099344967,1969.286933076,1898.47948379114,1930.81826430979,1967922
28/05/2021,1925.75024646731,1939.94069642624,1906.5400455025,1916.62781435086,415702
31/05/2021,1910.49792610329,1932.02493522466,1900.26535674515,1917.20701639,443113
01/06/2021,1921.020096481,1931.6388005319,1891.81866034102,1905.04377356806,297295
02/06/2021,1906.78137968548,1937.72042194287,1902.58216490171,1927.87398727749,447284
03/06/2021,1929.85292757789,1959.633565757,1929.85292757789,1957.07542341746,571072
04/06/2021,1953.8415453656,1966.48745655349,1935.5001474595,1940.23029744581,219638
07/06/2021,1945.63618314445,1987.53179730891,1941.2921678509,1975.03068663081,494925
08/06/2021,1978.940300395,1991.10354321694,1956.06181984897,1971.84507541554,314233
09/06/2021,1974.1136167355,1974.49975142826,1921.69583219333,1934.92094542036,470131
10/06/2021,1945.1535147785,1966.3909228803,1934.92094542036,1959.92316677657,364626
11/06/2021,1959.92316677657,1972.85867898403,1943.36764182449,1954.32421373155,173453
14/06/2021,1951.9108719018,1972.66561163765,1921.06836331759,1969.81786827854,262106
15/06/2021,1971.2176065398,1994.3856881054,1960.6471693255,1972.13467643511,303143
16/06/2021,1971.2176065398,1981.8363105907,1943.60897600746,1950.46286680395,152299
17/06/2021,1935.5001474595,1991.4414110731,1935.5001474595,1971.41067388618,412228
18/06/2021,1972.42427745468,1991.4896779097,1927.00518421878,1957.60635862001,502755
21/06/2021,1939.84416275305,1971.12107286661,1919.95822607591,1957.79942596639,478588
22/06/2021,1962.48130911611,2005.9697288882,1958.33036116894,1978.31283151927,712732
23/06/2021,1978.65069937543,1988.49713404081,1954.8068820975,1960.16450095954,268921
24/06/2021,1954.8068820975,1969.96266878833,1949.11139537929,1957.17195709066,253261
25/06/2021,1958.57169535191,1977.0096269312,1957.7028922932,1970.39707031769,329128
28/06/2021,1975.0789534674,1988.5454008774,1952.97274230689,1979.8573702903,380090
29/06/2021,1983.09124834217,1993.32381770031,1969.286933076,1981.8845774273,279895
30/06/2021,1981.06404120518,1981.30537538815,1938.44442449179,1944.96044743212,450373
01/07/2021,1951.71780455542,1951.71780455542,1922.66116892523,1926.8121168724,335738
02/07/2021,1934.43827705441,1934.87267858377,1909.4360556982,1918.36542046828,293738
05/07/2021,1928.40492248004,1937.04468623054,1906.5400455025,1914.02140517473,328547
06/07/2021,1918.94462250742,1987.19392945275,1914.3110061943,1952.73140812391,1171831
07/07/2021,1961.27463820123,1973.58268153296,1943.12630764151,1965.95652135094,339727
08/07/2021,1970.2522698079,1986.03552537446,1951.9108719018,1959.15089739105,342553
09/07/2021,1959.15089739105,1969.286933076,1947.18072191549,1966.63225706328,174442
12/07/2021,1971.70027490575,2014.6577594753,1971.70027490575,2000.46730951637,770557
13/07/2021,2009.8310758158,2019.19484211523,1998.72970339895,2012.53401866512,420437
14/07/2021,2011.42388142344,2025.2281966896,1999.11583809171,2009.39667428645,363780
15/07/2021,2007.900402352,2051.43708896069,1996.99209728153,2039.22557930215,710905
16/07/2021,2048.87894662115,2060.9939226065,2038.7911777728,2055.53977007127,425910
19/07/2021,2044.48666449101,2092.8500347592,2032.22688799588,2077.30811337561,666887
20/07/2021,2148.8395652094,2262.7975664102,2116.21118367118,2228.81771344731,8593295
22/07/2021,2258.887952646,2258.887952646,2192.37625181809,2210.86245023397,1010305
23/07/2021,2216.55793695219,2292.6747382625,2213.03445788075,2256.52287765285,1664900
26/07/2021,2256.28154346987,2292.48167091612,2228.09371089839,2287.07578521748,695393
27/07/2021,2288.8133913349,2311.9814729005,2275.10560974192,2289.48912704723,1017264
28/07/2021,2286.8827178711,2314.10521371068,2249.47591950998,2310.91960249541,437170
29/07/2021,2316.80815656,2329.3575340747,2268.34825261862,2282.0560342116,677603
30/07/2021,2283.0213709435,2331.2882075385,2278.194687284,2311.11266984179,465284
02/08/2021,2311.9814729005,2350.01574013736,2298.65982600028,2339.9762381256,464987
03/08/2021,2336.114891198,2356.19389522152,2309.0854627048,2348.76080238589,538219
04/08/2021,2348.6642687127,2369.8534099779,2310.0507994367,2315.45668513534,380386
05/08/2021,2316.8564233966,2330.03326978703,2292.86780560888,2309.27853005118,399193
06/08/2021,2299.52862905899,2315.64975248172,2254.44740367926,2260.19115723407,516746
09/08/2021,2266.6106465012,2284.51764287795,2224.1358302976,2232.43772619194,449768
10/08/2021,2243.4425649356,2249.234585327,2188.37010438071,2217.33020633771,321608
11/08/2021,2217.3784731743,2247.2556450266,2170.60790851375,2197.154668641,401413
12/08/2021,2199.37494312437,2249.18631849041,2176.8343304345,2212.5517895148,593594
13/08/2021,2215.88220123986,2242.18762718413,2194.93439415762,2228.57637926434,275083
16/08/2021,2229.73478334262,2244.4079016675,2210.621116051,2216.65447062537,293777
17/08/2021,2220.27448337,2234.7545343485,2192.2797181449,2228.72117977413,309125
18/08/2021,2234.89933485829,2281.91123370182,2231.08625476728,2274.62294137597,965286
20/08/2021,2249.37938583679,2291.51633418422,2201.9330854639,2211.15205125355,596640
23/08/2021,2220.27448337,2239.581218008,2153.23184733955,2183.06075235525,477873
24/08/2021,2188.4666380539,2214.33766246881,2178.7650038983,2201.8848186273,423186
25/08/2021,2205.93923290129,2225.1011670295,2177.02739778088,2188.75623907347,339700
26/08/2021,2192.08665079852,2207.24243748935,2179.97167481318,2196.67200027505,373379
27/08/2021,2200.9194818954,2273.03013576834,2187.74263550497,2266.70718017439,591864
30/08/2021,2270.4719934288,2307.154789241,2268.541319965,2303.77611067935,456720
31/08/2021,2310.82306882222,2335.82529017843,2283.50403930945,2329.55060142108,580467
01/09/2021,2336.114891198,2352.91175033306,2310.0990662733,2340.0245049622,418473
02/09/2021,2344.70638811191,2411.4111562862,2329.50233458449,2388.43614206698,589580
03/09/2021,2397.22070632727,2398.8617787715,2351.84987992797,2383.4163910611,444256
06/09/2021,2401.66125529401,2422.0298603371,2383.4163910611,2387.03640380573,426552
07/09/2021,2390.1737481844,2407.5498093586,2359.95870847593,2397.41377367365,322194
08/09/2021,2392.20095532139,2400.69591856211,2346.97492943187,2364.0613895865,312258
09/09/2021,2355.421625836,2377.6243706697,2349.14693707865,2373.52168955913,181417
13/09/2021,2374.728360474,2393.93856143881,2336.45275905416,2385.73319921766,265232
14/09/2021,2384.381727793,2389.2566782891,2353.05655084285,2358.2693691951,174874
15/09/2021,2363.1443196912,2393.64896041924,2357.93150133894,2381.87185229006,234175
16/09/2021,2390.75295022354,2393.45589307286,2332.49487845337,2345.47865749743,264530
17/09/2021,2355.421625836,2359.2829727636,2290.06832908637,2311.83667239071,538103
20/09/2021,2295.5707484582,2307.154789241,2239.581218008,2245.3249715628,299170
21/09/2021,2245.3249715628,2258.79141897281,2204.8290956596,2251.45485981037,567297
22/09/2021,2258.21221693367,2296.5360851901,2250.29645573209,2283.55230614605,308803
23/09/2021,2292.6747382625,2297.98409028795,2258.9362194826,2269.5549235335,380958
24/09/2021,2285.9173811392,2290.6957979621,2201.9330854639,2219.06781245513,434577
27/09/2021,2225.63210223205,2265.40397558633,2207.24243748935,2251.02045828102,363257
28/09/2021,2253.0959322546,2276.16748014701,2206.80803596,2220.51581755298,304307
29/09/2021,2210.621116051,2213.85499410287,2167.27749678869,2192.37625181809,518866
30/09/2021,2191.50744875938,2197.97520486311,2173.16605085328,2176.35166206855,300368
01/10/2021,2159.4582692603,2179.7303406302,2134.69738208706,2159.94093762625,319800
04/10/2021,2167.1809631155,2204.780828823,2155.5969223327,2187.11516662924,394631
05/10/2021,2175.04845748049,2204.8290956596,2175.04845748049,2185.23276000203,251071
06/10/2021,2187.4047676488,2199.0370752682,2118.28665764477,2126.87815455867,446408
07/10/2021,2138.51046217807,2197.1064018044,2138.51046217807,2187.30823397562,318393
08/10/2021,2194.2103916087,2205.69789871831,2157.96199732586,2163.22308251471,249365
11/10/2021,2172.007646775,2195.94799772612,2164.42975342959,2171.86284626522,211576
12/10/2021,2167.1809631155,2180.6956773621,2149.7566351047,2167.80843199124,183872
13/10/2021,2179.24767226425,2191.12131406662,2172.007646775,2181.37141307443,280779
14/10/2021,2191.314381413,2268.05865159905,2188.4183712173,2229.78305017922,1290679
18/10/2021,2282.0560342116,2282.0560342116,2212.40698900502,2224.52196499036,627590
19/10/2021,2238.6158812761,2247.3039118632,2155.06598713016,2165.00895546873,679577
20/10/2021,2209.6557793191,2277.2293505521,2144.0128815499,2185.13622632884,3817624
21/10/2021,2206.7115022868,2207.48377167233,2126.49201986592,2158.83080038457,803674
22/10/2021,2163.51268353428,2181.03354521826,2089.9540245635,2135.3731177994,528370
25/10/2021,2133.394177499,2139.13793105381,2067.7995465664,2131.89790556456,683253
26/10/2021,2138.2208611585,2167.1326962789,2133.394177499,2158.78253354797,484377
27/10/2021,2160.80974068496,2196.1410650725,2156.07959069865,2171.42844473586,471518
28/10/2021,2173.9383202388,2244.31136799431,2167.1809631155,2208.54564207741,889979
29/10/2021,2205.7944323915,2273.17493627812,2159.98920446285,2252.51673021546,732835
01/11/2021,2263.7629031421,2316.61508921362,2247.69004655596,2291.99900255017,703217
02/11/2021,2302.3281055815,2332.2535442704,2292.57820458931,2309.0854627048,461093
03/11/2021,2320.81430399739,2344.56158760213,2311.16093667839,2336.59755956395,364903
08/11/2021,2368.79153957282,2442.301931707,2355.4698926726,2431.05575878037,878142
09/11/2021,2435.5445745837,2464.02200817475,2415.3207700504,2450.31422658177,531520
10/11/2021,2442.97766741933,2479.32259537536,2425.98774093789,2465.61481378239,414868
11/11/2021,2457.69905258081,2475.89564997712,2437.4752480475,2469.52442754658,298854
12/11/2021,2478.9847275192,2488.6380948382,2457.7473194174,2482.7978076102,303364
15/11/2021,2480.915400983,2499.2567988891,2442.59153272657,2474.25457753289,229541
16/11/2021,2472.37217090568,2477.48845558475,2396.9311053077,2406.34313844372,248153
17/11/2021,2395.9657685758,2409.81835067856,2377.6726375063,2385.87799972745,279037
18/11/2021,2389.01534410612,2415.56210423337,2331.38474121169,2355.90429420195,237386
22/11/2021,2355.90429420195,2360.2483094955,2273.3680036245,2291.27500000125,244687
23/11/2021,2268.541319965,2336.21142487119,2268.44478629181,2320.57296981441,209320
24/11/2021,2326.461523879,2344.07891923617,2309.61639790735,2321.39350603653,237362
25/11/2021,2321.53830654631,2329.88846927725,2297.501421922,2302.76250711086,201394
26/11/2021,2277.03628320572,2305.2241157772,2220.37101704319,2231.37585578685,208380
29/11/2021,2200.967748732,2244.4079016675,2162.354279456,2210.23498135824,458730
30/11/2021,2204.00855943749,2242.4289613671,2191.16958090321,2207.14590381616,415128
01/12/2021,2216.4131364424,2251.59966032015,2170.0769733112,2175.33805850006,423543
02/12/2021,2170.22177382099,2199.76107781713,2152.31477744424,2186.14982989734,457153
03/12/2021,2189.48024162239,2224.66676550015,2172.10418044819,2183.78475490418,439164
06/12/2021,2186.4876977535,2194.16212477211,2128.5674938395,2140.44113564187,234956
07/12/2021,2161.3889427241,2176.78606359791,2134.3595142309,2167.2292299521,293341
08/12/2021,2176.97913094429,2220.17794969681,2171.23537738948,2212.79312369778,315816
09/12/2021,2214.57899665179,2243.4425649356,2208.64217575061,2239.581218008,286871
10/12/2021,2238.6158812761,2249.42765267338,2222.2051568338,2235.28546955105,202000
13/12/2021,2248.2692485951,2259.70848886812,2210.621116051,2216.461403279,282819
14/12/2021,2200.967748732,2245.66283941897,2193.67945640615,2239.72601851779,408050
15/12/2021,2236.92654199527,2250.00685471252,2196.1410650725,2206.27710075745,252969
16/12/2021,2217.86114154025,2218.82647827215,2184.5570242897,2187.88743601475,247839
17/12/2021,2187.4530344854,2195.1757283406,2130.98083566925,2138.2691279951,290265
20/12/2021,2118.81759284731,2123.40294232384,2015.43002886082,2042.55599102721,307702
21/12/2021,2061.9592593384,2103.4687388101,2050.23041804582,2064.42086800475,294036
22/12/2021,2073.5433001212,2093.7671046545,2064.17953382177,2075.37743991181,376346
23/12/2021,2089.90575772691,2101.48979850971,2066.93074350769,2076.24624297052,323002
24/12/2021,2084.11373733551,2087.0580143678,2039.27384613875,2052.354158856,152954
27/12/2021,2050.3752185556,2065.72407259281,2028.1724737219,2062.63499505073,112982
28/12/2021,2067.7512797298,2087.15454804099,2065.04833688048,2076.68064449988,704309
29/12/2021,2079.3353205126,2091.73989751752,2062.9728629069,2087.68548324354,203826
30/12/2021,2091.8846980273,2096.6631148502,2078.56305112708,2088.26468528268,216056
31/12/2021,2088.0233510997,2160.90627435815,2087.49241589715,2138.94486370743,467894
03/01/2022,2143.24061216438,2181.22661256465,2137.40032493639,2173.31085136307,335699
04/01/2022,2179.7303406302,2186.29463040712,2139.66886625635,2147.19849276517,363436
05/01/2022,2147.8742284775,2168.1462998474,2143.14407849119,2163.60921720747,372959
06/01/2022,2152.700912137,2185.32929367522,2125.6714836438,2150.09450296087,470965
07/01/2022,2156.5622590646,2223.94276295122,2154.6798524374,2205.40829769874,573885
10/01/2022,2217.52327368409,2244.4079016675,2199.56801047075,2239.72601851779,358989
11/01/2022,2246.3385751313,2263.28023477615,2207.04937014297,2217.95767521344,289218
12/01/2022,2229.927850689,2248.07618124872,2194.2103916087,2234.56146700212,380195
13/01/2022,2242.4772282037,2244.84230319686,2218.44034357939,2233.93399812639,221162
14/01/2022,2239.48468433481,2291.7094015306,2224.85983284653,2276.36054749339,676328
17/01/2022,2282.0560342116,2308.1201259729,2221.2398201019,2296.19821733394,490475
18/01/2022,2308.1201259729,2309.95426576351,2162.69214731217,2175.14499115368,691178
19/01/2022,2182.6263508259,2184.36395694332,2142.27527543248,2154.43851825442,372235
20/01/2022,2152.700912137,2206.03576657448,2152.700912137,2175.8689937026,322553
21/01/2022,2162.354279456,2177.70313349321,2119.8794632524,2138.94486370743,238038
24/01/2022,2133.394177499,2142.70967696184,2073.88116797736,2092.31909955665,467114
25/01/2022,2085.22387457719,2116.59731836394,2046.5621384646,2104.38580870541,262179
27/01/2022,2081.2659939764,2103.4687388101,2053.89869762704,2092.56043373963,298193
28/01/2022,2104.33754186881,2160.95454119475,2098.49725464081,2139.13793105381,272371
31/01/2022,2153.08704682976,2213.22752522713,2149.8049019413,2206.51843494042,428789
01/02/2022,2220.3227502066,2273.3680036245,2193.92079058913,2251.69619399335,491690
02/02/2022,2267.33464905012,2268.5895868016,2220.27448337,2226.59743896395,274847
03/02/2022,2228.86598028391,2247.3039118632,2207.00110330638,2214.09632828584,253714
04/02/2022,2218.53687725258,2241.94629300116,2191.314381413,2195.89973088953,184813
07/02/2022,2203.57415790813,2213.27579206373,2161.63027690707,2203.09148954218,201382
08/02/2022,2206.7597691234,2229.927850689,2183.78475490418,2224.85983284653,608392
09/02/2022,2236.97480883187,2257.72954856772,2210.81418339738,2230.21745170857,367725
10/02/2022,2200.967748732,2244.21483432112,2186.4876977535,2223.70142876825,876424
11/02/2022,2210.621116051,2217.3784731743,2162.354279456,2171.38017789927,359096
14/02/2022,2140.92380400782,2143.19234532779,2070.6472899255,2079.23878683941,279841
15/02/2022,2081.74866234235,2162.354279456,2081.74866234235,2156.85186008417,259988
16/02/2022,2172.007646775,2187.69436866837,2138.60699585126,2161.77507741686,218682
17/02/2022,2162.74041414876,2188.94930641985,2138.94486370743,2149.66010143152,218668
18/02/2022,2132.18750658413,2143.047544818,2096.7113816868,2105.54421278369,295149
21/02/2022,2103.17913779053,2128.80882802248,2076.4393103169,2109.16422552831,291112
22/02/2022,2080.20412357131,2105.20634492752,2027.30367066319,2090.34015925626,323721
23/02/2022,2093.8636383277,2120.8447999843,2069.39235217403,2076.72891133647,376034
24/02/2022,2012.82361968469,2047.14134050374,1932.6041372638,1944.1881780466,474202
25/02/2022,1974.1136167355,2012.19615080895,1959.633565757,1988.15926618465,286586
28/02/2022,1973.1482800036,2022.3804533305,1950.31806629416,2016.73323344889,349612
02/03/2022,2001.91531461422,2027.1588701534,1972.1829432717,1996.07502738622,494931
03/03/2022,2015.6230962072,2020.16017884713,1882.406627205,1888.1986475964,728165
04/03/2022,1872.753259886,1949.980198438,1859.43161298578,1940.85776632155,801645
07/03/2022,1903.6440353068,1909.4360556982,1834.13979061,1882.55142771479,536549
08/03/2022,1872.753259886,1900.69975827451,1836.0704640738,1894.08720166099,330394
09/03/2022,1907.5053822344,1946.02231783721,1888.82611647214,1931.49400002211,419651
10/03/2022,1978.940300395,2002.060115124,1931.6388005319,1976.62349223844,315957
11/03/2022,1973.63094836955,1990.37954066801,1946.1188515104,1971.12107286661,372130
14/03/2022,1982.8016473226,1993.4203513735,1954.8068820975,1986.7112610868,184932
15/03/2022,1998.247035033,2036.57090328943,1972.85867898403,1988.93153557016,358798
16/03/2022,2015.96096406337,2058.43578026697,1994.86835647135,2055.34670272489,395803
17/03/2022,2090.9193612954,2090.9193612954,2044.5831981642,2049.07201396754,820627
21/03/2022,2028.1724737219,2067.50994554682,1975.70642234314,1984.49098660342,1043891
22/03/2022,1983.7187172179,2002.78411767293,1954.8068820975,1986.95259526977,452916
23/03/2022,1992.55154831479,2013.6924227434,1978.940300395,1998.00570085003,232620
24/03/2022,1979.08510090479,2020.4015130301,1979.08510090479,2008.28653704476,294252
25/03/2022,2012.7270860115,2018.42257272971,1978.0232304997,1992.64808198798,278510
28/03/2022,2009.20360694006,2009.20360694006,1968.36986318069,1988.25579985784,231188
29/03/2022,2001.1430452287,2061.28352362607,1998.48836921598,2054.76750068575,725118
30/03/2022,2065.820606266,2097.38711739913,2061.9592593384,2076.34277664371,702919
31/03/2022,2080.10758989812,2095.07030924257,2068.95795064467,2076.77717817306,464111
01/04/2022,2073.5433001212,2085.127340904,2054.57443333937,2076.4393103169,838234
04/04/2022,2093.304799286,2116.1228136858,2085.41770300433,2102.68002694157,655757
05/04/2022,2117.90857133448,2140.9250032508,2095.2889744512,2132.64107193609,615501
06/04/2022,2132.64107193609,2181.6005941374,2107.78927799196,2128.5239084683,1082516
07/04/2022,2131.0041274248,2162.750930068,2112.20406773453,2119.79353774142,420470
08/04/2022,2131.0041274248,2163.7430176506,2111.70802394323,2153.37570241243,861328
11/04/2022,2157.790492155,2266.52329120796,2146.53029809249,2215.23236318754,1935494
12/04/2022,2215.23236318754,2215.3315719458,2152.73084548374,2164.13985268364,625499
13/04/2022,2170.6876307288,2226.88939228309,2146.43108933423,2191.17423930949,753209
18/04/2022,2182.59268172,2231.10576450914,2130.65689677089,2138.14715801952,442194
19/04/2022,2141.02421200906,2157.39365712196,2007.53882777023,2040.2281136169,824740
20/04/2022,2058.581733895,2204.17058664155,2049.30571499769,2190.77740427645,3687080
21/04/2022,2200.69828010245,2256.999250415,2187.80114152865,2252.13802126026,1491272
22/04/2022,2232.29626960826,2264.9359510758,2219.49833979272,2245.34222131945,558880
25/04/2022,2234.1812360152,2301.1471478407,2222.276185024,2244.15171622033,1075394
26/04/2022,2273.3686955279,2319.45116373967,2250.0546373368,2293.06163404251,733155
27/04/2022,2287.95238299212,2343.06284820555,2245.14380380293,2331.30661035174,1043493
28/04/2022,2364.1447093358,2368.26187280359,2295.74027051553,2357.94416194455,995576
29/04/2022,2357.94416194455,2378.0339354922,2303.08171862677,2310.47277111714,784968
02/05/2022,2295.6906661364,2339.64014604558,2291.42468953122,2328.62797387872,490846
04/05/2022,2331.40581911,2344.65018833771,2255.5111190411,2281.90064873826,451428
05/05/2022,2306.603629545,2313.74666013972,2251.88999936461,2259.82670002541,395262
06/05/2022,2231.2049732674,2256.90004165674,2214.68671501711,2227.68306234917,571407
09/05/2022,2203.4265209546,2237.157498763,2184.0808130939,2215.23236318754,323573
10/05/2022,2217.41495586926,2231.60180830044,2167.711367981,2181.15415472523,365873
11/05/2022,2185.5689444678,2199.90461003637,2118.40461512578,2150.49864842289,546421
12/05/2022,2142.85957403687,2192.31514002948,2084.62403293825,2160.17150235324,348099
13/05/2022,2177.632243807,2179.31879269742,2082.44144025653,2096.57868830858,431751
16/05/2022,2123.067426764,2269.59876271402,2123.067426764,2178.82274890612,3304245
17/05/2022,2202.434433372,2237.157498763,2165.28075340363,2208.23814573021,1060771
18/05/2022,2231.2049732674,2234.1812360152,2200.64867572332,2218.95269162229,851138
19/05/2022,2180.80692407132,2237.157498763,2175.40004674615,2213.3473967806,600776
20/05/2022,2233.08993967434,2256.40399786544,2216.86930769883,2221.68093247444,514340
23/05/2022,2242.117936676,2247.82244027595,2190.67819551819,2195.88665532684,345694
24/05/2022,2195.4898202938,2218.75427410577,2181.65019851653,2193.45604074947,267961
25/05/2022,2199.4581706242,2207.04764063109,2165.2311490245,2168.80266432186,236264
26/05/2022,2177.53303504874,2196.4819078764,2147.869616329,2190.5293823808,309697
27/05/2022,2201.39274141027,2201.39274141027,2173.11824530617,2180.65811093393,215682
30/05/2022,2190.5293823808,2199.80540127811,2178.77314452699,2190.87661303471,625645
31/05/2022,2197.37478670074,2212.355309198,2173.01903654791,2181.00534158784,590767
01/06/2022,2188.44599845734,2197.27557794248,2165.2311490245,2178.47551825221,394675
02/06/2022,2172.671805894,2194.15050205729,2168.75305994273,2181.35257224175,195697
03/06/2022,2188.0491634243,2199.30935748681,2105.40826779372,2116.22202244406,715122
06/06/2022,2127.92865591874,2150.3498352855,2113.69219910843,2121.33127349445,374121
07/06/2022,2116.1228136858,2131.89700624914,2071.4788724688,2121.43048225271,1062704
08/06/2022,2128.027864677,2131.25214932045,2096.87631458336,2118.6030326423,490375
09/06/2022,2113.6425947293,2132.98830259,2105.90431158502,2121.18246035706,335166
10/06/2022,2117.66054943883,2136.90704854127,2095.2889744512,2118.50382388404,283855
13/06/2022,2100.2494123642,2112.1544633554,2082.09420960262,2104.46578459025,231725
14/06/2022,2095.43778758859,2113.146550938,2085.31849424607,2099.35653353986,302507
15/06/2022,2103.225675112,2114.1386385206,2095.38818320946,2105.85470720589,205602
16/06/2022,2118.50382388404,2122.96821800574,2063.19494115409,2067.75854403405,253721
17/06/2022,2059.17698644456,2091.61825039558,2030.90249034046,2038.83919100126,492761
20/06/2022,2038.739982243,2069.04825789143,2030.95209471959,2044.09725518904,446187
21/06/2022,2050.6450332342,2073.51265201313,2041.76584936993,2069.74271919925,290807
22/06/2022,2068.502609721,2069.39548854534,2037.69829028127,2045.98222159598,403380
23/06/2022,2045.78380407946,2081.25093515741,2045.78380407946,2073.85988266704,149241
24/06/2022,2083.38392346,2099.45574229812,2074.10790456269,2081.59816581132,236889
27/06/2022,2098.21563281987,2111.36079328932,2086.3601862078,2099.10851164421,235386
28/06/2022,2094.44570000599,2117.31331878492,2086.16176869128,2111.1623757728,137952
29/06/2022,2101.2414999468,2142.909178416,2101.2414999468,2138.19676239865,548808
30/06/2022,2134.92287337607,2138.9408280856,2101.2414999468,2105.16024589807,307330
01/07/2022,2106.15233348067,2156.7984045724,2106.15233348067,2149.95300025246,284645
04/07/2022,2153.72293306634,2169.59633438794,2137.05586167866,2147.47278129596,169527
05/07/2022,2138.9408280856,2161.56042496888,2127.08538147353,2131.05373180393,163386
06/07/2022,2131.05373180393,2162.65172130974,2131.0041274248,2157.14563522631,123949
07/07/2022,2170.6876307288,2170.6876307288,2140.23054194298,2151.19310973071,89864
08/07/2022,2157.790492155,2183.68397806086,2142.76036527861,2152.18519731331,240521
11/07/2022,2147.27436377944,2174.45756354268,2119.99195525794,2167.01690667318,282881
12/07/2022,2163.7430176506,2165.33035778276,2138.9408280856,2150.10181338985,261604
13/07/2022,2159.7746673202,2169.59633438794,2146.8775287464,2156.35196516023,218371
14/07/2022,2160.7667549028,2173.81270661399,2131.0041274248,2143.20680469078,245807
15/07/2022,2115.18033048233,2141.9170908334,2094.2968868686,2123.41465741791,1004798
18/07/2022,2143.85166161947,2162.65172130974,2134.9724777552,2156.7984045724,296459
19/07/2022,2152.830054242,2167.61215922274,2083.73115411391,2151.63954914288,202603
20/07/2022,2157.790492155,2162.35409503496,2132.59146755696,2141.81788207514,252406
21/07/2022,2141.9170908334,2162.65172130974,2138.4447842943,2157.34405274283,408365
22/07/2022,2157.790492155,2182.98951675304,2142.909178416,2174.60637668007,594869
25/07/2022,2181.50138537914,2195.4898202938,2159.67545856194,2187.00747146257,379605
26/07/2022,2182.59268172,2192.46395316687,2154.36778999503,2162.45330379322,232655
27/07/2022,2162.750930068,2180.26127590089,2144.8933535812,2172.91982778965,348755
28/07/2022,2187.45391087474,2187.45391087474,2159.2786235289,2163.49499575495,249369
29/07/2022,2177.632243807,2221.18488868314,2170.6876307288,2209.77588148324,418157
01/08/2022,2214.3394843632,2216.3236595284,2191.32305244688,2208.93260703803,286221
02/08/2022,2217.71258214404,2244.69736439076,2197.473995459,2210.02390337889,563363
03/08/2022,2216.27405514927,2223.81392077703,2186.75944956692,2218.70466972664,288612
04/08/2022,2232.19706085,2232.19706085,2177.48343066961,2204.71623481198,437800
05/08/2022,2212.50412233539,2241.1258490934,2201.04551075636,2236.95908124648,291021
08/08/2022,2242.117936676,2253.0309000846,2202.73205964678,2206.99803625196,323076
10/08/2022,2206.94843187283,2217.11732959448,2196.9779516677,2209.3790464502,200902
11/08/2022,2222.276185024,2224.85561273876,2203.87296036677,2211.26401285714,158170
12/08/2022,2207.394871285,2228.03029300308,2196.03546846423,2209.97429899976,187340
16/08/2022,2230.2128856848,2259.9755131628,2221.48251495792,2253.37813073851,407096
17/08/2022,2261.959688328,2289.09328371211,2254.0229876672,2265.08476421319,465269
18/08/2022,2261.959688328,2316.32608785448,2257.19766793152,2304.47064124241,512571
19/08/2022,2311.66327621626,2349.01537370115,2253.97338328807,2332.24909355521,822726
22/08/2022,2341.27709055687,2341.27709055687,2259.03302995933,2264.88634669667,517330
23/08/2022,2246.68153955596,2297.57563254334,2246.68153955596,2277.88269402873,406760
24/08/2022,2277.8330896496,2291.722315806,2262.50533649843,2283.43838449129,363437
25/08/2022,2288.2500092669,2290.7302282234,2263.10058904799,2266.12645617492,306034
26/08/2022,2270.8884765714,2287.90277861299,2259.52907375063,2267.4161700323,582197
29/08/2022,2256.0071628324,2279.8172648148,2253.13010884286,2270.49164153836,360252
30/08/2022,2281.50381370522,2286.51385599735,2267.16814813665,2281.50381370522,915785
01/09/2022,2276.54337579222,2296.03789679031,2271.880564154,2278.18032030351,282890
02/09/2022,2286.761877893,2289.09328371211,2258.18975551412,2271.93016853313,1374277
05/09/2022,2285.67058155214,2286.761877893,2266.920126241,2270.04520212619,245656
06/09/2022,2278.8251772322,2336.26704826474,2262.35652336104,2311.51446307887,1018694
07/09/2022,2321.484943284,2427.58871024307,2310.5719798754,2386.31786680691,2631230
08/09/2022,2401.69522433721,2433.0947963265,2385.970636153,2401.99285061199,1047830
09/09/2022,2428.6304022048,2488.10605278167,2333.43959865433,2346.88238539856,1690337
12/09/2022,2356.208008675,2494.75303958509,2321.73296517965,2481.06223094521,1990854
13/09/2022,2493.51293010684,2572.43349730267,2490.23904108426,2552.44293251328,2058195
14/09/2022,2529.87294000913,2762.963917541,2520.99375614486,2721.49465658832,4456168
15/09/2022,2748.13220818113,2753.88631616021,2661.7709841158,2725.95905071002,2083853
16/09/2022,2728.24085215,2733.201290063,2538.00805818645,2590.8367219599,2154427
19/09/2022,2603.2378167424,2700.36319107894,2556.6097003602,2620.20251440486,3716139
20/09/2022,2653.23903090544,2740.1459031412,2634.9846193856,2704.03391513456,1961065
21/09/2022,2682.50561459214,2692.5256991764,2503.13617965806,2511.17208907712,2989063
22/09/2022,2485.179394413,2558.49466676714,2441.72595829512,2535.47823485082,2337503
23/09/2022,2554.625525195,2565.0424448123,2452.63892170372,2469.20678433314,1396618
26/09/2022,2440.535453196,2456.4088545176,2331.40581911,2359.43229331845,1687672
27/09/2022,2371.089322414,2385.67300987822,2294.79778731206,2354.67027292197,1483769
28/09/2022,2335.3741694404,2389.9389864834,2307.19888209456,2331.70344538478,1257484
29/09/2022,2351.247570762,2366.128884501,2302.93290548938,2355.26552547153,1159023
30/09/2022,2351.247570762,2408.7886505528,2341.72352996904,2396.53636890769,896917
03/10/2022,2400.65353237548,2415.63405487274,2269.8963889888,2283.09115383738,1166442
04/10/2022,2336.366257023,2354.52145978458,2269.94599336793,2340.97946428209,714858
06/10/2022,2352.68609775677,2378.77800117915,2325.4532936144,2362.90459985755,690259
07/10/2022,2351.39638389939,2381.01019824,2331.40581911,2365.88086260535,567262
10/10/2022,2331.40581911,2380.91098948174,2331.40581911,2350.50350507505,383666
11/10/2022,2356.25761305413,2357.94416194455,2287.45633920082,2293.35926031729,380893
12/10/2022,2299.6590164668,2320.88969073444,2264.04307225146,2298.46851136768,611941
13/10/2022,2297.6748413016,2299.6590164668,2225.15323901354,2236.06620242214,528138
14/10/2022,2254.0229876672,2267.86260944447,2219.34952665533,2225.89730470049,446497
17/10/2022,2214.3394843632,2266.96973062013,2187.85074590778,2252.13802126026,1512370
18/10/2022,2241.1258490934,2275.05524441832,2198.4660830416,2201.69036768505,1189726
19/10/2022,2201.4423457894,2240.53059654384,2195.04338088163,2228.67514993177,724058
20/10/2022,2212.355309198,2280.8093523974,2210.32152965367,2269.49955395576,713402
21/10/2022,2253.0309000846,2281.80143998,2223.31787698573,2238.69523451603,389554
25/10/2022,2242.16754105513,2260.86839198714,2225.05403025528,2229.7168418935,383657
27/10/2022,2256.999250415,2299.6590164668,2232.59389588304,2294.6985785538,561435
28/10/2022,2296.682753719,2311.564067458,2265.9280386584,2306.05798137457,650727
31/10/2022,2328.82639139524,2378.92681431654,2309.48068353454,2371.38694868878,584214
01/11/2022,2380.0181106574,2417.12218624664,2367.66662025403,2408.83825493193,726935
02/11/2022,2410.772825718,2433.64044449693,2395.891511979,2420.693701544,460821
03/11/2022,2390.931074066,2453.97823994023,2390.931074066,2435.92224593691,406672
04/11/2022,2442.5196283612,2495.05066585987,2439.84099188818,2461.07166615582,585433
07/11/2022,2466.8257741349,2484.48493310518,2432.74756567259,2465.28803838187,470005
09/11/2022,2465.28803838187,2485.179394413,2405.76278342587,2419.05675703271,675313
10/11/2022,2408.7886505528,2444.5038035264,2359.92833710975,2373.32151947485,513144
11/11/2022,2405.61397028848,2414.49315415275,2364.1447093358,2371.73417934269,276834
14/11/2022,2381.01019824,2437.26156417342,2360.1763590054,2416.17970304317,557530
15/11/2022,2428.28317155089,2494.85224834335,2422.77708546746,2459.03788661149,1003908
16/11/2022,2444.15657287249,2491.37994180425,2422.72748108833,2446.09114365856,693470
17/11/2022,2444.5038035264,2462.80781942537,2421.23934971443,2428.77921534219,188784
18/11/2022,2436.5671028656,2450.456329022,2395.64349008335,2441.22991450382,540609
21/11/2022,2433.29321384302,2444.0077597351,2399.81025793027,2437.31116855255,433180
22/11/2022,2438.5512780308,2474.21682662527,2420.74330592313,2441.37872764121,290733
23/11/2022,2450.35712026374,2460.377204848,2424.71165625353,2439.44415685514,278487
24/11/2022,2436.5671028656,2453.4325917698,2428.33277593002,2441.87477143251,310621
25/11/2022,2449.26582392288,2495.100270239,2436.21987221169,2487.41159147385,450737
28/11/2022,2495.100270239,2522.8787225518,2480.41737401652,2507.10452998846,876480
29/11/2022,2517.9182846388,2541.7283866212,2486.1714819956,2494.15778703553,474639
30/11/2022,2497.03484102507,2549.665087282,2487.70921774863,2542.96849609945,565921
01/12/2022,2547.6809121168,2583.34646071127,2529.82333563,2556.95693101411,770271
02/12/2022,2568.5147513514,2604.87476125369,2534.783773543,2588.65412927818,816152
05/12/2022,2589.54700810252,2607.99983713888,2573.4751892644,2600.36076275286,458990
06/12/2022,2589.348590586,2635.82789383081,2587.41401979993,2600.41036713199,599147
07/12/2022,2599.12065327461,2622.88115087788,2578.03879214436,2585.33063587647,418544
08/12/2022,2581.4118899252,2613.1586925684,2581.4118899252,2600.50957589025,337427
09/12/2022,2617.1270428988,2621.49222826224,2574.36806808874,2598.7734226207,491049
12/12/2022,2594.01140222422,2632.0083566378,2574.467276847,2621.49222826224,306720
13/12/2022,2640.9371448812,2653.834283455,2622.0874808118,2638.50653030383,429720
14/12/2022,2641.97883684293,2653.834283455,2635.9767069682,2647.48492292636,226019
15/12/2022,2640.68912298555,2650.8580207072,2590.3406781686,2614.6468239423,439279
16/12/2022,2589.44779934426,2633.992531803,2574.81450750091,2596.04518176855,433332
19/12/2022,2592.27524895467,2625.01413918047,2579.62613227652,2617.6230866901,184905
20/12/2022,2614.150780151,2614.150780151,2550.21073545243,2571.9870578905,271075
21/12/2022,2584.388152673,2614.150780151,2511.27129783538,2520.84494300747,238252
22/12/2022,2519.902459804,2557.6017879428,2476.99467185655,2493.81055638162,332075
23/12/2022,2471.2901682566,2480.2189565,2337.75517963864,2355.31512985066,262926
26/12/2022,2353.2317459272,2429.1264459961,2341.326694936,2404.47306956849,480611
27/12/2022,2411.71530892147,2468.26430112967,2408.88785931106,2458.3930296828,260633
28/12/2022,2455.416766935,2457.4009421002,2428.18396279263,2435.92224593691,201331
29/12/2022,2435.575015283,2448.17452758202,2392.07197478599,2428.48158906741,352346
30/12/2022,2439.5433656134,2454.4246793524,2414.93959356492,2422.28104167616,145633
02/01/2023,2420.693701544,2447.4800662742,2417.37020814229,2420.44567964835,162920
03/01/2023,2420.74330592313,2433.5908401178,2408.7886505528,2423.37233801702,356701
04/01/2023,2430.31695109522,2463.79990700797,2380.0181106574,2390.23661275818,590726
05/01/2023,2388.4508551095,2426.05097449004,2356.55523932891,2420.89211906052,347565
06/01/2023,2415.93168114752,2437.60879482733,2381.01019824,2396.83399518247,203880
09/01/2023,2408.83825493193,2451.79564725851,2406.3084315963,2445.14866045509,291084
10/01/2023,2450.35712026374,2468.3139055088,2388.4508551095,2399.81025793027,341404
11/01/2023,2409.7807381354,2439.49376123427,2369.15475162793,2376.00015594787,327925
12/01/2023,2382.0022858226,2392.22078792338,2334.53089499519,2345.69188029944,283433
13/01/2023,2353.28135030633,2366.128884501,2344.20374892554,2348.46972553072,331339
16/01/2023,2357.59693129064,2361.6644903793,2335.8702132317,2342.71561755164,180024
17/01/2023,2343.3108701012,2352.93411965242,2307.99255216064,2327.4374687796,231181
18/01/2023,2329.62006146132,2351.247570762,2311.564067458,2346.287132849,217218
19/01/2023,2338.8464759795,2398.8677747268,2334.63010375345,2372.23022313399,422029
20/01/2023,2374.0655851618,2383.9864609878,2331.95146728043,2336.96150957256,199568
23/01/2023,2330.46333590653,2345.2950452664,2271.880564154,2305.06589379197,305955
24/01/2023,2311.564067458,2333.98524682476,2300.94873032418,2317.21896667882,178454
25/01/2023,2305.71075072066,2311.51446307887,2140.23054194298,2148.56407763682,1224929
27/01/2023,2159.32822790803,2159.7746673202,1718.89094561276,1864.87663339235,4094621
30/01/2023,1904.808158592,2051.33949454202,1785.75764868,1889.08357040779,3933685
31/01/2023,1909.768596505,1998.41162201031,1873.0613559488,1952.72598883158,1733066
01/02/2023,1983.6791214087,1992.6079096521,1736.15326955,1831.84011689177,4840022
02/02/2023,1994.096041026,1994.096041026,1753.0187584542,1826.68126146225,3416062
03/02/2023,1830.401589897,1923.90584455705,1682.48133133134,1911.50474977455,4096049
06/02/2023,1913.7369468354,1972.2701142088,1865.124655288,1953.96609830983,1358051
07/02/2023,1954.412537722,2049.30571499769,1949.74972608378,1978.27224408353,2473866
08/02/2023,1995.5841723999,2025.8428436692,1936.5549612352,1958.13286615675,1359558
09/02/2023,1953.4204501394,1953.4204501394,1876.08722307573,1900.8398082616,1491436
10/02/2023,1884.96640694,1904.3121148007,1857.1879546272,1865.52149032104,1157601
13/02/2023,1865.57109470017,1888.38910909997,1782.93019906959,1808.72447621719,1145107
14/02/2023,1810.559838245,1844.14200291601,1756.54066937243,1815.81790243278,1159351
15/02/2023,1804.6073127494,1849.99531965335,1796.86902960512,1837.49501611259,723678
16/02/2023,1850.243341549,1875.29355300965,1814.23056230062,1827.07809649529,931391
17/02/2023,1825.441151984,1850.78898971943,1798.20834784163,1824.84589943444,882626
20/02/2023,1809.5677506624,1848.15995762554,1797.6626996712,1836.00688473869,462228
21/02/2023,1843.54675036645,1853.56683495071,1805.599400332,1813.93293602584,576509
22/02/2023,1810.559838245,1812.5440134102,1706.19222455548,1738.33586223172,1237245
23/02/2023,1738.33586223172,1746.02454099687,1708.67244351198,1713.88090332063,708163
24/02/2023,1727.81973385616,1735.95485203348,1692.5014159156,1716.311517898,753146
27/02/2023,1704.4064669068,1713.3352551502,1645.8732995334,1681.39003499048,871143
28/02/2023,1681.39003499048,1759.41772336197,1658.52241621155,1717.99806678842,2034912
01/03/2023,1725.93476744922,1761.99715107673,1721.91681273969,1755.44937303157,626061
02/03/2023,1754.95332924027,1792.40463548342,1719.38698940406,1787.09696691651,1273916
03/03/2023,1835.36202781,1901.13743453638,1815.520276158,1879.06348582353,2157584
06/03/2023,1889.926844853,1917.01083585798,1840.322465723,1851.03701161508,1384486
08/03/2023,1850.34255030726,1878.76585954875,1831.19525996308,1871.5732245749,690084
09/03/2023,1880.89884785134,1880.9980566096,1834.22112709001,1845.38211239426,576543
10/03/2023,1832.3857650622,1843.94358539949,1805.40098281548,1832.28655630394,402781
13/03/2023,1851.18582475247,1852.02909919768,1751.08418766813,1755.995021202,759896
14/03/2023,1763.88211748367,1769.28899480884,1682.5805400896,1724.64505359184,903268
15/03/2023,1744.0899702108,1746.32216727165,1700.53732533466,1726.232393724,672348
16/03/2023,1721.271955811,1755.995021202,1706.48985083026,1736.45089582478,370585
17/03/2023,1760.65783284022,1760.65783284022,1709.41650919893,1716.70835293104,566675
20/03/2023,1716.311517898,1716.60914417278,1662.78839281673,1682.18370505656,449040
21/03/2023,1700.38851219727,1726.08358058661,1684.81273715045,1710.95424495196,306383
22/03/2023,1716.311517898,1732.1849192196,1711.00384933109,1724.59544921271,258724
23/03/2023,1724.2482185588,1738.33586223172,1711.351079985,1724.54584483358,448459
24/03/2023,1722.2640433936,1732.13531484047,1681.14201309483,1687.39216486521,530916
27/03/2023,1687.5409780026,1695.82490931731,1667.2031825593,1671.61797230187,340663
28/03/2023,1679.6042773418,1682.5805400896,1579.94907966963,1601.17975393727,1032882
29/03/2023,1579.75066215311,1635.9524237074,1579.75066215311,1613.03520054934,1012619
31/03/2023,1627.023635464,1658.7704381072,1617.102759638,1654.00841771072,638264
03/04/2023,1661.746700855,1700.4381165764,1638.53185142216,1695.4776786634,547370
05/04/2023,1693.4935034982,1702.86873115377,1657.43111987069,1674.59423504967,696020
06/04/2023,1681.53884812787,1703.86081873637,1667.79843510886,1698.4539414112,425340
10/04/2023,1704.4064669068,1737.69100530303,1691.75735022865,1727.17487692747,407043
11/04/2023,1731.192831637,1743.99076145254,1719.08936312928,1723.65296600924,260590
12/04/2023,1732.03610608221,1754.5068898281,1722.85929594316,1744.0899702108,444622
13/04/2023,1744.88364027688,1757.58236133416,1734.26830314306,1753.56440662463,647769
17/04/2023,1753.56440662463,1774.00141082619,1739.97280674301,1770.23147801231,768051
18/04/2023,1774.8446852714,1774.8446852714,1731.192831637,1746.17335413426,592829
19/04/2023,1751.034583289,1761.79873356021,1729.05984333441,1735.45880824218,372749
20/04/2023,1736.15326955,1744.98284903514,1721.271955811,1724.34742731706,256370
21/04/2023,1728.16696451007,1730.99441412048,1699.19800709815,1704.35686252767,346777
24/04/2023,1706.29143331374,1726.232393724,1696.76739252078,1720.92472515709,258999
25/04/2023,1721.271955811,1737.1453571326,1713.08723325455,1722.41285653099,258998
26/04/2023,1725.2403061414,1735.11157758827,1716.36112227713,1724.94267986662,260778
27/04/2023,1731.09362287874,1744.0899702108,1718.39490182146,1736.99654399521,273621
28/04/2023,1711.20226684761,1759.86416277414,1686.54889042,1748.90159498641,866675
02/05/2023,1750.83616577248,1762.9396342802,1736.69891772043,1750.19130884379,503277
03/05/2023,1749.10001250293,1759.9633715324,1705.15053259375,1729.80390902136,478140
04/05/2023,1728.2165688892,1757.9791963672,1728.2165688892,1752.32429714638,283120
05/05/2023,1756.9871087846,1770.876334941,1736.15326955,1750.68735263509,566808
08/05/2023,1760.75704159848,1764.82460068714,1741.113707463,1752.67152780029,582663
09/05/2023,1760.4594153237,1769.83464297927,1738.1374447152,1745.37968406818,431605
10/05/2023,1751.034583289,1751.58023145943,1732.73056739003,1737.29417026999,332924
11/05/2023,1739.57597170997,1794.6864369234,1738.1374447152,1772.01723566099,1119753
12/05/2023,1781.54127645395,1820.480714071,1765.915897028,1783.7734735148,1171091
15/05/2023,1790.66848221387,1798.50597411641,1749.34803439858,1785.65843992174,366238
16/05/2023,1789.7259990104,1798.1587434625,1766.06471016539,1769.3882035671,219099
17/05/2023,1771.8684225236,1789.7259990104,1729.50628274658,1744.23878334819,470809
18/05/2023,1749.0504081238,1764.87420506627,1690.96368016257,1698.90038082337,647641
19/05/2023,1706.34103769287,1727.57171196051,1691.509328333,1715.36903469453,492673
22/05/2023,1720.23026384927,1828.71504100658,1717.25400110147,1799.05162228684,2232532
23/05/2023,1814.37937543801,1852.2275167142,1795.678524506,1805.05375216157,1668192
24/05/2023,1800.638962419,1814.5281885754,1761.99715107673,1766.31273206104,736922
25/05/2023,1766.31273206104,1774.8446852714,1741.21291622126,1764.08053500019,543016
26/05/2023,1775.836772854,1795.678524506,1759.51693212023,1770.876334941,373972
29/05/2023,1780.797210767,1793.6943493408,1765.17183134105,1780.20195821744,389902
30/05/2023,1780.20195821744,1801.1350062103,1771.3723787323,1784.17030854784,345429
31/05/2023,1784.17030854784,1794.6864369234,1747.95911178294,1763.13805179672,1373412
01/06/2023,1767.9000721932,1809.27012438762,1766.61035833582,1786.05527495478,542023
02/06/2023,1795.62892012687,1804.6073127494,1776.08479474965,1801.23421496856,819953
05/06/2023,1806.5914879146,1812.0479696189,1792.2062179669,1796.12496391817,539080
06/06/2023,1800.638962419,1849.2512539664,1800.638962419,1841.61217958038,1431557
07/06/2023,1847.2670788012,1855.203779462,1824.4490644014,1837.09818107955,494896
08/06/2023,1849.2512539664,1852.62435174724,1805.64900471113,1819.04218707623,663101
09/06/2023,1826.4332395666,1831.3936774796,1810.559838245,1822.76251551098,395254
12/06/2023,1826.68126146225,1833.32824826567,1811.75034334412,1824.00262498923,213874
13/06/2023,1830.401589897,1844.7868598447,1821.27438413708,1832.33616068307,375850
14/06/2023,1835.8580716013,1845.18369487774,1827.9213709405,1840.17365258561,250046
15/06/2023,1844.2908160534,1854.7077356707,1830.50079865526,1835.36202781,557113
16/06/2023,1835.36202781,1852.62435174724,1833.52666578219,1840.76890513517,317296
19/06/2023,1850.243341549,1850.59057220291,1796.72021646773,1810.95667327804,411272
20/06/2023,1814.32977105888,1826.4332395666,1796.1745682973,1823.65539433532,362678
21/06/2023,1830.401589897,1837.3462029752,1816.26434184495,1831.24486434221,421375
22/06/2023,1831.24486434221,1835.80846722217,1815.520276158,1817.25642942755,444033
23/06/2023,1815.520276158,1816.06592432843,1746.76860668382,1752.91954969594,1080901
26/06/2023,1757.9791963672,1782.58296841568,1740.1216198804,1778.11857429398,361121
27/06/2023,1785.46002240522,1787.7418238452,1761.4515029063,1774.44785023836,698909
28/06/2023,1773.8525976888,1812.44480465194,1773.8525976888,1798.00993032511,552136
30/06/2023,1805.54979595287,1813.28807909715,1786.35290122956,1799.34924856162,614896
03/07/2023,1809.51814628327,1820.480714071,1798.45636973728,1810.65904700326,445138
04/07/2023,1814.18095792149,1817.45484694407,1800.24212738596,1806.04583974417,307740
05/07/2023,1820.28229655448,1820.28229655448,1795.72812888513,1806.39307039808,268278
06/07/2023,1806.5914879146,1813.13926595976,1795.678524506,1805.94663098591,295412
07/07/2023,1812.7771398056,1812.7771398056,1779.8710391903,1786.40240158515,1083059
10/07/2023,1786.9009788672,1801.8582973287,1770.54764401596,1789.59329619027,516907
11/07/2023,1799.76427274409,1799.76427274409,1773.28981906723,1778.17587643133,552422
12/07/2023,1783.9095151749,1789.8425848313,1759.13022425702,1784.55766564157,641496
13/07/2023,1784.906669739,1791.38817440565,1759.27979744163,1765.46215573905,440574
14/07/2023,1770.99636356981,1777.17872186723,1765.21286709803,1772.44223768775,190205
17/07/2023,1783.26136470823,1814.57201802098,1775.9322786621,1806.34549286715,414958
18/07/2023,1810.7828306774,1813.47514800047,1784.15880381593,1789.99215801591,503572
19/07/2023,1799.8141304723,1799.8141304723,1786.40240158515,1794.9280731082,200726
20/07/2023,1804.70018783638,1804.849761021,1782.9123606108,1795.32693493385,409980
21/07/2023,1798.26854089794,1798.26854089794,1757.63449241087,1761.67296839547,365608
24/07/2023,1772.39237995955,1810.8326884056,1768.55333488776,1799.46512637486,532719
25/07/2023,1804.849761021,1889.6078989695,1804.849761021,1886.36714663617,2498279
26/07/2023,1894.5438140618,1921.01826773865,1868.51807993878,1917.02964948225,1090375
27/07/2023,1921.5168450207,1949.4371728155,1894.59367179,1934.97843163605,1426409
28/07/2023,1944.451399995,1968.73211363083,1908.15497386176,1943.35452997449,2036905
31/07/2023,1939.4656271745,2025.2209196871,1927.79891877453,2012.15819489739,1323856
01/08/2023,2008.96730029227,2023.2266105589,1974.56546783082,2004.87896657946,522582
02/08/2023,2001.2892101487,2020.93315506147,1955.91867748215,1965.64093448212,677137
03/08/2023,1966.58823131802,2044.166856405,1944.451399995,2022.37902917942,1104713
04/08/2023,2033.2480139281,2046.65974281525,2010.06417031278,2036.93748581528,525513
07/08/2023,2036.93748581528,2044.91472232807,2006.37469842561,2025.27077741531,286662
08/08/2023,2010.81203623585,2027.01579790248,1961.4030275847,1995.2564250359,450388
09/08/2023,1995.2564250359,2003.2835192769,1970.27770320519,1981.49569205132,187614
10/08/2023,1984.337582559,1988.97435128207,1944.451399995,1955.3702424719,294347
11/08/2023,1941.5097940309,1967.68510133853,1921.76613366173,1948.09101415397,651697
14/08/2023,1944.10239589757,1944.10239589757,1899.5794446105,1904.91422152844,307784
16/08/2023,1899.5794446105,1899.5794446105,1874.650580508,1886.76600846182,288181
17/08/2023,1887.6135898413,1903.46834741049,1875.6477350721,1895.44125316948,234693
18/08/2023,1889.6078989695,1950.3844696514,1877.6420442003,1928.59664242581,730944
21/08/2023,1928.69635788222,1973.3688823539,1928.64650015402,1966.338942677,561719
22/08/2023,1969.52983728212,1986.88032669746,1958.3617061642,1973.46859781031,407798
23/08/2023,1974.26632146159,1982.09398478978,1947.99129869756,1959.65800709753,555199
24/08/2023,1969.3802640975,2001.2892101487,1950.83318920524,1984.68658665643,362009
25/08/2023,1974.366036918,1974.366036918,1939.4656271745,1956.96568977446,563552
28/08/2023,1964.394491277,1993.11254272308,1951.13233557447,1979.60109837952,451894
29/08/2023,1979.60109837952,1991.66666860513,1970.42727638981,1976.16091513338,352542
30/08/2023,1975.46290693851,2005.17811294869,1960.4058730206,1994.85756321025,649837
31/08/2023,1981.3461188667,2024.37333830762,1927.15076830787,2000.04276694358,8298767
01/09/2023,1994.3091282,2031.85199753837,1984.337582559,2005.52711704613,511773
04/09/2023,2006.42455615382,2059.0743171383,2006.42455615382,2052.79224338447,929654
05/09/2023,2050.74807652806,2098.0132028664,2039.1810835845,2078.66840432286,770177
06/09/2023,2078.0701115844,2078.61854659466,2031.90185526657,2037.68535173835,801557
07/09/2023,2039.1312258563,2045.1640109691,2016.59553270763,2035.94033125118,669197
08/09/2023,2045.1640109691,2051.1469383537,2010.2636012256,2018.49012637942,655333
11/09/2023,2018.49012637942,2062.66407356906,2006.2749829692,2045.21386869731,666836
12/09/2023,2058.87488622548,2067.00169592289,1997.2507341641,2005.2279706769,969463
13/09/2023,2012.2080526256,2060.86919535368,1998.84618146666,2057.17972346651,500782
14/09/2023,2064.109947687,2076.17551791261,2026.61693607684,2032.50014800503,388273
15/09/2023,2044.46600277423,2048.45462103063,2015.2493740461,2021.08272824609,247463
18/09/2023,2025.52006605633,2032.2010016358,1996.3034373282,2000.99006377947,231014
20/09/2023,2000.2920555846,2000.99006377947,1962.4001821488,1974.16660600518,254921
21/09/2023,1969.3802640975,1996.45301051282,1959.65800709753,1988.12676990258,356618
22/09/2023,1993.3119736359,1995.85471777436,1962.05117805137,1972.87030507185,238415
25/09/2023,1965.3916458411,2000.2920555846,1961.80188941034,1994.40884365641,281333
26/09/2023,1995.10685185128,2020.93315506147,1989.3233553795,2009.31630438971,369560
27/09/2023,2010.46303213842,2019.48728094353,2001.08977923588,2014.00293084098,218437
28/09/2023,2014.00293084098,2025.71949696915,1977.10821196928,1990.66951404103,1420559
29/09/2023,2004.280673841,2018.2408377384,1996.45301051282,2006.52427161023,168496
03/10/2023,2010.2137434974,2034.04573757938,2003.13394609228,2029.10982248709,248293
04/10/2023,2024.223765123,2029.40896885632,1979.99996020517,2000.94020605127,554620
05/10/2023,2001.2892101487,2019.68671185635,1987.52847716412,1991.56695314873,180497
06/10/2023,1991.56695314873,2015.94738224097,1991.56695314873,2004.2308161128,153026
09/10/2023,1994.3589859282,1995.3062827641,1949.93575009755,1959.3588607283,830635
10/10/2023,1961.3531698565,1988.77492036925,1961.3531698565,1980.59825294363,123625
11/10/2023,1992.3148190718,2051.0970806255,1975.76205330774,2032.89900983067,601662
12/10/2023,2043.1697018409,2048.05575920499,2016.04709769738,2023.77504556916,190229
13/10/2023,2016.39610179482,2024.92177331787,2002.2863647128,2004.72939339485,141242
16/10/2023,2004.280673841,2031.2038470717,1996.3034373282,2025.07134650248,228407
17/10/2023,2028.46167202043,2036.1896198922,2014.35193493841,2033.79644893836,212532
18/10/2023,2035.1924653281,2038.83207948707,2002.2863647128,2008.31914982561,205829
19/10/2023,2009.2664466615,2032.84915210247,1989.3732131077,2024.77220013325,190539
20/10/2023,2015.84766678456,2026.66679380505,1950.03546555396,1957.56398251292,524895
23/10/2023,1964.394491277,1973.16945144108,1874.650580508,1891.95121219513,390084
25/10/2023,1894.59367179,1913.68918169252,1862.03657527214,1885.71899616951,660572
26/10/2023,1879.43692241568,1907.5566811233,1865.6761894311,1894.44409860538,690300
27/10/2023,1924.508308713,1930.4912360976,1865.82576261572,1872.6562713798,449396
30/10/2023,1884.622126149,1891.6022080977,1867.47106764648,1881.6306624567,162949
31/10/2023,1889.6078989695,1898.28314367717,1876.6947473644,1882.82724793362,117831
01/11/2023,1884.622126149,1891.95121219513,1831.37407242606,1838.50372755937,274912
02/11/2023,1846.48096407218,1873.70328367211,1835.96098342092,1858.84568066702,205501
03/11/2023,1872.6562713798,1884.622126149,1852.7131800978,1854.55791604138,187144
06/11/2023,1869.51523450289,1883.12639430285,1856.7017983542,1858.99525385163,203941
07/11/2023,1861.93685981573,1866.6733439952,1849.7217164055,1855.30578196446,160739
08/11/2023,1863.6818803029,1875.29873097467,1846.7302527132,1848.87413502602,189559
09/11/2023,1858.6961074824,1858.6961074824,1835.7116947799,1839.7003130363,223676
10/11/2023,1838.7530162004,1841.24590261065,1812.8269975338,1820.10622585173,259623
13/11/2023,1833.26866609785,1833.91681656452,1809.8355338415,1829.62905193888,361409
15/11/2023,1842.7416344568,1853.61061920549,1823.94527092352,1831.12478378503,274781
16/11/2023,1837.7558616363,1848.52513092858,1830.17748694914,1839.60059757989,215184
17/11/2023,1849.7217164055,1868.96679949263,1837.7060039081,1842.99092309783,257285
20/11/2023,1842.99092309783,1853.11204192344,1821.00366495942,1823.24726272865,170647
21/11/2023,1826.7871614312,1844.63622812859,1824.792852303,1834.31567839015,187241
22/11/2023,1836.80856480041,1842.09348399013,1797.8696790723,1810.08482248252,313236
23/11/2023,1821.55209996968,1821.55209996968,1800.8611427646,1814.52216029277,254690
24/11/2023,1816.8156157902,1823.7956977389,1807.8412247133,1815.31988394405,188206
28/11/2023,1824.792852303,1886.11785799515,1819.8070794825,1863.6818803029,934618
29/11/2023,1880.6335078926,1881.78023564132,1855.80435924651,1866.47391308238,398562
30/11/2023,1866.47391308238,1885.6192807131,1844.735943585,1870.21324269776,2698012
01/12/2023,1893.64637495411,1905.76180290792,1880.53379243619,1894.84296043102,465342
04/12/2023,1973.3688823539,2026.01864333838,1944.451399995,2013.75364219995,1802093
05/12/2023,2017.2436831743,2186.7599590713,2008.02000345637,2178.58329164568,3873194
06/12/2023,2194.7371955841,2211.6888231738,2107.9847485074,2122.19420104583,1764074
07/12/2023,2137.84952770219,2147.42221151756,2112.57165950226,2135.45635674836,558084
08/12/2023,2138.8965399945,2152.00912251242,2094.32373097923,2131.71702713298,524686
11/12/2023,2126.38225021504,2178.7827225585,2104.9932848151,2172.99922608672,771231
12/12/2023,2185.7628045072,2201.66741980459,2155.89802531241,2169.25989647134,542040
13/12/2023,2173.24851472774,2199.7229684046,2143.882312815,2177.98499890722,511464
14/12/2023,2192.7428864559,2244.64478151731,2186.06195087643,2227.94244256863,831020
15/12/2023,2233.57636585579,2235.12195543015,2199.7229684046,2206.05489988663,362643
18/12/2023,2225.6489870712,2234.42394723528,2204.7087412251,2230.88404853273,312895
19/12/2023,2231.6319144558,2247.5863874814,2181.47503988157,2196.48221607128,445489
20/12/2023,2202.7144320969,2210.74152633791,2064.109947687,2080.71257117927,895756
21/12/2023,2049.1526292255,2108.9819030715,2040.22809587681,2101.40352838434,505610
22/12/2023,2113.967675892,2116.90928185609,2073.0843387639,2084.80090489207,444653
26/12/2023,2093.92486915359,2123.39078652274,2086.59578310746,2107.53602895356,255820
27/12/2023,2127.9278397894,2168.71146146109,2127.9278397894,2162.37952997906,875390
28/12/2023,2173.69723428159,2175.54197022518,2151.95926478421,2164.52341229187,339907
29/12/2023,2167.7641646252,2209.29565221996,2165.47070912777,2204.95802986612,428894
01/01/2024,2205.7058957892,2253.569314866,2202.36542799947,2236.91683364553,531769
02/01/2024,2237.6148418404,2271.5180970198,2208.59764402509,2260.84854318393,534118
03/01/2024,2276.5038698403,2327.15932169658,2248.5835420455,2273.71183706082,1440573
04/01/2024,2293.25606651718,2360.51414186572,2267.08075920956,2351.48989306062,853756
05/01/2024,2351.2406044196,2396.96014118358,2333.39153772221,2370.68511841954,644750
08/01/2024,2393.22081156821,2400.25075124511,2323.12084571198,2348.04970981448,538613
09/01/2024,2365.200768317,2379.70936722465,2290.66346465052,2303.07803897357,426967
10/01/2024,2305.4213521992,2320.3786706607,2286.67484639412,2300.03671755306,184435
11/01/2024,2312.30171869149,2332.14509451708,2288.51958233771,2315.14360919918,183821
12/01/2024,2328.3559071735,2340.47133512732,2313.398588712,2325.76330530684,381875
15/01/2024,2337.3302982504,2337.3302982504,2309.11082408637,2313.79745053764,136365
16/01/2024,2302.47974623511,2320.77753248634,2275.60643073261,2287.92128959925,202836
17/01/2024,2282.4867972249,2317.3872069684,2241.25445599937,2245.39264744038,296563
18/01/2024,2239.6091509686,2260.64911227111,2194.78705331231,2253.66903032241,228207
19/01/2024,2266.5323241993,2276.65344302492,2231.18319490196,2270.62065791211,230851
23/01/2024,2302.4298885069,2304.82305946074,2193.24146373795,2201.66741980459,277970
24/01/2024,2199.7229684046,2242.05217965065,2183.768495379,2234.22451632246,213154
25/01/2024,2242.30146829167,2556.45501371138,2232.47949583529,2460.62846010137,3008170
29/01/2024,2512.87935926021,2557.7014569165,2448.0144548655,2485.80661284489,1663558
30/01/2024,2500.8636467628,2570.46503533698,2489.74537337308,2505.99899276792,957680
31/01/2024,2506.8465741474,2576.6473936344,2462.17404967572,2537.06035743963,752943
01/02/2024,2546.13446397294,2558.6986114806,2504.55311864997,2522.801047173,424201
02/02/2024,2545.53617123448,2556.60458689599,2482.914864609,2492.33797523975,240193
05/02/2024,2502.857955891,2516.31954250635,2462.62276922957,2479.12567726542,234406
06/02/2024,2478.72681543978,2525.7925108653,2462.22390740393,2521.05602668583,201246
07/02/2024,2527.7868199935,2548.7270658396,2487.70120651668,2498.42061808076,246866
08/02/2024,2509.93775329611,2532.72273508579,2496.22687803973,2503.70553727048,190668
09/02/2024,2512.829501532,2637.4738220445,2499.66706128588,2620.57205218301,1828299
12/02/2024,2638.4709766086,2683.79165154695,2603.07198958305,2628.84843506504,785117
13/02/2024,2628.05071141376,2628.05071141376,2555.55757460368,2607.16032329586,413974
14/02/2024,2591.65456982411,2639.06926934706,2577.94369456773,2612.14609611636,458027
15/02/2024,2627.55213413171,2644.404046265,2601.32696909588,2630.14473599837,261121
16/02/2024,2642.40973713679,2738.58529484424,2634.78150472143,2712.65927617764,1169085
19/02/2024,2736.1921238904,2736.1921238904,2652.83000233164,2662.90126342905,273523
20/02/2024,2666.3913044034,2707.2746415315,2649.63910772652,2679.05516736747,459876
21/02/2024,2682.345777429,2711.2632597879,2643.55646488551,2659.16193381368,383105
22/02/2024,2669.18333718288,2680.15203738798,2628.4994309676,2672.47394724441,261578
23/02/2024,2669.48248355211,2710.2661052238,2657.4169133265,2671.92551223416,419808
26/02/2024,2671.47679268031,2712.260414352,2660.45823474701,2667.03945487007,416193
27/02/2024,2659.06221835727,2680.3514683008,2652.92971778805,2661.80439340854,189689
28/02/2024,2661.80439340854,2675.71469957773,2559.6957660447,2565.92798207033,374995
29/02/2024,2562.687229737,2654.4254496342,2548.92649675242,2621.81849538813,442487
01/03/2024,2642.459594865,2697.15352270588,2628.84843506504,2687.78026980334,295468
04/03/2024,2702.288868711,2715.40145122892,2680.94976103926,2687.97970071617,246474
05/03/2024,2697.3030958905,2697.3030958905,2652.431140506,2661.15624294188,148918
06/03/2024,2657.4169133265,2665.79301166494,2589.56054523949,2634.4823583522,217355
07/03/2024,2634.4823583522,2649.29010362909,2607.85833149073,2631.29146374708,149670
11/03/2024,2637.4738220445,2669.48248355211,2627.5022764035,2634.38264289579,216685
12/03/2024,2634.4823583522,2651.78299003933,2542.79399618321,2554.31113139856,288886
13/03/2024,2557.7014569165,2568.32115302417,2347.75056344525,2382.30196909131,512003
14/03/2024,2380.2079445067,2482.21685641413,2340.52119285552,2475.03734355261,350605
15/03/2024,2475.03734355261,2516.7682620602,2419.64540751686,2495.8280162141,333506
18/03/2024,2473.04303442441,2473.04303442441,2386.24072961951,2434.60272597836,612586
19/03/2024,2435.84916918348,2442.87910886038,2368.98995566058,2396.56127935794,340416
20/03/2024,2402.19520264511,2424.53146488094,2364.30332920931,2390.87749834257,218650
21/03/2024,2422.0884361989,2443.92612115269,2393.22081156821,2431.91040865528,142027
22/03/2024,2432.10983956811,2451.0059185578,2408.67670731176,2436.29788873733,328757
26/03/2024,2423.085590763,2470.15128618852,2422.68672893736,2443.028682045,186745
27/03/2024,2456.9389882142,2492.88641025,2441.58280792706,2447.11701575781,357536
28/03/2024,2470.9490098398,2497.8721830705,2446.21957665012,2484.61002736797,326365
01/04/2024,2502.857955891,2548.37806174217,2489.99466201411,2537.30964608066,436532
02/04/2024,2547.7299112755,2650.4368313778,2538.60594701398,2641.11343620347,493639
03/04/2024,2617.5307307625,2649.4396768137,2598.5847940446,2626.4552641112,331703
04/04/2024,2641.36272484449,2659.11207608547,2582.73003647541,2608.80562832663,206549
05/04/2024,2607.5591851215,2621.27006037787,2556.95359099343,2567.77271801391,279335
08/04/2024,2588.51353294719,2599.5819486087,2532.772592814,2575.10180406004,311791
09/04/2024,2575.6502390703,2590.90670390103,2507.8437287115,2517.11726615763,441705
10/04/2024,2517.11726615763,2534.7669019422,2506.59728550638,2517.51612798327,168415
12/04/2024,2517.51612798327,2525.29393358325,2453.000227686,2461.27661056803,262400
15/04/2024,2457.9860005065,2471.54730257826,2400.20089351691,2435.50016508604,228287
16/04/2024,2415.20806970661,2450.0087639937,2407.1311177374,2435.69959599887,287633
18/04/2024,2472.943318968,2476.98179495261,2393.32052702462,2405.1368086092,228173
19/04/2024,2389.1823355836,2410.07272370149,2361.2620077888,2398.30629984512,312710
22/04/2024,2420.54284662454,2420.54284662454,2363.45574782982,2396.71085254256,572343
23/04/2024,2421.0912816348,2455.79226046548,2394.46725477333,2445.62128391166,450921
24/04/2024,2459.9803096347,2566.6758479934,2459.9803096347,2549.12592766524,885613
25/04/2024,2560.59320515239,2602.12469274716,2508.34230599355,2572.25991355236,2388925
26/04/2024,2599.63180633691,2602.573412301,2508.8408832756,2525.84236859351,1110755
29/04/2024,2527.7868199935,2554.21141594215,2508.89074100381,2518.21413617814,725621
30/04/2024,2543.7412930191,2547.43076490627,2517.8152743525,2524.59592538838,431087
02/05/2024,2536.7612110704,2544.7384475832,2514.32523337815,2522.25261216274,477663
03/05/2024,2537.45921926527,2556.7043023524,2495.92773167051,2524.19706356274,521596
06/05/2024,2538.7555201986,2544.14015484474,2474.9376280962,2482.41628732695,477174
07/05/2024,2482.914864609,2509.04031418842,2415.1083542502,2429.51723770145,588553
08/05/2024,2429.56709542965,2448.0144548655,2414.16105741431,2432.65827457836,396644
09/05/2024,2436.49731965015,2447.91473940909,2396.1624175323,2409.27500005022,316035
10/05/2024,2420.0941270707,2432.80784776298,2348.74771800934,2353.43434446062,547547
13/05/2024,2367.2449351734,2371.18369570159,2324.91572392736,2357.02410089137,320038
14/05/2024,2368.2420897375,2462.37348058854,2368.2420897375,2456.49026866035,747111
15/05/2024,2470.8991521116,2494.8807193782,2444.32498297833,2482.06728322951,474968
16/05/2024,2491.68982477308,2493.23541434743,2454.09709770651,2479.02596180901,444321
17/05/2024,2485.25817783463,2520.7568803166,2479.12567726542,2514.77395293199,451244
21/05/2024,2518.76257118839,2552.61596863959,2475.83506720389,2520.65716486018,322930
22/05/2024,2523.7982017371,2540.89940251142,2487.9006374295,2536.11306060374,396208
23/05/2024,2542.54470754218,2620.47233672659,2510.93490786021,2608.95520151124,789007
24/05/2024,2612.544957942,2655.22317328548,2590.50784207539,2601.82554637793,746571
27/05/2024,2607.5591851215,2617.33129984968,2565.62883570109,2577.74426365491,374739
28/05/2024,2575.60038134209,2586.22007744976,2544.7384475832,2563.23566474726,302161
29/05/2024,2557.65159918829,2562.687229737,2516.66854660378,2529.28255183965,463000
30/05/2024,2521.55460396788,2537.7583656345,2477.97894951671,2489.84508882949,241520
31/05/2024,2507.8437287115,2562.78694519341,2490.94195885001,2539.15438202424,581377
03/06/2024,2662.402686147,2695.00964039307,2595.99219217794,2675.16626456748,1017937
04/06/2024,2672.3243740598,2672.3243740598,2143.882312815,2275.55657300441,1495201
05/06/2024,2343.26336790679,2418.0998179425,2229.93675169683,2394.76640114256,662576
06/06/2024,2424.68103806556,2499.06876854742,2424.68103806556,2446.56858074756,475470
07/06/2024,2460.37917146034,2500.61435812178,2444.42469843474,2491.98897114231,329255
10/06/2024,2512.28106652174,2558.6986114806,2491.98897114231,2535.86377196271,425202
11/06/2024,2567.6730025575,2567.6730025575,2537.85808109091,2556.30544052676,516274
12/06/2024,2557.75131464471,2631.4908946599,2544.53901667038,2616.93243802404,692186
13/06/2024,2634.4823583522,2636.4766674804,2603.17170503946,2628.30000005478,384618
14/06/2024,2664,2714,2651.15,2661.7,706685
18/06/2024,2694,2694.55,2646.4,2652,201421
19/06/2024,2653,2657.2,2590.55,2621.55,226033
20/06/2024,2635,2641.2,2611.55,2622.65,321036
21/06/2024,2637,2650,2579,2590.2,291043
24/06/2024,2585,2596.6,2519.05,2588.25,331999
25/06/2024,2608,2608,2549.2,2569.7,680725
26/06/2024,2575,2654,2562.05,2590.9,1036940
27/06/2024,2571.05,2671.85,2571,2637,963244
28/06/2024,2641.25,2650,2612.65,2619.05,328851
01/07/2024,2634.75,2769,2619.1,2749.6,895260
02/07/2024,2768,2844,2720.3,2772.25,1487394
03/07/2024,2788.85,2798,2749.8,2767.6,380778
04/07/2024,2773,2791.25,2675,2725.5,602032
05/07/2024,2734,2740.25,2648.45,2669.5,363575
08/07/2024,2670.1,2708.25,2661.5,2673.05,359425
09/07/2024,2673.05,2714.7,2644.05,2685.8,421750
10/07/2024,2696,2696,2586.5,2653.05,348232
11/07/2024,2680,2740,2653.3,2664.4,758235
12/07/2024,2670,2712.25,2662.7,2686.15,285276
15/07/2024,2690,2724.35,2686.7,2695.7,198532
16/07/2024,2707,2744.25,2695.3,2715.85,446114
18/07/2024,2716.5,2719.9,2671.15,2686.45,351258
19/07/2024,2678,2687,2596.15,2619.8,393251
22/07/2024,2621,2670.9,2620,2635.05,275075
23/07/2024,2640,2699.9,2556.8,2646.55,681428
24/07/2024,2647,2659.8,2612.9,2619.35,237514
25/07/2024,2619,2619,2571.05,2578.9,432019
26/07/2024,2599,2640.35,2583.75,2614.15,410895
29/07/2024,2640,2691.9,2589.3,2604.3,833787
30/07/2024,2560,2614.75,2525,2590.75,933857
31/07/2024,2590.75,2611,2570,2590.65,456361
01/08/2024,2590,2590.55,2483,2487.9,1165948
02/08/2024,2484.95,2485,2431,2435.3,674689
05/08/2024,2415,2443.4,2342,2380.6,680437
06/08/2024,2400,2428,2336,2342.35,430887
07/08/2024,2379.8,2403.15,2365.5,2396.1,332764
08/08/2024,2394.55,2395,2350,2357.2,226629
09/08/2024,2375.6,2382.15,2341.05,2351.55,192288
12/08/2024,2315,2340,2292.9,2313.6,605271
13/08/2024,2333,2366.2,2300.05,2304.8,347684
14/08/2024,2314.4,2322,2267.7,2281.95,179492
16/08/2024,2300,2339.9,2290.5,2337.9,192352
19/08/2024,2349,2354.95,2329,2347.45,170480
20/08/2024,2355,2364.95,2319.9,2325.75,329779
21/08/2024,2330.95,2342.3,2316.1,2325.15,227691
22/08/2024,2339,2363.3,2316.55,2348.6,323227
23/08/2024,2372,2377.95,2312.65,2323.75,449614
26/08/2024,2344,2350,2320,2343.3,195372
27/08/2024,2345,2357.5,2335.25,2348.25,137747
28/08/2024,2358,2358,2326,2330.35,142265
29/08/2024,2334.8,2334.8,2286.7,2310.2,552439
30/08/2024,2323.75,2339,2312.15,2329.15,173170
02/09/2024,2338.8,2343.15,2322.7,2336.15,144030
03/09/2024,2345,2350.2,2325.25,2341.3,254851
04/09/2024,2330,2357,2318,2348.55,230090
05/09/2024,2363,2449.9,2360,2419.8,1321066
06/09/2024,2422.8,2446,2368.6,2429.4,914785
09/09/2024,2434.35,2465,2387.4,2458.7,452538
10/09/2024,2458.7,2465.9,2434.05,2443.35,166581
11/09/2024,2445.05,2474,2430,2440.65,482136
12/09/2024,2445.1,2475,2423.4,2467.4,270892
13/09/2024,2471.75,2524.95,2453.3,2517.45,611308
16/09/2024,2517.45,2533.5,2499.5,2512,217216
17/09/2024,2512,2517,2486.05,2506.7,369014
18/09/2024,2500,2523.55,2454.05,2477.4,174625
19/09/2024,2490,2492,2416,2442.85,197882
20/09/2024,2449,2458.1,2413.4,2443.2,527393
23/09/2024,2458.4,2500,2434.6,2486.3,357027
24/09/2024,2500,2500,2454.8,2467.65,425562
25/09/2024,2472.95,2492.05,2448,2455.9,205681
26/09/2024,2472.95,2492.05,2448,2455.9,205681
